id,bilissel_performans_skoru
1,6.094939353957781
2,6.5607696652856555
3,2.96906522084846
4,7.274013735956243
5,3.7968815805222733
6,5.423717362067556
7,3.431870360209456
8,7.515399350853546
9,3.7583111340681894
10,3.6189991985256054
11,8.680240477370111
12,4.144393814011081
13,6.405060768701409
14,6.813829520321006
15,5.768707594809912
16,4.3378763255807975
17,7.238148743009865
18,8.14819090389203
19,7.319124513091241
20,5.108155485730972
21,4.1957968399367145
22,7.366932183960053
23,2.791173595914759
24,5.165865479558813
25,7.16047949143267
26,6.856452751026628
27,7.135225816135409
28,8.000940657290483
29,4.236564578768425
30,7.691281036819508
31,6.928854773618305
32,6.500082798441929
33,5.4704457607568795
34,5.098136142671472
35,4.428339690044117
36,5.48508783614994
37,4.744019369660454
38,5.802860969150631
39,7.483658813627194
40,8.029979190793178
41,6.513080373124105
42,6.190542524319574
43,6.87939237527927
44,5.538891885632224
45,8.954689987869315
46,1.7138087225350076
47,5.234411215041479
48,6.503954047831129
49,4.902316360895295
50,7.847493802966477
51,7.32365635409087
52,3.252842022858344
53,6.932288970041883
54,7.3500125878233264
55,4.200296787512397
56,5.903226388143454
57,2.55273225643719
58,3.5460639174722455
59,4.728493731866456
60,4.066885097210933
61,8.857130225817917
62,8.484313154491128
63,7.4695377296749585
64,5.535632868198959
65,4.6556031412195775
66,6.020238330064911
67,4.8219746598059015
68,5.456491947187383
69,7.493044271152603
70,3.0391981774887262
71,4.406653923735805
72,8.350652316543002
73,8.267948063653687
74,5.823125350881969
75,2.813393704940408
76,7.40912560161844
77,4.548053470441116
78,3.880048676276235
79,8.698589023759094
80,5.7988897181907735
81,4.031487277552891
82,4.8924002098722745
83,6.328973952121523
84,7.3576297862808815
85,5.898634199922541
86,7.077753512236729
87,7.238596292234764
88,7.2701776541645575
89,3.1495617751615486
90,8.2906901064039
91,4.036769251412732
92,2.8520562591355176
93,5.973214886823609
94,7.780499885316193
95,5.777844646782017
96,7.6865124979899955
97,4.795527094957245
98,3.756426658319583
99,5.974765988854047
100,8.816181502047192
101,5.35037956037985
102,5.935526312336816
103,5.349695757544137
104,3.6503067108243794
105,6.166206586017502
106,5.835370875643996
107,8.09314625904104
108,8.678431925213195
109,7.965795359123909
110,8.176927336808397
111,4.023489183899023
112,2.991235948825357
113,6.582651529013497
114,5.717482133144352
115,7.100710278806746
116,8.056979250985387
117,7.969597514269544
118,7.3860828579063975
119,8.668872182678827
120,3.6828196143572156
121,1.4515397705835311
122,6.101813561078924
123,7.172079422345745
124,3.695420315537508
125,3.2661385365188127
126,8.032233732337492
127,4.484621338264525
128,6.885452130219636
129,4.649210655704731
130,8.202658175295706
131,5.728388248340191
132,5.986868531140206
133,4.579259425089411
134,6.788855179674175
135,7.3354809812820445
136,7.428875292415958
137,7.507935243136897
138,6.566967646383589
139,4.653441736306679
140,6.421080468482136
141,7.337292927244242
142,4.924815954486719
143,3.533415177323313
144,4.563780714235599
145,5.781268331665611
146,8.347041564210917
147,6.1656929950084605
148,7.9779115885270695
149,3.753759781619792
150,6.775813246303439
151,7.9131421188472615
152,2.5061410701914233
153,4.668708100377894
154,7.755035201426297
155,5.826297306329143
156,8.545231942293196
157,4.664013280920595
158,4.7274800421976035
159,4.776925199801382
160,4.647702896314349
161,4.151896175940856
162,6.385821762155887
163,4.453797644130422
164,3.934525920905988
165,8.687163637328457
166,5.981235517014732
167,8.124608492053074
168,3.996979734661686
169,7.831088453776657
170,7.656335895028546
171,6.727552538591716
172,7.591227399905147
173,3.5529633214953398
174,4.664391166951854
175,8.059037596482959
176,6.300627791704926
177,6.425617331421784
178,5.8490126522466594
179,1.2660459635431978
180,6.087747306743795
181,4.008056148367113
182,3.433828336308653
183,3.7593018428681457
184,4.176558236864546
185,8.802911683271176
186,6.034873323311946
187,4.631674661971202
188,9.230535572875107
189,5.909172846648134
190,5.892262671144097
191,4.0380380196860095
192,2.8381383325118437
193,5.506610370931085
194,4.124864355650973
195,8.930796712530555
196,8.013799559387486
197,6.820094225769186
198,7.339151354409815
199,6.855120041829065
200,3.042675004777004
201,8.44520409919331
202,6.623177292454886
203,5.681778850190022
204,4.432700254237153
205,8.623553428386499
206,6.067465251349701
207,6.292404296538132
208,3.8284025038001004
209,6.255601115095784
210,6.339297168276388
211,4.561590724110317
212,8.315901971579164
213,2.9938854047595607
214,5.194980480177718
215,6.343989565478128
216,9.265965902114337
217,8.6030007776582
218,4.4654559502138635
219,5.532599433594011
220,5.038618068136661
221,0.9694952029430814
222,5.334057090685849
223,2.5454205013571123
224,8.162720669687126
225,6.033054996884695
226,7.979116272630405
227,7.633392482720214
228,5.3970211322432275
229,3.7615726368437366
230,2.9499118333558245
231,7.322126046792399
232,7.33181958162223
233,3.8491375927173093
234,1.541775896620359
235,6.722647394527045
236,5.559468218494406
237,6.985759846673344
238,5.620359608190176
239,7.466429723528268
240,3.986798665889103
241,8.997984037620977
242,6.5494417586619695
243,4.519072051180671
244,4.690905817021902
245,4.533211686632181
246,1.7973238973945276
247,7.869696628834575
248,5.81111366173027
249,7.215232966614034
250,8.588299826278444
251,6.268745678473576
252,6.869293816077657
253,7.303527078918064
254,5.478462740027451
255,1.9969408664480763
256,9.043044642007537
257,4.566270799972286
258,4.689258538654911
259,6.436101827717559
260,6.239681093971927
261,2.345647391956459
262,5.436364241702162
263,5.73409663730408
264,4.935669122665819
265,4.601927769277374
266,5.886417226807801
267,4.236342329448207
268,8.986367023058229
269,7.3466643901565964
270,1.9415813341232662
271,4.922958581943568
272,9.377240216959338
273,3.6863458048972926
274,5.960382263254333
275,8.995671009057293
276,6.017982459085501
277,9.270656095919204
278,5.381434325728354
279,3.7177446059448265
280,2.485794700987028
281,5.151135289344106
282,8.937359099786043
283,6.19701803799069
284,6.124795384937029
285,7.75515484985568
286,3.5227674662546673
287,3.478485446465129
288,8.257178611319402
289,3.6234640078906573
290,4.618491662095748
291,3.1436957968680237
292,3.9337781057994894
293,5.3189815173736115
294,8.878429583203426
295,7.345364952279189
296,4.6394429898360965
297,6.32870603472492
298,7.497793252726856
299,4.690353748311906
300,4.308621762367895
301,8.666484827534585
302,3.100123534308172
303,7.573043530386527
304,3.627123488701088
305,8.777280514514182
306,8.026631418475263
307,6.911575770317477
308,5.1088467714625185
309,5.0552575310461405
310,4.43842190250361
311,5.570175731839803
312,5.179926302894762
313,9.574080956332374
314,6.961503483935852
315,5.507457369391395
316,5.766462488867583
317,2.6740368300864255
318,5.658457938433127
319,5.2130537613384185
320,4.387482749245524
321,5.584131398202991
322,5.400788921327837
323,3.7472609785524904
324,4.985608536361402
325,7.767889809723608
326,7.5878718434188155
327,6.506527796835246
328,7.086672716144844
329,3.870050903155191
330,8.951075650646857
331,9.156477139075925
332,6.855926462837704
333,4.608035588792438
334,9.017494118435666
335,6.685382440100263
336,6.0625015615095
337,5.292250545410541
338,7.7348946810261445
339,5.018643018122782
340,7.102763167810662
341,3.9111015305666297
342,2.31978210726638
343,6.982288552789777
344,4.556038475022934
345,5.53176895682669
346,6.097183725623081
347,5.7511629348274775
348,6.136580135471852
349,4.717274616556685
350,4.294385383751292
351,6.397646679627104
352,4.346541203703943
353,7.170667555957664
354,6.315443077118389
355,3.5863573639686734
356,5.677640663512164
357,6.55552117842553
358,5.647841357764734
359,3.457620251122174
360,8.386434907979062
361,6.404644704627205
362,5.236056606028747
363,2.237535506678442
364,3.1988996293254157
365,6.808757557651855
366,5.480022619410499
367,3.8181425763551182
368,6.917385185317282
369,6.405936697499544
370,3.85366701934931
371,8.49417861024429
372,6.35602531167007
373,6.513848457747295
374,4.010750647263523
375,6.244641330526724
376,7.627156528959931
377,5.972298609449184
378,8.175358978516245
379,6.680926860011162
380,8.710538271594135
381,8.8851665224296
382,3.254378473309772
383,4.125052635939384
384,6.535726582596717
385,7.704755264202624
386,6.4556555210498745
387,9.338647966386029
388,7.828251068503488
389,9.705933434790152
390,6.203058188951373
391,5.206816343470568
392,3.6688326442427317
393,4.0653837458240325
394,8.835360046717117
395,5.1682259823793615
396,5.568133520296515
397,5.931826044728165
398,0.5180958892767027
399,8.661434380184273
400,6.570761431696089
401,7.617144152760325
402,3.5025899037830137
403,4.153582962263421
404,6.81853273762114
405,8.108924621809084
406,4.00041020918083
407,5.530372066726424
408,5.758162528327456
409,6.199588355049211
410,5.294884842769621
411,4.743506620199456
412,6.90858027464426
413,5.5248762140797165
414,6.316248169218624
415,5.254211557413507
416,5.13011058481051
417,5.081495725080475
418,6.102299694693074
419,6.054158401377673
420,2.9278417585812093
421,4.040174403014132
422,6.502583518954678
423,4.665349935230984
424,3.025997963663741
425,6.2665663569923
426,5.076552915140578
427,3.524107467885242
428,4.192809459451375
429,6.297963195779018
430,6.065945098159091
431,7.72860793340142
432,6.565233515631266
433,7.697542289721716
434,4.336637138614875
435,4.902807945923588
436,4.205292247782467
437,6.481500732659248
438,7.394971657605772
439,3.94375533897529
440,7.777137554240232
441,7.805148050331624
442,2.651455813655549
443,6.232717360104707
444,5.195929249543253
445,2.200425686408419
446,3.5123461694242235
447,7.980208494915818
448,2.019851793932259
449,8.821858361109054
450,6.163908086137223
451,7.826615236824749
452,7.054593601645998
453,8.281211822190295
454,5.335972977302601
455,4.653837722890404
456,7.738602691694302
457,5.276590074020634
458,4.9115463130567445
459,6.349362635438652
460,6.630092104805314
461,4.135615260790186
462,7.385135271224473
463,8.907592131420365
464,4.967302922954361
465,5.613750011836898
466,8.184496022775624
467,6.548921983952015
468,5.687652269413409
469,5.0307482536635995
470,6.282124130590398
471,5.821807006372158
472,6.8817421451966965
473,8.656490601057673
474,4.444951906897068
475,4.55308004635348
476,4.828115351674583
477,7.481600207030096
478,6.49093051564056
479,8.119923229362431
480,4.308634794410774
481,6.566702652193675
482,8.412578409899181
483,4.727227570075358
484,5.853420273143081
485,7.727670445253905
486,7.2804038629907355
487,2.422930031772509
488,6.657407997605646
489,6.663233416761991
490,5.840221118321867
491,9.94606824061183
492,2.7722014985633043
493,6.35221835545879
494,1.1195983351196905
495,6.109016670458202
496,6.910206122558247
497,6.89068253694612
498,7.427384331181513
499,3.7857333022819297
500,6.643798709923161
501,4.904641689036402
502,4.731180620334571
503,8.307559805789847
504,4.913070831703211
505,3.44775179132717
506,5.260487102047729
507,7.589016246353822
508,6.359648727246531
509,8.400462681945946
510,2.3860823297308627
511,8.421829288836332
512,6.519922181675731
513,4.281003923222892
514,6.8853599572606035
515,4.999993678821613
516,8.978842173338846
517,4.959071774903114
518,6.3250599997077295
519,4.074401652220136
520,3.7173512380908544
521,7.826166869637083
522,5.869340928563749
523,1.7908755884165486
524,9.061149476483033
525,7.394493874897355
526,4.436940727129842
527,4.513387782652465
528,3.4657465409589223
529,7.610230158013797
530,7.44115439900882
531,6.276029565206271
532,2.1332993587934674
533,9.054636132785472
534,8.557576254297285
535,6.719634475231751
536,6.102434091014358
537,6.919661169118552
538,8.782257877662756
539,2.9375412766503595
540,4.539790166620123
541,5.694894469979432
542,7.337551457750196
543,8.482479030312621
544,6.865639006107539
545,9.688650934727018
546,4.7433468126178475
547,4.6070537344478835
548,7.216773351464555
549,6.508685291569002
550,7.277070044312854
551,4.646043712203142
552,7.300796146830439
553,8.9097674848538
554,6.384753464346745
555,6.7044884189098
556,8.379645655626064
557,5.639993715261589
558,5.5723573148223435
559,4.431859584512419
560,2.89834837820742
561,8.844570652652202
562,7.964402446448749
563,6.455524784110485
564,6.1238483305284825
565,4.899517479410676
566,3.0830837172475865
567,7.331631807819938
568,6.481370422152556
569,4.4068118718496665
570,8.574606677627823
571,6.443606390750806
572,8.473749399510556
573,4.747544243803027
574,9.124235307494546
575,5.719794534470399
576,4.8370427561812575
577,8.056801653323573
578,4.59509685821913
579,6.768588334500112
580,6.10855762149252
581,7.033619791964833
582,4.238209148867762
583,4.973991535446519
584,4.658574538763674
585,6.609908313142076
586,6.072584605882477
587,4.726465508846642
588,5.464722323714234
589,5.59124704634605
590,7.018339433239842
591,4.2348740081195295
592,3.1113470796383647
593,7.300779024914111
594,6.003038122650328
595,6.172686582102247
596,9.6009313162607
597,5.4041432665429205
598,3.1972833487408283
599,6.678874612608943
600,8.060868621291247
601,7.5893157549408965
602,4.105651224622838
603,5.2877821384678025
604,2.3475749712050415
605,1.6656727364502295
606,8.295217739464363
607,6.562188226261114
608,5.385029949284473
609,5.757537207509452
610,5.954899834847376
611,5.010760609798286
612,4.7582435810173305
613,6.594651147436831
614,3.547299604693312
615,6.517046460176217
616,8.085818070960944
617,6.959794720169562
618,8.03045477718187
619,1.150484830418996
620,5.938452385741397
621,4.694928462315701
622,4.6944156273264035
623,2.384130669752068
624,8.379218475662649
625,5.464460253553581
626,4.790046174535383
627,6.338197295722639
628,4.594287443279385
629,5.335512447130374
630,5.5947308813503
631,6.557699675349332
632,3.973766965825451
633,8.285376614368793
634,5.843892853913539
635,2.721546935127655
636,4.7130441901271265
637,7.783056337875364
638,5.1878550485686254
639,5.031279304394314
640,5.681188835949829
641,3.5989178165817357
642,9.01667094629928
643,3.7572027071155603
644,6.053507820026616
645,5.115285214539059
646,4.191236854865269
647,9.675506474878318
648,6.643489547928278
649,7.446068649899566
650,3.2598253277926257
651,9.825009271358525
652,5.809013439758585
653,4.540547538758566
654,5.195057328919015
655,6.863760146165718
656,5.436181721609041
657,7.398785096119787
658,8.023057032862246
659,6.877786853356431
660,3.655647180215338
661,3.4770985352353305
662,7.0231357026409125
663,7.424353739854426
664,7.510267815735335
665,4.908222302773874
666,9.120138450102017
667,4.396128046433604
668,5.98663243325555
669,6.5391318971656105
670,8.200511618462068
671,5.006655309498929
672,7.095874592128958
673,5.0049720266339515
674,8.046105141935433
675,7.09553064102544
676,8.110974762093045
677,5.907966254019254
678,8.200831664759274
679,3.6644875496089946
680,8.042858061221049
681,2.5820304049455833
682,5.516564505265458
683,3.4250076249256276
684,8.599696001142535
685,3.475917532229828
686,6.483341894940874
687,5.399832830999538
688,6.228243573870233
689,8.912713310705506
690,6.52926128792041
691,6.782245136692225
692,5.712752233949555
693,5.366679161853081
694,4.749620845010144
695,8.39647172536459
696,5.677599847340908
697,6.7521217493832175
698,6.329121275901505
699,2.489636848006503
700,3.675118442259759
701,8.83536144997303
702,4.608712203866579
703,4.413951282341648
704,2.614788753524687
705,7.031183079783927
706,7.869742737003823
707,3.3650793730661084
708,7.118426764663537
709,7.927260839611688
710,3.6796438289358964
711,8.143438102071912
712,8.04898187868021
713,9.259964271871224
714,6.752075919078807
715,4.031899892535172
716,2.425013169808849
717,4.0528062850483035
718,6.827529960009701
719,4.476413297290425
720,6.071323426643987
721,6.175613988316471
722,5.888906856875614
723,8.316781207192996
724,9.862141847095836
725,3.5471838403804945
726,6.046119860062968
727,6.932373667238422
728,6.402012454352868
729,6.152700464444489
730,4.519896821542526
731,8.214598676998834
732,9.45196585595424
733,3.9000521305789944
734,2.4879583378677887
735,7.623030116514285
736,7.349907429414093
737,5.392442070246612
738,5.239722373026774
739,4.738629190585391
740,4.649330601908818
741,5.617831894403196
742,8.14140071326719
743,7.330812422065823
744,7.572776771378833
745,4.962783158979096
746,2.9494092377021914
747,8.77133246352252
748,5.311398349465874
749,7.9547766066268455
750,6.359277961980592
751,3.9913513822434106
752,7.9422049501156735
753,7.667666930823457
754,4.783231663233568
755,6.481561450956166
756,8.094455184848755
757,4.0822403671516385
758,3.0381936719977394
759,4.089538542312648
760,8.255441832971666
761,5.482929244757995
762,6.370598982241724
763,5.79017081123165
764,6.88483320254816
765,9.202680949384455
766,8.41324489104279
767,7.889741043761228
768,3.226633860699284
769,0.87553365995378
770,7.066928220774803
771,6.439743757164463
772,4.9185667664626695
773,6.4635486876437716
774,7.0891968591481085
775,4.960141050066728
776,7.009767064882638
777,5.570365171716325
778,4.3787089997699
779,5.468180071028483
780,4.325544327505935
781,7.230669286254932
782,7.696682128686081
783,8.530616047674727
784,4.302721080318297
785,7.525869246922622
786,6.246879574302349
787,5.10760701736558
788,6.959370791170171
789,4.252207482678654
790,7.284331379856649
791,5.931151140009103
792,6.1394462308511235
793,8.16876953132856
794,8.593286262252537
795,6.042611622685921
796,4.8653825169300955
797,5.084544911564416
798,2.9278057435826965
799,7.080683128174024
800,5.983719788000348
801,5.035987689134284
802,6.810519177020777
803,6.54932596931397
804,6.3035989997955575
805,5.800832595837886
806,4.673521351971638
807,7.921216831350523
808,3.486175898463753
809,6.636275057981196
810,5.633144064450598
811,8.928730745367076
812,9.100157688797955
813,5.892355483549136
814,7.26311048839935
815,3.351039500051609
816,5.802776796043981
817,4.278771964731846
818,2.3625634042319317
819,5.371216745782028
820,4.929276521783355
821,7.149508529301712
822,6.031228166718598
823,5.572438553337167
824,5.5013417105791875
825,3.0392861484302336
826,5.373804558532188
827,4.737917086613313
828,7.236931840608389
829,6.104054484754925
830,4.394747296881722
831,5.296296032492119
832,7.783353724223945
833,5.000260751137726
834,6.247423766753374
835,8.86292307053698
836,3.48060389052797
837,6.867505125480864
838,4.618567115523313
839,6.743792325370623
840,6.69583556851815
841,8.389958902302629
842,7.974533086303521
843,7.14861511403494
844,7.300102233955427
845,4.168056355131962
846,4.991472688634499
847,5.292416498930968
848,7.286536267266236
849,3.2226960737307415
850,3.248882204950777
851,8.170898440052673
852,7.242369055746362
853,6.29803341004238
854,7.424280538896937
855,10.0
856,3.736586443658751
857,2.465668546671463
858,3.0468736342102622
859,5.350717503048264
860,8.093069490331997
861,7.014333626617925
862,6.375913148135202
863,6.107130319491318
864,6.611158111007358
865,5.166587221714346
866,8.753255777502261
867,4.0815949494589585
868,4.219866600539785
869,2.9545518485727227
870,6.315789048786722
871,6.830024192881661
872,6.708201942474127
873,7.382334194815612
874,4.14226547988844
875,9.561545238818645
876,3.9296924430899347
877,7.37371001136726
878,4.658864554967156
879,7.909527054789286
880,7.034221949588325
881,6.545460829757646
882,7.878985335817362
883,4.849837931691045
884,8.01046281797449
885,3.538015279035618
886,2.3676529525662837
887,3.1688624478194125
888,3.972320641629053
889,5.2313143381256415
890,7.737690867332994
891,6.264428699750993
892,6.996262860923267
893,5.584410101122244
894,6.754658106572659
895,6.525467208676606
896,3.8067947299665112
897,4.749730878897053
898,4.988397419664196
899,8.547322244523123
900,8.82667104270356
901,6.776768777581562
902,4.239193523448911
903,9.220140390415592
904,1.155568451179061
905,4.994531287400834
906,7.815870792017796
907,7.456609386517479
908,3.935165349715183
909,3.9818024712987015
910,7.015975635280206
911,2.5261519166576285
912,9.596047102503945
913,7.327887917626675
914,5.642557544074812
915,5.438237656183691
916,3.6201827563354994
917,5.938977830848431
918,6.95834168135245
919,4.6209001981156534
920,6.368078442233838
921,7.38365291448948
922,7.119468847744686
923,6.923484096160335
924,5.036036658056558
925,8.383043531168909
926,8.30692342472854
927,7.862344872947956
928,6.378801020129482
929,8.477388863502782
930,5.5463941724501415
931,9.393792269805264
932,7.439223854485725
933,4.182898941290281
934,3.057157158909417
935,2.9368257771998163
936,3.0383741763914993
937,7.744880998055102
938,6.8189660584163905
939,7.1981935970682
940,3.490312269224079
941,6.958125122975684
942,2.2896543185738283
943,9.443585545339799
944,6.062853781340123
945,7.907273111171226
946,7.3711565185411585
947,7.783073973767699
948,9.396455875447819
949,6.098782621551705
950,7.100225203799616
951,5.08802402925238
952,4.265961041747344
953,5.549202349204296
954,3.9648595660280908
955,5.950162123466804
956,6.85865953414514
957,4.321090635716852
958,2.784673201390089
959,4.1735591750360665
960,4.2803756056713835
961,7.595484743423993
962,8.553378604541265
963,4.158468419285966
964,7.87276334823183
965,3.0437696243120613
966,6.192092165014447
967,3.991026133570993
968,5.018223864668316
969,5.577733025490392
970,4.563434385754395
971,5.782340695665872
972,6.470667622880261
973,7.340388111850829
974,4.364035839683436
975,6.87582084002364
976,5.0887595142368705
977,4.4587155945860495
978,8.105449530822849
979,5.652634188217374
980,5.415441184354966
981,7.690996677135403
982,9.024162338953012
983,9.244320528044282
984,5.8431301233740465
985,2.0709387227720724
986,8.160064838715913
987,8.708828076694655
988,1.7269333942818432
989,4.318726185066633
990,5.036181801135871
991,5.737965137686881
992,4.527986369070939
993,6.817672659396888
994,4.342079491507609
995,6.882496537226774
996,4.615425577648895
997,7.7901282703835255
998,3.9719605564415223
999,4.52278429032131
1000,6.130521428354035
1001,4.944415876788419
1002,7.538962839646771
1003,6.728757203086094
1004,7.74043372394746
1005,5.060866766123374
1006,4.446412200660559
1007,5.610551957535176
1008,7.204120059374849
1009,4.960091870140449
1010,6.591037684832075
1011,5.377316746920644
1012,7.103205664959731
1013,6.009431271473929
1014,6.651704256937172
1015,7.569497341577413
1016,8.753862847828932
1017,8.226441813854246
1018,9.559873534696985
1019,6.126668838829997
1020,5.087490827224803
1021,3.754819298183354
1022,4.239785453373289
1023,6.745679079717373
1024,5.162361585723811
1025,6.41743415724042
1026,7.60636997932976
1027,6.746462493239535
1028,5.454649519674013
1029,3.297111055622752
1030,5.549176838215992
1031,8.188433600923002
1032,7.784473673809888
1033,8.481242285311128
1034,7.8164136924506815
1035,6.540410107857551
1036,5.207783571861888
1037,7.982821383496849
1038,5.446075960308824
1039,7.981074351207795
1040,7.918268227161553
1041,6.195712190874939
1042,5.966650828750589
1043,6.544653018574039
1044,8.608213104183175
1045,5.706913354408028
1046,4.914406744765157
1047,6.432450924075998
1048,3.4561334622127906
1049,4.529510595857323
1050,6.825032484496597
1051,8.603724818302044
1052,6.37978703504712
1053,3.753254733689689
1054,6.048357889180566
1055,3.3335780209468115
1056,4.326787612342369
1057,2.8026612333427767
1058,7.704074761444181
1059,6.421962036071345
1060,5.053347748629624
1061,8.936285357493324
1062,7.184802206920001
1063,5.208849532433478
1064,6.124194333486196
1065,5.169617055966406
1066,5.424260281240908
1067,8.485678909598034
1068,7.78925559753325
1069,8.490958973077957
1070,6.001328370750069
1071,9.496395348138321
1072,7.22491488592289
1073,5.827283375336123
1074,9.214956270836085
1075,7.64776032583727
1076,4.462920587457882
1077,5.6712078426355665
1078,7.653000441501211
1079,4.307713287877177
1080,4.334329739665318
1081,9.797896119770815
1082,6.578684323941825
1083,5.21185719388525
1084,3.165582232145658
1085,4.94460770652
1086,4.096829291561641
1087,3.9575559289054927
1088,3.0580746296914616
1089,2.915703128181066
1090,7.79690409250976
1091,3.79637818155327
1092,5.271592816859078
1093,6.625644781795712
1094,6.424099718152428
1095,6.227711517177808
1096,9.27032873573359
1097,5.782269766636855
1098,5.219729249705281
1099,5.860842558810719
1100,5.2436995283575545
1101,5.8552972031220385
1102,7.3062722938957
1103,3.9448343591055846
1104,5.643316497975756
1105,6.053445605404183
1106,4.99562871675122
1107,8.357216898802399
1108,5.570417963865959
1109,7.928991917575498
1110,4.264126550210105
1111,3.741094616094127
1112,4.1222502202565865
1113,6.923814903483344
1114,3.0124125108181445
1115,5.064290015833613
1116,1.9196504133248562
1117,6.047803817133365
1118,5.858810738339939
1119,9.325398654072968
1120,8.590553359808107
1121,8.40393059448298
1122,6.703855489957557
1123,6.641816184538063
1124,5.504947517611439
1125,3.3628726129067306
1126,5.51396788397351
1127,2.7603820971838964
1128,8.180927873107246
1129,3.3163817217130287
1130,5.751728440914133
1131,3.0983196233614563
1132,6.722507574448398
1133,6.361342404034707
1134,3.157797830482555
1135,5.570681932869425
1136,7.394525664225054
1137,4.012978389778887
1138,4.022852183034207
1139,6.872425651010722
1140,7.213423086073342
1141,4.986783380575595
1142,2.4094863687052963
1143,7.820589053938331
1144,4.425275278196821
1145,2.305467382688714
1146,8.265103073355279
1147,1.4647339942867423
1148,3.374605203595991
1149,5.474493062905274
1150,6.344087925359154
1151,7.969725826382216
1152,6.3586928470813096
1153,5.278674357104593
1154,3.9971913087509714
1155,4.937024487591127
1156,5.044681725840281
1157,5.132443881375081
1158,3.7817483173439173
1159,3.261956899472395
1160,6.302132176057884
1161,6.669415493885456
1162,7.422982742748966
1163,7.340776422248084
1164,4.709159807540123
1165,7.594343859370845
1166,6.926171485504338
1167,6.885080893075274
1168,6.162705528268576
1169,5.8758627762396065
1170,5.743611608850651
1171,5.5774790486426715
1172,6.731573512707393
1173,4.138313962331232
1174,6.815211442151343
1175,3.95896909756306
1176,4.027348775160005
1177,4.811055796834723
1178,6.189390529724103
1179,7.048878709736793
1180,3.256334760193236
1181,5.635811470606135
1182,9.6218650467681
1183,3.466189633353479
1184,4.018487083244714
1185,7.459003944840397
1186,5.0911542197266035
1187,4.672710164331204
1188,7.52775757506963
1189,4.953800728314105
1190,6.9185056177718485
1191,3.340327765362355
1192,5.187505343814105
1193,4.025873389494361
1194,7.455606897759476
1195,3.949827829136168
1196,2.3962814176815024
1197,7.807755223860165
1198,4.401456645440522
1199,6.56468459016656
1200,3.326249326838752
1201,6.121241225757987
1202,8.666984955089818
1203,5.445627300887038
1204,7.7634048737535455
1205,4.881756034391766
1206,5.593054124759459
1207,4.23023510574525
1208,6.24160923229124
1209,8.042173444539491
1210,6.607818980460594
1211,7.828535290499801
1212,6.126117298390392
1213,8.784974525693922
1214,7.210862721623533
1215,5.826957822971987
1216,4.375726510722709
1217,7.54403383421754
1218,3.3647677328189984
1219,4.474574914583907
1220,7.711032862702465
1221,5.844049508195659
1222,7.048367459519832
1223,5.448465655313285
1224,5.180802445893492
1225,7.507453293459217
1226,8.67417288342924
1227,7.199307075527444
1228,3.566932842373741
1229,6.7691074573711
1230,7.085121063186929
1231,10.0
1232,6.374762826591951
1233,7.999282092548723
1234,6.902336853641348
1235,6.686802906729445
1236,8.408981171087632
1237,3.5367519678235637
1238,7.679534851717072
1239,3.638461817650635
1240,7.59385199498792
1241,5.688456075446293
1242,5.864113556593387
1243,2.7106636663808175
1244,6.780436458682225
1245,4.6811210280933
1246,5.623671136945259
1247,5.323227452925458
1248,4.769737554486798
1249,6.549557392604186
1250,4.908681110556194
1251,8.231866944363448
1252,5.390531194339835
1253,9.003343753773207
1254,3.583061556284107
1255,5.436219043322703
1256,6.759767871688975
1257,5.482429795270667
1258,4.449589380857009
1259,6.6008367756702935
1260,5.8942827487913565
1261,9.003452461241881
1262,8.345586467803313
1263,5.872344718999975
1264,8.191499390401583
1265,6.726467470067037
1266,7.545287374413429
1267,9.064879713476314
1268,8.325281649379198
1269,7.3959024650317495
1270,9.504790832801557
1271,6.3756902882003335
1272,4.59682212758104
1273,5.23103595391025
1274,6.922273613831849
1275,8.002538842257422
1276,5.446520004810273
1277,1.1091443883154999
1278,5.746071354198084
1279,3.9414074470460174
1280,5.711796099371357
1281,4.7349664489079215
1282,6.093792644966251
1283,3.1240318084537098
1284,5.896417374811635
1285,5.867600474707468
1286,2.5106988620053197
1287,4.682025462025688
1288,6.412245802217383
1289,7.762833813060696
1290,3.053376055963793
1291,8.059778892906907
1292,5.527994965120444
1293,4.824413874941126
1294,3.6878325465935355
1295,7.151485888841027
1296,7.962523993539185
1297,4.513606686730968
1298,3.000562341281103
1299,3.0568448641319668
1300,7.8817042691777255
1301,7.513340974239903
1302,6.103649940316676
1303,6.524902333760047
1304,3.961424401213123
1305,6.9584227969654515
1306,3.836730366898146
1307,4.927796556833847
1308,6.1250036629007285
1309,5.75877957192073
1310,4.871486089218422
1311,1.4800407927901997
1312,6.879014267250714
1313,5.174606345511961
1314,7.795249895098747
1315,2.5020029661720002
1316,8.715303464692106
1317,2.096543339702258
1318,2.525647992360032
1319,2.1326343610946537
1320,7.606984349944345
1321,3.8889933970083375
1322,4.982620134475411
1323,6.132973555014625
1324,5.724710023400524
1325,8.71700363281081
1326,8.86617290626117
1327,5.485774065331894
1328,2.5375828277058545
1329,6.714217021215594
1330,5.589176084355961
1331,7.181279808012153
1332,8.043055294208724
1333,7.5105323596385585
1334,5.708083693579197
1335,4.6918174307378315
1336,5.8738977966646795
1337,3.3067403681683176
1338,4.3617799777165525
1339,6.266491600705518
1340,6.124411233623586
1341,6.158063544254034
1342,7.3234901779264385
1343,4.557909870862333
1344,6.638264021165588
1345,3.490594679895912
1346,5.290678652404803
1347,6.975178349905672
1348,3.877160103113614
1349,7.170143677743065
1350,7.0731413534041465
1351,3.929425023015395
1352,6.933557468962487
1353,4.810996142712338
1354,6.9028367498374035
1355,6.902294145653993
1356,4.467272019508919
1357,5.749951476589747
1358,7.858850023614026
1359,5.713593243789836
1360,4.879938857727512
1361,8.576438433394332
1362,8.492591291778709
1363,3.9895893098632853
1364,7.165169744835615
1365,4.56769928966658
1366,5.211978603280511
1367,9.522836080468696
1368,6.011114968171557
1369,7.833882974738967
1370,5.096573450543707
1371,7.727515940410358
1372,4.710870923011334
1373,7.259042043921727
1374,4.673573681536036
1375,6.907060222797889
1376,7.239353201911736
1377,5.664292358947215
1378,5.7695019670683445
1379,5.971652501443284
1380,5.422736801500299
1381,2.0006676011897784
1382,9.388757188155473
1383,3.30085077597029
1384,7.347967447301419
1385,7.825988759965818
1386,5.264886049291675
1387,5.14586056706085
1388,6.55227305876824
1389,6.629461659576834
1390,4.67664756499163
1391,4.64508641470249
1392,3.960415129882837
1393,6.362052020263341
1394,5.048814940778344
1395,5.1041387747311155
1396,6.871429886781366
1397,7.382996904322895
1398,7.4820727806348515
1399,4.921345224805438
1400,3.9449822035825948
1401,4.654296449744536
1402,7.76258803771424
1403,7.579330385849796
1404,4.800854385405522
1405,6.228806969042495
1406,4.940832528372739
1407,3.0689419124560233
1408,5.107325739380529
1409,6.4062799422079415
1410,5.574692020956887
1411,8.176639136467257
1412,4.971229890925223
1413,6.403957459903919
1414,8.810468785836083
1415,9.169985912945494
1416,4.4702498672868
1417,0.996876708696928
1418,6.38042175470946
1419,6.314688458761596
1420,2.7323601561351367
1421,7.7045096961316615
1422,8.865234713077141
1423,7.061539105746557
1424,7.41715937474697
1425,9.186434768955706
1426,8.014555515363204
1427,1.5133815927016234
1428,3.2025745576711455
1429,5.474570519678264
1430,3.0737942263523994
1431,6.899813781094128
1432,4.751135471330936
1433,7.843756979280885
1434,5.215933277416191
1435,7.855902979382072
1436,8.531089812801698
1437,7.605859536374459
1438,7.784687193915597
1439,7.272633596511995
1440,7.732631485812526
1441,5.04086577552302
1442,7.15006455396115
1443,7.438186193983598
1444,1.9134954641372333
1445,8.72411952644114
1446,6.456834945183833
1447,6.678412158248616
1448,9.057625269106378
1449,5.660616667480648
1450,8.276575647435486
1451,7.452151264882275
1452,7.239314822267235
1453,6.220488936193992
1454,7.50849960750789
1455,7.213642315044383
1456,7.7057426656359125
1457,6.225982481095838
1458,4.607841723659654
1459,8.318823324148594
1460,2.3845434881842675
1461,6.331890699366033
1462,4.268524947708947
1463,3.3382701144170146
1464,4.480861657623713
1465,3.7365700529958583
1466,7.017224565661764
1467,6.518842444325366
1468,7.088484107887138
1469,8.89036483795203
1470,2.569621693378051
1471,6.138212124722918
1472,3.8376174371970624
1473,8.20474170958353
1474,5.260879370925454
1475,4.704502138136674
1476,7.84531694518436
1477,6.632298423647935
1478,7.259931359734552
1479,3.682065235928567
1480,7.172812451299352
1481,7.050616625557304
1482,6.936151949010423
1483,4.849612561685122
1484,4.7643860513271505
1485,8.587198116978458
1486,1.8237644023162911
1487,3.060127504529027
1488,2.400637699978632
1489,4.268492248670068
1490,4.270350771910374
1491,6.79710218343365
1492,6.235630703067062
1493,8.883640556694282
1494,3.792250869786385
1495,8.025342707957979
1496,5.175029944280012
1497,5.175979162674394
1498,6.437523764020626
1499,4.604363409440893
1500,8.459967960754701
1501,6.21028525489678
1502,7.65060732228687
1503,5.911971819415041
1504,5.382941053074499
1505,4.6497697903371895
1506,7.40921997375459
1507,7.050110557041601
1508,6.08266027882784
1509,3.3468462748326737
1510,4.537188245020315
1511,8.067991197449272
1512,2.505402297856757
1513,3.326106805800218
1514,8.43160650014024
1515,5.8237957479406735
1516,5.802132415311131
1517,7.682512681498579
1518,8.143966441936403
1519,6.218060274883395
1520,5.062824566862854
1521,4.9688350733760505
1522,7.924783599502175
1523,5.859453201940998
1524,3.0075941433785145
1525,3.7628931940723467
1526,8.899755121168544
1527,4.091924566083538
1528,5.894900469968416
1529,7.00154432182452
1530,8.249555255188849
1531,4.911009910281109
1532,4.075970419254851
1533,6.2270260101365835
1534,4.606174586548983
1535,5.411994260021766
1536,8.921433307534642
1537,5.208751945090202
1538,6.86038058036881
1539,4.61612750949934
1540,6.718321259921385
1541,6.280769127190501
1542,7.256476447241101
1543,8.798860676791598
1544,6.678046017549426
1545,3.4956572778117234
1546,7.319203394471943
1547,4.702879250943283
1548,7.665882532049425
1549,5.997555956629393
1550,6.2142386995867955
1551,3.0892849577556816
1552,5.481966316028564
1553,4.334826521852585
1554,5.829767887605303
1555,5.631892566532262
1556,7.879737417251335
1557,7.299856872662445
1558,4.5009343516369675
1559,5.446875154636977
1560,8.001571237233554
1561,5.081238105185655
1562,8.114424099811082
1563,5.415530589844722
1564,4.6385578125033575
1565,5.050520218181181
1566,7.712983471615611
1567,6.445333407802577
1568,4.933950140094843
1569,3.49729028800411
1570,5.13597704786779
1571,5.3008606386162676
1572,8.50378649342628
1573,3.1371655608391045
1574,6.6850590004964126
1575,3.9222072493825477
1576,7.257203270666402
1577,5.169370122284698
1578,7.405905790931174
1579,4.122737347380148
1580,7.467742277159259
1581,7.0848767563764605
1582,2.6039535464849846
1583,3.0420695579961388
1584,4.614539209324155
1585,7.051692104430169
1586,5.0808619630890695
1587,6.814474749197088
1588,8.042230487310867
1589,5.377642413139717
1590,5.201487287188074
1591,8.336773648455484
1592,7.51387649164519
1593,3.5212890124285883
1594,4.2859410755947795
1595,1.2698038477769982
1596,2.7425345104742953
1597,5.473115533543395
1598,7.014513476558276
1599,6.3296380715780325
1600,2.5937617283241483
1601,6.286721250906273
1602,7.433088766876123
1603,5.376094438507618
1604,7.784135528343016
1605,6.115666576525969
1606,9.591285790372096
1607,9.2002599393968
1608,5.331461775100986
1609,5.415156493831662
1610,8.269928980491349
1611,7.521124276297066
1612,7.568075354774168
1613,6.722809061556942
1614,5.3806848398378895
1615,3.1477626462319317
1616,5.588073857382658
1617,5.8171607146285185
1618,5.649629789652426
1619,7.458970981960421
1620,5.699843358071123
1621,4.322411145430382
1622,5.488180054192007
1623,7.1892249412056835
1624,6.475413040262753
1625,7.188326914644724
1626,7.81441510504735
1627,8.035167859318152
1628,5.656069886036208
1629,6.586124724276937
1630,4.105388904294192
1631,9.941530956187494
1632,8.089816877256544
1633,8.81773907095636
1634,7.310279346080593
1635,8.525640861704417
1636,6.087747427381585
1637,7.801716089120058
1638,7.821142050678897
1639,8.17691385892036
1640,5.100912442750433
1641,5.613498218786507
1642,4.630188402801893
1643,5.099616585354164
1644,7.397665411659959
1645,8.010545356924748
1646,5.763980346322018
1647,6.36382962752741
1648,8.921113341255836
1649,4.9208691544320455
1650,4.711046492125781
1651,4.038042092314291
1652,8.291567794766229
1653,2.7740276184024584
1654,5.7312018801934315
1655,6.86216938075302
1656,3.5853935659586536
1657,7.48535780703071
1658,3.5098610736835423
1659,6.099299926721355
1660,8.550249474302786
1661,7.694882266046024
1662,7.2013821239828015
1663,4.493855223218395
1664,6.351818895162662
1665,6.342878948909599
1666,4.820193302621395
1667,3.888787159176866
1668,6.673145739178578
1669,6.948601013467919
1670,6.748980821908
1671,3.3860573089930113
1672,4.131228397903608
1673,9.801505677985242
1674,6.419492958003934
1675,2.7652570629303215
1676,7.80661434751944
1677,6.184214113489595
1678,2.9665870908109677
1679,5.9485103660622
1680,3.5062297603518586
1681,5.804998923963622
1682,1.733015847090242
1683,7.758535014063442
1684,7.470763272127066
1685,7.743919764184221
1686,4.432682643226031
1687,2.3015813482716077
1688,7.274027940952196
1689,7.056117613010181
1690,3.4141937828235482
1691,7.127384554637309
1692,9.284182422126623
1693,6.91040261674715
1694,3.1836460963591877
1695,3.3644080947298733
1696,6.136901070090112
1697,6.226108051964243
1698,6.74890976734454
1699,5.063734089093547
1700,5.252433401396722
1701,4.457879708755068
1702,4.098173962222445
1703,7.568068953346897
1704,6.699402394952942
1705,5.597635563079714
1706,5.641546134026512
1707,5.00020498582881
1708,7.466452299566126
1709,8.434018226202895
1710,6.372457246811147
1711,7.351446675351362
1712,5.672972542367931
1713,5.69944881124667
1714,7.883352584258888
1715,8.809531302781291
1716,6.159645387729675
1717,3.4721899803161542
1718,4.790814852255307
1719,6.803377909541814
1720,8.585878007213738
1721,6.846885303994251
1722,2.4037273694183563
1723,7.23492809454215
1724,3.288579077214631
1725,7.73294897803296
1726,6.097276416328531
1727,4.0218141432460275
1728,6.400366435367105
1729,3.69354777858576
1730,4.721974932311157
1731,7.1584036924949705
1732,8.098515556872895
1733,6.044769794482088
1734,5.285316118890894
1735,2.503451208334402
1736,8.466203715042502
1737,7.574267773057556
1738,8.706908427109092
1739,6.659903465247744
1740,7.368834983304606
1741,3.4020191987532833
1742,6.9193058763971145
1743,6.869991293216522
1744,6.507912552234654
1745,6.287010430339219
1746,7.297535294373792
1747,5.6185296748579
1748,7.4419878144252944
1749,2.295633380570681
1750,6.372750887669405
1751,7.092486031472172
1752,8.072391386179625
1753,7.134427921228037
1754,6.886068978817437
1755,5.447488967122863
1756,6.585489320834589
1757,9.41651728672825
1758,4.868894096200484
1759,5.4017272586497445
1760,4.9684800884434175
1761,3.2382326400461774
1762,5.00038658410887
1763,3.686292105269935
1764,4.335672698093742
1765,5.496281597203987
1766,6.291507142811215
1767,4.015427533250029
1768,8.360126366951858
1769,6.28079489917592
1770,5.993577252666931
1771,4.485784542337471
1772,5.273761889043224
1773,4.230834268869943
1774,6.88627542049517
1775,6.737630266897893
1776,5.163875898673974
1777,8.344747549390625
1778,6.04682734511883
1779,8.25065843093327
1780,8.241813150559818
1781,7.327347548851411
1782,6.863366160219464
1783,6.049456073146167
1784,6.92341516452623
1785,3.78930699841634
1786,4.683705581600523
1787,2.6580819620470373
1788,5.813817589197231
1789,8.51075996596448
1790,9.063694729497293
1791,8.15870256213179
1792,5.662188518304741
1793,5.288290725179347
1794,6.568436855220596
1795,5.169676704374544
1796,6.8357765680385185
1797,7.916954757312533
1798,5.313095398660098
1799,3.5627623917676603
1800,6.421574175191176
1801,3.510249977475348
1802,5.447881234604217
1803,9.20520036044694
1804,7.143455589255398
1805,8.727277785221478
1806,4.645722170742721
1807,1.631791576772282
1808,5.487926229332472
1809,6.2805072739660694
1810,9.048100045673712
1811,5.121870437995877
1812,7.047307376499278
1813,5.88748588450263
1814,4.558768847064559
1815,6.6196179914343976
1816,6.456256205018973
1817,2.299096955606511
1818,6.945948674966259
1819,7.380591143721306
1820,7.0399134986211935
1821,8.168297297931826
1822,7.085597420027996
1823,4.768557668658564
1824,8.217258866962277
1825,5.891004560490631
1826,5.973627187904663
1827,9.33736866779436
1828,5.694075448192939
1829,3.5681682205769154
1830,4.33430911256249
1831,5.918419464712752
1832,5.608058381617929
1833,5.654544320609809
1834,3.8372680162876094
1835,6.479228247269191
1836,6.678638481773193
1837,2.9376942915026447
1838,4.749054075068281
1839,7.372682058311486
1840,7.221860386951203
1841,4.449145966105914
1842,6.351800831298997
1843,7.464065221011512
1844,3.408794130138768
1845,7.553939281042366
1846,6.441845763968428
1847,8.09779240063261
1848,8.32966694901465
1849,5.284398572982639
1850,5.349074756489135
1851,5.6737701419806115
1852,2.2178988009708873
1853,4.695798572579642
1854,5.343888589324916
1855,6.370035820977515
1856,3.01684940196582
1857,3.8357771865569936
1858,3.44524396279694
1859,4.494903517487799
1860,4.74419542793033
1861,4.12247670591173
1862,8.115041240256371
1863,5.302445081254933
1864,5.786870792720095
1865,6.134459758523851
1866,8.874095799319438
1867,7.381464271987702
1868,7.3783712973718085
1869,6.663985213282969
1870,5.132171356721703
1871,3.748824214227112
1872,5.910983769140445
1873,7.001231463143624
1874,0.9960613179101407
1875,6.006911242487856
1876,5.873207597872098
1877,6.667075532399603
1878,5.4064265658777035
1879,2.8929245123751843
1880,5.643856743790337
1881,3.816448586464275
1882,7.587072699180737
1883,5.558930467221481
1884,9.469581682176665
1885,7.6048821005022935
1886,3.949747267310323
1887,6.52383862208347
1888,4.157205619395367
1889,7.996606275872528
1890,5.511893565807716
1891,6.484477824856814
1892,8.28118421525278
1893,8.030410684043744
1894,7.018627192132895
1895,7.293994488338605
1896,6.671737875794967
1897,6.667996000870449
1898,6.163699336449495
1899,8.898747973650094
1900,7.576910683082964
1901,6.519066381015065
1902,5.3518418809486406
1903,4.277415914273229
1904,5.8695276077972265
1905,3.917148346269045
1906,5.116265260460599
1907,4.774930794002223
1908,7.6813198714383155
1909,6.160085162929018
1910,5.86278329784897
1911,6.371344741549706
1912,7.125405676923825
1913,6.890836246455211
1914,7.321871027779232
1915,2.465434304952446
1916,3.6259022449675546
1917,4.232497559354085
1918,6.843915964126329
1919,4.080714960912575
1920,7.326640917198222
1921,5.783968186216686
1922,6.074551692969108
1923,4.854970127025927
1924,7.978750575269596
1925,8.138928995075844
1926,6.7023642574395685
1927,5.3509838974969846
1928,6.764279624031887
1929,5.085003948428136
1930,7.827881778306352
1931,3.2258760799348742
1932,7.7781111386151345
1933,3.8894936750132425
1934,6.462992983065126
1935,6.079659114357313
1936,2.806727112511555
1937,7.66257383378699
1938,2.2242528950530502
1939,5.080742571991244
1940,3.560936053162237
1941,4.810582104523168
1942,4.077126097649021
1943,8.452932067724772
1944,2.4519075624966047
1945,4.451160053098293
1946,8.177782005374441
1947,8.511980915863058
1948,8.320222719733636
1949,6.823118673258272
1950,1.638477883191244
1951,6.62129311654366
1952,8.42942036412834
1953,4.563377447669658
1954,4.070853697014755
1955,4.8076546576257195
1956,6.298001803139483
1957,3.6547475390517787
1958,7.943669197986477
1959,2.434800518595006
1960,8.823062858556781
1961,5.769116883204198
1962,4.240051032355082
1963,8.079030571033782
1964,5.398062972311785
1965,5.027492675445877
1966,7.921149411456502
1967,4.133567044044601
1968,6.49383726526362
1969,6.773611196729991
1970,5.402969378229104
1971,5.469852003671789
1972,8.511041872705144
1973,6.77335536235097
1974,4.751020721406987
1975,6.202644252185419
1976,5.502702253013015
1977,5.757559080859665
1978,7.790211559166058
1979,6.9799303109698805
1980,5.608814828010729
1981,2.410133422209142
1982,5.870783264523625
1983,6.947724852235635
1984,8.973106138489861
1985,3.9848430935924815
1986,3.2270054817401266
1987,3.7807633015433098
1988,7.504768918184831
1989,3.8415197573018216
1990,8.041580077765055
1991,5.734540635138574
1992,9.159983228961647
1993,4.19958367963006
1994,5.553429841933728
1995,6.2597685707015644
1996,6.431383729029795
1997,8.863124180217133
1998,4.741134558214319
1999,3.823780379364141
2000,8.671276450597368
2001,3.9970672553218334
2002,8.571016970988182
2003,5.538080847572851
2004,6.230124738664848
2005,7.651484641447056
2006,7.017604107693564
2007,5.294497513580337
2008,3.6562592128980125
2009,2.910096876870896
2010,6.6522743452099675
2011,6.019228850256045
2012,6.7598919137300975
2013,8.82113851556355
2014,5.5277725410715135
2015,3.8800809312174436
2016,4.265157149617309
2017,4.790800070287664
2018,6.598154718458728
2019,7.087481468844755
2020,6.8168921006614225
2021,3.625642819238802
2022,7.104590065465753
2023,5.442176857138302
2024,6.097937283464119
2025,7.611832222810538
2026,8.367346098501796
2027,7.368687087475948
2028,2.9314039577940467
2029,2.1498860230564563
2030,8.102250437669948
2031,3.870887176640217
2032,8.596981218989786
2033,6.532487844604209
2034,4.187333136452111
2035,4.838161367524954
2036,7.643974409870457
2037,5.899984232947511
2038,4.056878393607011
2039,6.948623413875246
2040,7.631717058630262
2041,4.52517641671336
2042,4.649247126161403
2043,5.578343352622781
2044,5.987709244024366
2045,5.800305710569348
2046,6.556280042188649
2047,7.078489748308652
2048,2.841862737910362
2049,5.4369157568628985
2050,2.1079328540616697
2051,4.712328178921235
2052,1.1065074553367014
2053,5.122595370611824
2054,6.585713003779991
2055,6.659895284563569
2056,3.7141508164453088
2057,6.846017300948842
2058,5.2716828615423
2059,7.185969753453761
2060,4.534358541999237
2061,2.8787947178209694
2062,4.6715681348287825
2063,6.509316101307462
2064,4.831964219749058
2065,4.631692175677238
2066,8.877447415555851
2067,9.881427153451087
2068,8.500846282195848
2069,5.273840658619592
2070,6.201894508126228
2071,6.469704300324088
2072,4.3486570669094124
2073,4.5963428327764895
2074,4.147455663899469
2075,3.822535533039969
2076,3.5253411436222444
2077,5.6424746834052355
2078,4.893188230473038
2079,7.069116107845588
2080,7.571235568808466
2081,8.808913461611652
2082,6.074129839735179
2083,6.386163860112755
2084,6.572705025453982
2085,8.140569470919209
2086,8.157817521302032
2087,4.388120993735222
2088,7.730459949128095
2089,8.795742508123015
2090,8.856248949821628
2091,5.576702954326737
2092,2.734031818005878
2093,6.725164164760703
2094,5.18146052600633
2095,3.670870647805799
2096,4.238265686095342
2097,6.398973660024263
2098,7.023100210073057
2099,1.7297863880526099
2100,7.416603790474736
2101,3.349980211202142
2102,7.198265341331817
2103,8.380620241521896
2104,5.856781875081572
2105,5.042495989281602
2106,7.829834004683198
2107,2.968007421824951
2108,2.848178915691877
2109,4.378279083669555
2110,6.634928102710267
2111,5.123880319876207
2112,3.9314078552507534
2113,6.5795816703318035
2114,7.249321243835504
2115,3.449432283467363
2116,5.091515473085815
2117,8.802866264642615
2118,5.847475305972048
2119,6.438578037727448
2120,7.718149147525221
2121,4.880780040883717
2122,3.219890958027533
2123,3.278062197874387
2124,6.73291667593743
2125,6.733567458555354
2126,5.2446153875373644
2127,6.479081051450769
2128,7.734730812732648
2129,4.38663137291688
2130,5.643649035004482
2131,5.522896034019167
2132,6.41553236116789
2133,5.384024469555205
2134,5.717871447628965
2135,2.967850830842612
2136,2.5728479850689467
2137,7.013139573153796
2138,3.076787384476947
2139,5.967074235767863
2140,3.057013996354059
2141,7.275446593505483
2142,2.7614561577806302
2143,6.726686893319856
2144,6.513484321797404
2145,9.688214203845874
2146,7.490654380437826
2147,7.352132223289647
2148,5.663562616644037
2149,8.455484020005828
2150,6.362575341059711
2151,5.091552687234181
2152,5.299898540405984
2153,6.612373782113306
2154,6.627947497556764
2155,6.152585215169249
2156,7.197942253300413
2157,5.6035041162732835
2158,7.833003660490999
2159,8.875002158644946
2160,5.483408007141362
2161,2.430724829523921
2162,8.060129055631696
2163,6.116835039564041
2164,5.349676099833682
2165,5.9174618589042
2166,6.5622698691933214
2167,7.50746026918275
2168,6.27151448979335
2169,7.406925719792227
2170,7.001091340229856
2171,6.676546665527276
2172,8.483590639487229
2173,2.4265281275576274
2174,4.099256758781604
2175,5.184195435492488
2176,8.484229388397363
2177,6.471950421488783
2178,7.156494458197109
2179,4.641842135290792
2180,5.5898375951368235
2181,2.560185622676777
2182,5.211675920590155
2183,5.471287783250442
2184,9.112534964791024
2185,8.333988364142062
2186,7.76706337207004
2187,3.62107554385857
2188,4.9710823168139395
2189,6.227884434189337
2190,3.662382078511246
2191,6.003075186158528
2192,8.69406306921979
2193,4.113246012903695
2194,6.342483570067141
2195,7.599032755291923
2196,9.124963373939686
2197,7.541940727696339
2198,4.056459033917286
2199,5.596478096038783
2200,7.534683539118374
2201,7.995594572153562
2202,7.794345059889513
2203,4.675432826007685
2204,8.496214014134674
2205,8.91219972589182
2206,5.1758281544690865
2207,7.482308937794085
2208,7.164574297223838
2209,8.339401549097271
2210,1.1217427777240092
2211,6.364384253815603
2212,9.084830849792208
2213,7.203738011057988
2214,7.521248025717428
2215,8.104472749911157
2216,3.319769975755338
2217,7.726929898917641
2218,4.198437537806237
2219,2.911807366078629
2220,8.212108147017736
2221,7.77281149387136
2222,6.995707946164031
2223,4.292784781784734
2224,5.602400090390672
2225,7.158535201976388
2226,6.64482619636871
2227,6.6564889334472355
2228,5.107020906546168
2229,8.184363160059565
2230,7.262200032804387
2231,6.31956161895373
2232,6.532192310908044
2233,6.033918527689324
2234,7.658138919046139
2235,7.018141263346585
2236,4.551030937230351
2237,4.720718160845289
2238,4.528636045733218
2239,7.264903491941758
2240,5.817391313496093
2241,4.980152948364171
2242,5.2586790118909095
2243,9.036916009847191
2244,6.712558374971829
2245,6.807641225819503
2246,7.2818391188704155
2247,9.234130635100168
2248,7.993826781677562
2249,4.687090985545675
2250,5.292174792651808
2251,7.030877621570209
2252,7.829528491621026
2253,5.479178203768834
2254,8.524206551196439
2255,3.242955951290485
2256,6.528312325086123
2257,5.086788824411075
2258,6.289154750675148
2259,4.078442232059885
2260,4.676924538565293
2261,8.082754327047805
2262,7.740441104210892
2263,3.5753598412578103
2264,8.677663651431011
2265,5.844732569567292
2266,6.78624333478216
2267,5.0928066129925345
2268,1.6624149953141183
2269,8.097777470055538
2270,7.316299917255876
2271,6.8763477880490065
2272,3.0433831193481273
2273,5.125659588141495
2274,5.1513791174988395
2275,8.563181391836165
2276,9.720561916896196
2277,6.274341645049783
2278,5.210728951759128
2279,9.438947695941732
2280,3.6201493895983297
2281,5.527715635678794
2282,4.226453448801699
2283,5.786108260544251
2284,6.873430998118665
2285,4.163476370906328
2286,5.557306072658134
2287,3.88209006179311
2288,3.8715826529116524
2289,5.720915758194927
2290,7.601472988887462
2291,8.463321647220198
2292,8.802620324648275
2293,8.16062683747774
2294,3.0042663475980227
2295,7.354535718355983
2296,7.908852979618228
2297,5.394117080870242
2298,8.07012221366016
2299,7.80956251123746
2300,4.601978164088839
2301,5.876122797035881
2302,8.073608579373326
2303,5.9962087811801625
2304,5.321379233580436
2305,4.944556134503172
2306,6.4321539127542895
2307,5.693192839713085
2308,7.679625562343415
2309,4.292139552482756
2310,3.748801629846932
2311,6.619797912147197
2312,5.371353558607645
2313,8.764621607926731
2314,6.640826346064094
2315,3.1735069957037823
2316,9.16079601863686
2317,6.729911721975029
2318,6.90865797625616
2319,7.471685715387958
2320,6.0991843295056665
2321,6.655271078886301
2322,3.0573488936800874
2323,7.6170056636860455
2324,7.039710394652201
2325,7.631234800653981
2326,4.7137703961214905
2327,6.002311338468833
2328,4.641526051541733
2329,4.902256748926548
2330,4.945239549050274
2331,3.432297363673108
2332,5.318392026390176
2333,6.724896553102735
2334,5.9359452848605345
2335,7.0295674609525785
2336,5.165197858595358
2337,4.36538983074593
2338,8.978928024763482
2339,4.60623322977667
2340,3.2667218288069995
2341,1.9971843039062533
2342,3.813099246794188
2343,4.696688498726385
2344,6.860493326561405
2345,5.8136151352739365
2346,2.7049925737995792
2347,9.476495501206243
2348,7.554687912271795
2349,4.033782513216815
2350,4.235923824809923
2351,5.631370625670734
2352,3.72572059528563
2353,6.230997859747817
2354,6.099430900925713
2355,8.504507743027528
2356,6.998070788829004
2357,5.450650486882251
2358,5.369143375120816
2359,7.3048983712352635
2360,6.291373117580209
2361,5.019901945172286
2362,3.5767083326882245
2363,8.863593909594968
2364,7.3206605597294745
2365,4.8151349329267035
2366,8.033802085661918
2367,6.749936833975502
2368,6.012187721350086
2369,1.7397282166078607
2370,3.2830628679342078
2371,6.192613930637342
2372,6.164884252676704
2373,6.961037602784714
2374,3.2466319741804286
2375,3.307942767444458
2376,7.235847280739863
2377,6.373149584627002
2378,8.385355816430161
2379,4.648076315917536
2380,5.442458771324491
2381,9.12444188185077
2382,8.180325273987622
2383,3.301624096510164
2384,7.726328346759668
2385,6.061559905444617
2386,5.388339400411968
2387,5.970759073740775
2388,4.4393162476269
2389,5.765302962526999
2390,7.485855403332037
2391,8.931761395226843
2392,6.193668714283393
2393,7.706829092889283
2394,5.574071321078185
2395,3.183421980319551
2396,8.438227805920944
2397,7.224077824422294
2398,4.219829744832616
2399,8.75315111118381
2400,9.484248599108337
2401,4.6529194004899574
2402,8.975001788461105
2403,2.4093328615849985
2404,6.83032310965321
2405,8.021549858394467
2406,7.435036421133186
2407,2.3786499210261556
2408,8.38735538685956
2409,5.4587214491462195
2410,5.631607779004457
2411,8.34319483363453
2412,5.198696048495394
2413,6.145221629107939
2414,4.086674979293225
2415,5.959619827621687
2416,6.507606850549764
2417,8.272063572097252
2418,6.356306149799947
2419,4.722777736280598
2420,6.137029062106565
2421,5.196803294088959
2422,8.020156124096076
2423,2.4847301795013834
2424,5.026071920708796
2425,0.4680779744335809
2426,8.49393102672877
2427,4.786604708541481
2428,1.0954240729955156
2429,7.234099330548814
2430,4.640155420222581
2431,4.251282189382716
2432,7.958275273216767
2433,4.716080482407355
2434,6.739543002655969
2435,6.233147492213961
2436,5.696079202757572
2437,6.838374608915872
2438,6.970208443671811
2439,6.098663997779058
2440,8.079935865409999
2441,4.317999507947998
2442,4.953003513064348
2443,6.207045849513809
2444,8.648540843440014
2445,8.350699647187556
2446,6.533148485135046
2447,7.136411471932142
2448,9.493263190623598
2449,4.444507551284091
2450,4.881018056850712
2451,6.522656118794784
2452,7.6396753883507085
2453,4.89279987571473
2454,6.23308849482532
2455,6.561731256059412
2456,3.5913225963084368
2457,8.704567756339593
2458,8.236817922769157
2459,6.86738725175432
2460,4.568394672614032
2461,6.204387819162644
2462,3.407999040850341
2463,5.402105177722861
2464,7.266895020984135
2465,8.704551916086906
2466,5.36957546601862
2467,7.4556486492284755
2468,7.545966684841412
2469,8.226343217101391
2470,5.210180940486244
2471,4.272986063278275
2472,5.0668972969419634
2473,4.748061523225295
2474,5.769802621254721
2475,5.208626840206799
2476,5.603345490711546
2477,6.2394912721793565
2478,8.162527909240831
2479,6.1372187632955875
2480,8.508688269030712
2481,4.839845603877107
2482,7.624066020284058
2483,3.3798483889568285
2484,7.713803053933693
2485,3.4712611653783685
2486,6.656661891647965
2487,5.114800066659234
2488,4.132193258093356
2489,3.8223847216269107
2490,4.204319419943413
2491,3.9952107272263855
2492,4.139292078162883
2493,6.991898974376223
2494,8.495357764523096
2495,6.150443678861947
2496,5.794523887165557
2497,7.493818951876975
2498,5.339367938168367
2499,4.852693591682214
2500,4.484512876174453
2501,6.793358022453088
2502,6.727999441941858
2503,6.483069050386559
2504,3.8520726184443452
2505,7.1299010140906836
2506,7.491836577384235
2507,3.931006896536827
2508,4.822458965678061
2509,3.908075281204438
2510,7.181632935120963
2511,9.511913419960388
2512,4.716655901851195
2513,4.5573012829814195
2514,6.884706480856594
2515,5.940940925973464
2516,2.2674369657056497
2517,7.420144415518204
2518,5.337630062060086
2519,5.253537004196315
2520,3.0888756309014043
2521,5.72154870035751
2522,9.371506044326523
2523,6.214425055738486
2524,3.9769175832339227
2525,9.592635383624529
2526,7.324560671924003
2527,8.04536711762593
2528,5.4879840748176285
2529,2.2186995155693303
2530,8.980775766419836
2531,8.622586434476075
2532,8.753308248011308
2533,4.691504915690961
2534,6.894637757762932
2535,5.6813354923980235
2536,6.6804473490669585
2537,7.075373024426956
2538,6.981959235771482
2539,7.829906929641046
2540,9.512355005050487
2541,5.475303530043704
2542,8.125354508122438
2543,9.148757190987558
2544,3.618588662406343
2545,5.723836298379902
2546,5.2129247861583305
2547,5.220679527249301
2548,5.09083803833746
2549,7.140238206322451
2550,8.00477557156755
2551,3.4395539492089524
2552,5.419418525400044
2553,7.731755670109148
2554,4.90567167505742
2555,5.395718935598499
2556,3.1964570152115166
2557,6.994752224097008
2558,7.908033679318107
2559,7.981874198084752
2560,6.670304158773873
2561,6.017359903725243
2562,4.2127300114135
2563,5.779278268623773
2564,5.682995290051914
2565,4.6240787170983495
2566,6.546962216512094
2567,8.550034811669395
2568,4.486091656910851
2569,3.29917063392464
2570,5.446460279703571
2571,8.835795094037408
2572,5.597867648355576
2573,4.150601176969434
2574,8.706077836239258
2575,9.172990520313169
2576,6.660287649994756
2577,5.063115309903678
2578,5.344693695456463
2579,3.6462764119919537
2580,5.328481163158634
2581,10.0
2582,6.38354309621514
2583,7.361149718354768
2584,4.699717490697711
2585,6.30680849787463
2586,4.071437026394294
2587,3.0067967384881245
2588,7.260015991530724
2589,6.060078575748481
2590,8.059203986327965
2591,8.520661806417193
2592,7.998648877579741
2593,3.382485093370996
2594,7.399558419709403
2595,3.7725237113840118
2596,3.5609340378435688
2597,8.044720011682076
2598,8.641852302581448
2599,3.0789649580834677
2600,4.364822350575653
2601,4.116529196728807
2602,7.607282037874277
2603,5.619592083985097
2604,4.7299873748382
2605,3.89486850865672
2606,4.623303446699839
2607,7.120680235040263
2608,7.752074551289366
2609,7.250426494285263
2610,5.61931514380864
2611,6.584399717695011
2612,5.100515809303479
2613,9.072295146850893
2614,1.6577429359484235
2615,3.3315907626329646
2616,7.238931612468861
2617,5.4079911057566346
2618,7.484304344900911
2619,9.044059650965618
2620,1.092567457915664
2621,3.911678144977301
2622,8.308751817909
2623,7.093067603772773
2624,8.1659093227999
2625,7.015591902741114
2626,8.446789650131345
2627,5.733977499882608
2628,1.822950177962796
2629,8.572228952665379
2630,5.928384885208719
2631,3.7087887588254045
2632,8.604524117725092
2633,7.5290011414506814
2634,7.2650546332421575
2635,2.870928021012938
2636,5.0477579642899135
2637,7.0848284480973325
2638,5.940444570139927
2639,6.122481726384689
2640,6.504423864335773
2641,5.9412098711762065
2642,5.520002339172266
2643,8.172869045999143
2644,6.950154519627019
2645,7.8076602906618
2646,5.19212950201744
2647,5.828852954161766
2648,8.998351493918433
2649,7.766627350261882
2650,4.54126000485916
2651,7.409849886118223
2652,6.564313949085864
2653,5.403670078982597
2654,5.881121633580763
2655,6.963191776358265
2656,9.421627760422343
2657,6.1056355439097985
2658,5.728700256872362
2659,4.111158341182836
2660,5.874344540172541
2661,6.577284868390285
2662,5.206012571598464
2663,6.597690829427422
2664,8.012597706095555
2665,5.8916005080403355
2666,2.90278832309925
2667,8.134346760675205
2668,5.9756158667386385
2669,4.818275713856267
2670,5.584224475884416
2671,7.057028321777359
2672,2.3415716704419385
2673,6.8288962900381005
2674,5.878968293436229
2675,7.662983813399482
2676,8.020022005834498
2677,5.0302694964139265
2678,7.476432238948968
2679,6.947130814219918
2680,3.853525737503615
2681,3.3794381681292682
2682,7.971074156404162
2683,5.700456009443598
2684,5.4571676297900815
2685,4.528090765500642
2686,4.097520702046774
2687,7.361920859306903
2688,2.870677737626231
2689,7.421565503786943
2690,2.7422075447731733
2691,6.027522864482177
2692,9.801076153540766
2693,3.561084748672778
2694,4.781892773841214
2695,5.741441175103717
2696,2.2570166560353706
2697,4.001482106454994
2698,4.654711944392436
2699,8.678073633995778
2700,1.5266867236540393
2701,4.809129492723258
2702,5.379699338374993
2703,7.405529176472536
2704,8.35341681685166
2705,5.853721967847855
2706,6.71168910997444
2707,5.538751689158156
2708,4.598313044765642
2709,1.183149218770874
2710,6.715047538081398
2711,6.735017800787083
2712,4.561572211048683
2713,9.376154889128513
2714,3.395372505565297
2715,3.6850706730722953
2716,3.5633130204378647
2717,2.503035459802164
2718,4.3539492917453
2719,4.863856456347152
2720,5.198324509058315
2721,6.017198864333105
2722,7.256688962156058
2723,6.497892814255124
2724,3.5664454618657873
2725,7.283123746700938
2726,8.23476944049719
2727,7.620070642338242
2728,7.5607054204562925
2729,2.821233107379475
2730,7.160727396005663
2731,6.970276775322006
2732,6.03899999208098
2733,5.761419989677516
2734,8.2133968889039
2735,8.664361393124342
2736,4.8806974952935125
2737,5.199188749437565
2738,4.927378523930704
2739,7.157293591497776
2740,5.393868720121179
2741,5.623568552112628
2742,5.680399882630583
2743,3.2581508735917897
2744,2.3570641260037237
2745,9.107292111903993
2746,6.738403651778366
2747,1.9710533742247336
2748,6.335674854066292
2749,6.519168861617457
2750,6.622940843308308
2751,6.537946335735132
2752,7.449410875330871
2753,7.031971143812272
2754,6.3729276686043885
2755,7.135446306227246
2756,4.180566319383623
2757,5.705288663615942
2758,6.331961809664817
2759,4.034606759049512
2760,7.056349635067137
2761,6.9183087762681135
2762,3.239005913670623
2763,5.8514958774144805
2764,5.815341274130416
2765,6.954610433830263
2766,5.766940337447019
2767,8.570529787512234
2768,3.8691484632596307
2769,4.725399457054327
2770,2.395979807067539
2771,4.784949871925188
2772,4.6049438197317905
2773,7.595413315609643
2774,8.01133580430986
2775,9.125802844738681
2776,8.664135498517805
2777,6.975133461791398
2778,6.40272991637118
2779,7.471803917417139
2780,6.123539585989633
2781,4.148514939401215
2782,9.100878178717457
2783,7.050378804560993
2784,7.798417412647082
2785,4.815903904404866
2786,5.302749676258192
2787,7.187258019122057
2788,6.348555923358518
2789,6.063174461353566
2790,3.0652639846394205
2791,8.58409929595543
2792,2.505132748956742
2793,2.4075192128153606
2794,2.596917767296845
2795,2.7614911765731263
2796,7.947781592875537
2797,7.019530484803599
2798,6.729463845548334
2799,3.7364424792728848
2800,3.5530511660063295
2801,3.669888933749427
2802,8.598110519303074
2803,5.565212009040104
2804,4.043444773755812
2805,6.838160909876329
2806,4.813937012676507
2807,7.8137925624283895
2808,7.9719518436060675
2809,6.6881308407335105
2810,7.501573072180034
2811,2.87028699072352
2812,7.016761005738276
2813,3.0581299341271886
2814,5.212580577593231
2815,8.998693017652197
2816,6.379701200533259
2817,6.325744594922012
2818,2.5930734922229948
2819,6.974369695113405
2820,7.868869586463896
2821,6.9457815294501115
2822,3.4461628429756916
2823,4.450459166546803
2824,6.099004974468697
2825,4.2349579520457175
2826,9.50008725408766
2827,7.331209183019075
2828,6.601142857060033
2829,7.536103219809935
2830,5.041471433951065
2831,6.294061600849611
2832,7.820662649273289
2833,1.8627438098959639
2834,5.584006714362377
2835,6.508633475859292
2836,4.206326388321815
2837,5.747535760996973
2838,8.477850733011365
2839,5.677534189195921
2840,6.056124073299592
2841,2.655782903678994
2842,8.028545950823275
2843,6.407302461989082
2844,6.933336733945552
2845,4.464157584052108
2846,7.784732434190727
2847,6.594869045575343
2848,5.965024858468757
2849,5.5145021028058245
2850,3.533628011042793
2851,1.5561424279246052
2852,7.265587860030138
2853,5.127521283649126
2854,5.306329717142387
2855,8.821119852147554
2856,3.4523400380121805
2857,9.287239432573655
2858,7.362417719032493
2859,6.393114638396997
2860,6.9459727532294355
2861,7.292358363708606
2862,8.375013050982817
2863,7.144905389275178
2864,7.476109650956657
2865,4.888643134756691
2866,8.201330885511728
2867,6.617321610503299
2868,8.811198517156594
2869,9.614604991388656
2870,6.090857195736137
2871,6.822712885626881
2872,6.216975658417353
2873,7.537210530889933
2874,5.19198780318425
2875,7.010633387062972
2876,4.2312286075259165
2877,3.9338508770837546
2878,5.804953886978688
2879,5.623706827953788
2880,3.7852924878995764
2881,9.699987824068053
2882,5.3682699471335935
2883,5.7310067577625325
2884,6.551054339293035
2885,6.4503772479517485
2886,0.8091098095425769
2887,7.063171486087276
2888,8.505803285832643
2889,7.035663243555769
2890,7.383765875559922
2891,7.913661180775377
2892,8.240043444631624
2893,5.245303354670838
2894,9.365653686620487
2895,2.943608058609864
2896,8.254676578332992
2897,4.996694385184265
2898,3.582324743370427
2899,3.185562570393831
2900,5.525377526673694
2901,3.4113844905058386
2902,9.073546602391366
2903,8.12281742024913
2904,4.4181221258157475
2905,7.693906389754492
2906,8.043732765844352
2907,6.779922458894981
2908,5.91364940984591
2909,1.5583315624789014
2910,6.063606435590248
2911,8.96494946106113
2912,3.876979615047256
2913,6.863177230212499
2914,3.8096639295831904
2915,5.296694822380322
2916,8.682128871293624
2917,3.4506450906784143
2918,8.475322912987082
2919,4.112732994081028
2920,7.052275153309338
2921,7.738552624510661
2922,3.4973322115871093
2923,7.681602395045051
2924,7.357947426106653
2925,6.568460649847781
2926,7.019715434832917
2927,1.7208635384012747
2928,3.9607161930754144
2929,7.71232531025538
2930,5.009442698682301
2931,4.30302806076463
2932,6.276676322578607
2933,3.2975821531400107
2934,2.6895882662395914
2935,6.614900384567731
2936,9.53335883555826
2937,4.633256014914058
2938,4.573547928220487
2939,5.799871252919783
2940,5.735469638421305
2941,9.159642565015588
2942,5.301426565939283
2943,6.06985149726285
2944,4.790003108445493
2945,7.303396178287613
2946,8.10258027658019
2947,6.840665786193347
2948,1.692016058908548
2949,6.150957240637093
2950,7.070141719457054
2951,5.236505590356083
2952,5.394594547239261
2953,5.689874704394134
2954,6.318458092425172
2955,3.730488484295182
2956,4.871755173421339
2957,6.719829104871874
2958,7.539665184642811
2959,5.889978536446913
2960,6.344409510695128
2961,3.838827073140618
2962,8.42099306256461
2963,7.710887564435472
2964,2.691280742508739
2965,3.1862944884030484
2966,4.767533841139387
2967,6.3432257666932275
2968,6.41227835785541
2969,5.395761044635582
2970,3.34052773160548
2971,8.587336111924698
2972,10.0
2973,6.6173421674643
2974,5.087539038540284
2975,5.563549454832039
2976,6.502688757725927
2977,4.883929999920396
2978,7.883233822121199
2979,6.844827948603917
2980,3.7855778616315767
2981,9.765709199834708
2982,4.6452011992736315
2983,4.68921205888119
2984,8.393688867790214
2985,6.957947554971713
2986,6.5179077686080635
2987,8.90229040124126
2988,6.744157296334326
2989,9.340398801776876
2990,6.454405742688963
2991,4.982950391799515
2992,6.552903726932373
2993,6.2278747271784365
2994,6.18351881503389
2995,6.405509170861664
2996,7.161542450199761
2997,9.817157862021636
2998,6.173117178092867
2999,4.8129105848192575
3000,8.914509126214755
3001,8.177612825640782
3002,6.757288426712196
3003,5.300673047471171
3004,7.644377560331755
3005,6.261329138757526
3006,6.391539067198883
3007,6.734873403087333
3008,9.23518066134549
3009,7.382591367522569
3010,4.566137185126891
3011,4.08824823601831
3012,7.909228102639666
3013,7.313039000508673
3014,4.978297201705039
3015,1.620836077401031
3016,8.304661754680714
3017,5.543137564462296
3018,8.572109701807715
3019,4.197216278718748
3020,3.9154408667257083
3021,6.362965124990875
3022,4.313497568140878
3023,6.037778740025882
3024,7.8031024906521145
3025,2.9012584627734026
3026,4.007355110314368
3027,5.991001670369161
3028,7.665831745935109
3029,4.409136761342493
3030,7.128469498047149
3031,4.350504269835817
3032,7.070395229545579
3033,5.089571179551151
3034,7.265150135372359
3035,7.961301008095714
3036,7.111688487832321
3037,6.464829767534486
3038,5.915059484215089
3039,8.49436547125977
3040,6.612015493800828
3041,6.681648537348433
3042,2.610299141262627
3043,4.68917672548368
3044,5.747441629554416
3045,7.712424724369116
3046,9.476299237818159
3047,6.389977333833052
3048,4.853315120535942
3049,7.948401068702575
3050,5.883485187828809
3051,8.296685345560185
3052,3.1605614450088657
3053,6.361957204564383
3054,7.383733757726131
3055,6.59216322859506
3056,7.050773300433572
3057,7.577413741007343
3058,8.927685702015811
3059,8.054634814266553
3060,4.195398720418862
3061,5.560080063520612
3062,4.0534414917614345
3063,4.539769537224037
3064,4.276081221869395
3065,4.29285370070542
3066,7.436928330874475
3067,7.31571023141216
3068,3.139218970018306
3069,3.3906726082191603
3070,5.7389630732113135
3071,7.168190059038716
3072,4.721768495687002
3073,6.938355603461104
3074,4.4830126519375515
3075,7.0954636972661405
3076,3.3645661762218113
3077,6.733238081894298
3078,8.529422753563301
3079,8.248467985226686
3080,8.686510553495376
3081,5.970030096655189
3082,7.720257327348065
3083,7.255909760681515
3084,6.373401267327708
3085,8.617991654691318
3086,6.008025134865796
3087,6.145835125580961
3088,3.6764679220070735
3089,5.474138035871559
3090,9.393084622678577
3091,4.621340539095806
3092,2.734070431875323
3093,4.074720634796419
3094,3.9250444986022415
3095,3.455397658981991
3096,4.006342289827045
3097,5.676299313732225
3098,7.913450211825369
3099,3.8073151107306566
3100,3.0546578222432426
3101,4.132658873064876
3102,8.109739849703013
3103,8.148563691271487
3104,5.003875065390022
3105,5.559739699827595
3106,7.214194130385938
3107,6.688122263751788
3108,6.884230924570818
3109,8.36081464787355
3110,6.657031960685002
3111,4.601263136666604
3112,7.042126955690459
3113,5.508607534802791
3114,5.366152366618339
3115,6.145020748783643
3116,6.1292911028324735
3117,7.106090940406099
3118,4.199738771537832
3119,8.410331927441206
3120,6.088863245083154
3121,6.021334231422069
3122,6.715298251465729
3123,6.0254003057148315
3124,4.267704912020677
3125,6.202695839438417
3126,6.964644244004002
3127,4.521265722885157
3128,2.9686338834460684
3129,5.279940324489625
3130,5.293420782211609
3131,4.79082478482643
3132,4.87917577959981
3133,6.579579523527045
3134,7.217133423819177
3135,5.049871490481904
3136,3.615802222060729
3137,2.3343726240415217
3138,3.6788431654340386
3139,6.779857317660511
3140,9.836710271837337
3141,6.867108538385707
3142,5.421999996700532
3143,6.282785122659809
3144,6.0387798581633065
3145,3.167329421848718
3146,5.606503740420634
3147,5.928659889467986
3148,3.1818886337083434
3149,8.03755841914001
3150,6.802050488409322
3151,4.715738237145208
3152,5.5407522773878375
3153,3.8487536660155053
3154,4.23261200242138
3155,3.1270372347350883
3156,7.025528626603772
3157,7.871933499850204
3158,6.529744364860705
3159,6.204176514485483
3160,3.33552593977503
3161,8.116615449265064
3162,6.4480891768598605
3163,7.488220502206239
3164,8.351519031284685
3165,6.628959788985983
3166,4.739562488766076
3167,3.5620881118199685
3168,8.876055993146482
3169,4.018515539734374
3170,6.649403477362921
3171,5.553491792595684
3172,6.286771995161033
3173,3.7776431450107393
3174,6.990448661949189
3175,2.1834822169146593
3176,5.451359186049996
3177,7.1395923039469515
3178,5.077132790474498
3179,3.196457140966254
3180,7.0035019301539725
3181,5.092027367024075
3182,5.723726262802148
3183,7.085838681125791
3184,8.259421987984547
3185,4.8279337967710365
3186,4.778311750280197
3187,5.48583968344038
3188,5.411433132540035
3189,3.407851791260228
3190,2.3242763312609758
3191,8.023562160159113
3192,5.208422062528484
3193,5.79803581159929
3194,7.401553376688743
3195,2.907565343999582
3196,8.100269729943388
3197,6.637374823264244
3198,7.342318771796978
3199,3.7134043445306633
3200,5.562810815341629
3201,8.473575894349542
3202,7.093719979616343
3203,6.174749647428477
3204,7.63437049684922
3205,6.798368903504206
3206,5.494123204484036
3207,7.312605039914861
3208,5.414836043768216
3209,3.3274693857027877
3210,5.91155862916201
3211,3.668992930925595
3212,1.6334734768087056
3213,8.7532389824966
3214,5.077518556268363
3215,5.133584831740457
3216,5.533112622564739
3217,4.753048571631858
3218,2.5844506209821687
3219,6.149517159321759
3220,7.217608350698356
3221,7.6196287092136386
3222,6.879578452053075
3223,7.350908908610743
3224,3.9587479806079116
3225,4.144652620153501
3226,5.021807869461915
3227,8.933160039121995
3228,4.351282848221439
3229,8.287141725853786
3230,8.64706484268883
3231,7.426034552070659
3232,5.834655540290227
3233,4.844639670548768
3234,4.459917718761523
3235,7.986273949590943
3236,5.7322566364441165
3237,7.393965543708666
3238,3.5803150595670203
3239,6.64277026356882
3240,5.155637375591644
3241,8.037840537902891
3242,5.149394261912033
3243,4.00921505993482
3244,7.362509553057654
3245,6.299143075919059
3246,2.1891954888721314
3247,6.519440695353643
3248,9.008968395011154
3249,2.1286017519579064
3250,5.269197621078279
3251,5.771510670847855
3252,6.1740828122764615
3253,5.670077305578403
3254,4.609993506334881
3255,4.9036332493297605
3256,7.625596040332505
3257,6.239712513378354
3258,8.554368708684411
3259,6.829265850229905
3260,6.905456544793293
3261,8.12449304640849
3262,8.340217339605394
3263,9.109065116489019
3264,5.457017201780511
3265,8.319105553386382
3266,7.14909717192032
3267,8.38593966580429
3268,7.158701464322574
3269,5.7583106572235945
3270,6.272254105370375
3271,5.407093983020743
3272,6.670532565629118
3273,7.72353598727901
3274,1.7331664729700718
3275,7.17206062301028
3276,6.500166714288298
3277,1.8984181505341198
3278,4.291312840096148
3279,9.463445227635889
3280,6.667208444971897
3281,5.182950789646111
3282,6.830293281111204
3283,7.2592760356479085
3284,6.885395208801204
3285,7.254163271139074
3286,4.029297217292223
3287,9.304235123983847
3288,6.073785559329391
3289,6.450929052578181
3290,5.361170010260482
3291,5.025166186441338
3292,3.8590339248421475
3293,5.830223727113113
3294,6.5033292431945195
3295,5.044315675759697
3296,7.162955174717458
3297,7.130412574370232
3298,6.551431618397083
3299,5.208136188447233
3300,5.626520439212703
3301,5.677172566389752
3302,5.700167303083134
3303,5.032368135272591
3304,5.517511232626773
3305,6.0764525757397925
3306,5.849748781729919
3307,6.5354317149101915
3308,2.5272819440943355
3309,7.464123449082931
3310,6.812985723926153
3311,8.163424500627507
3312,5.067513577013011
3313,6.063286266937994
3314,6.002097316059303
3315,4.517341086663055
3316,6.975426926631163
3317,7.748121788289595
3318,1.7110496273688764
3319,8.657194947666891
3320,7.166831519174408
3321,4.429013541124655
3322,1.82334811581428
3323,8.172816296971838
3324,6.498106859926299
3325,6.315258655022701
3326,10.0
3327,7.311388868992959
3328,6.269555172383315
3329,4.6471841212739555
3330,7.169720530112056
3331,7.00502655648148
3332,5.610073323338614
3333,5.582461659997146
3334,5.1341177142930405
3335,6.16227978418912
3336,4.099056021670828
3337,2.6281288025206115
3338,6.4869769261741395
3339,4.666228653642258
3340,7.768489434915993
3341,8.202660163955553
3342,7.01851776199238
3343,5.539688143003412
3344,4.917767836401571
3345,6.713008872235449
3346,6.846976767600008
3347,9.071138500854925
3348,8.561383736176158
3349,7.631421037284162
3350,8.227972338865337
3351,5.2591869597809975
3352,5.210296631461198
3353,6.897024057479139
3354,7.101547672576121
3355,6.380960319459687
3356,6.814335181551859
3357,7.8902461367744845
3358,8.878111180036944
3359,5.976778119260637
3360,6.453451620173553
3361,8.02405809467983
3362,7.581785932819541
3363,6.28381869578516
3364,7.132296695220195
3365,2.6360044389088317
3366,5.088696212756773
3367,5.585912433882202
3368,7.4392112697501
3369,5.912019857112707
3370,4.4428431460415405
3371,6.905366125957953
3372,6.9665423265173
3373,7.35333711664523
3374,6.095639261662465
3375,5.386071818938354
3376,8.773394920760195
3377,4.448805520536652
3378,6.90649329923669
3379,5.77770662276493
3380,6.726455090886683
3381,8.05278325828915
3382,3.2924559706843612
3383,6.340412469982362
3384,6.791741836991113
3385,8.068276666964087
3386,4.192831618044211
3387,7.898548841975439
3388,8.683905564144451
3389,7.5638033768852875
3390,7.801642100750523
3391,8.05362344816579
3392,3.5789340979308335
3393,6.967971641606762
3394,6.554098730548447
3395,5.586855834514396
3396,4.395770398622536
3397,9.401587540458596
3398,9.887594438046696
3399,2.398651271903109
3400,9.488157723968934
3401,6.1651569400177335
3402,6.697907553109063
3403,5.5078285025234175
3404,5.822452150794292
3405,6.133256730419128
3406,7.734796183557357
3407,7.523970739088143
3408,6.324862401128229
3409,4.955570935536248
3410,4.935961261895474
3411,4.983582165439538
3412,4.136462228210117
3413,6.590181284454179
3414,5.718959302139694
3415,6.816892519087754
3416,5.496262769392147
3417,5.891572036970473
3418,4.819496002779085
3419,6.049359819914616
3420,4.6956636418057505
3421,5.697453173233102
3422,7.0472983998904235
3423,4.66348900816961
3424,7.3746823890060345
3425,4.9800389275771355
3426,9.109846169677743
3427,4.561989827750281
3428,5.627475081432617
3429,7.102180719643507
3430,6.554822364341077
3431,5.972410072346159
3432,2.0649143369929845
3433,7.099165208859655
3434,6.404351705651811
3435,6.436082359075475
3436,4.96055858628019
3437,4.61361658779245
3438,8.693691414942073
3439,5.215717334797247
3440,5.782553288226042
3441,2.9631155204779924
3442,7.6371209067997
3443,2.8314017125634496
3444,5.681050417288356
3445,6.846259811395487
3446,9.063120324709564
3447,8.043587085550877
3448,5.328596695534043
3449,5.062659773850449
3450,5.192284302380733
3451,9.04767355156142
3452,9.394767867781855
3453,8.814713514945227
3454,2.265362495522484
3455,3.661144566259796
3456,4.746056923236233
3457,6.281473088303141
3458,4.519070607596219
3459,8.589001956488369
3460,1.6732224260271833
3461,5.961383879306401
3462,6.139557867478667
3463,4.425907091629992
3464,7.2659739200718745
3465,5.5492011449384675
3466,7.2406546511818055
3467,4.726254709341071
3468,4.720783603452776
3469,4.291039467616725
3470,5.839550263528251
3471,4.638745426881183
3472,4.114213792863565
3473,5.18371737037371
3474,9.060276398285941
3475,4.688772661709473
3476,2.313928430881852
3477,3.946459201228082
3478,5.288555316043108
3479,7.14194843263515
3480,6.664842611982263
3481,3.6378041725724977
3482,6.460442586342568
3483,9.089058324372552
3484,5.366975749784837
3485,5.561507245825955
3486,5.992226052668045
3487,4.910913419954632
3488,5.855590198766875
3489,4.005022244565041
3490,4.000545318252129
3491,7.94694147229614
3492,8.718673488875886
3493,7.2877712675727775
3494,8.84551278302375
3495,6.213047057937773
3496,8.091439719527434
3497,1.7876973833318412
3498,6.038906526404922
3499,6.512198468239964
3500,8.417744799513956
3501,4.197981649341257
3502,2.5809116596713384
3503,4.222297283566059
3504,3.6793625952502813
3505,1.3242427266786165
3506,5.969998904549963
3507,7.799898319484674
3508,6.88727692518734
3509,6.844499505891587
3510,4.489456086396019
3511,6.512081191594972
3512,5.992097487974143
3513,6.387244681739151
3514,6.715881061286504
3515,5.307961347081531
3516,4.918451878271357
3517,9.051829491787284
3518,1.271828827692564
3519,6.5706049984624855
3520,5.560548579575395
3521,6.50203126320441
3522,8.921981672110203
3523,5.418908972308526
3524,7.392244796193096
3525,9.051139296971662
3526,3.006010353923187
3527,5.456700119213816
3528,7.7160537709687675
3529,9.584503268873284
3530,8.243830779922742
3531,4.257666140208013
3532,6.184887508200177
3533,7.797903869776759
3534,6.7388504257730135
3535,9.39782459376324
3536,6.667677418833918
3537,3.9945254533342185
3538,7.166038357661838
3539,7.654042664353378
3540,5.642944892763502
3541,6.773509147571885
3542,7.151644979383857
3543,6.19436951997572
3544,8.185863335918123
3545,7.726016908752678
3546,7.867992558266077
3547,6.511105384481379
3548,6.006084015254803
3549,5.255525357947447
3550,6.218340631163577
3551,8.261225134164182
3552,8.27529455764761
3553,8.053049777354587
3554,5.349726648245614
3555,7.659469007440096
3556,5.941283388180126
3557,2.9261363771868667
3558,3.313367989255433
3559,5.392214641650382
3560,4.102240631079996
3561,6.274629577034811
3562,5.23238399094486
3563,7.727700777477045
3564,8.375706893141205
3565,5.7867324866703305
3566,5.571144450778887
3567,4.696194208084561
3568,6.514248742001607
3569,7.159663206372198
3570,5.947777363393736
3571,6.109966230572197
3572,2.3169571625326055
3573,8.555358791505691
3574,5.369792863847362
3575,4.819380282042577
3576,7.842502224855847
3577,4.407174758614423
3578,8.5773971571652
3579,5.421101682861199
3580,4.964857358051354
3581,1.807110214567614
3582,6.217212423717167
3583,5.607831982340072
3584,3.0295866088411367
3585,8.230515526292145
3586,6.472261380755423
3587,5.438958069153426
3588,4.763421454410794
3589,4.8995264140430965
3590,2.594629073387487
3591,7.398788669903757
3592,5.789021911753085
3593,8.120655316261592
3594,6.502502261966813
3595,4.799591998085982
3596,7.737569105595862
3597,6.174689611231627
3598,5.583008484130262
3599,6.781797037273133
3600,4.984677815842783
3601,6.74927017113095
3602,3.2919577553309822
3603,8.906543173219829
3604,5.243370780682931
3605,5.585636799149742
3606,1.04177820558496
3607,4.723539451213193
3608,6.541891059828809
3609,5.311790866705466
3610,5.647050833901223
3611,8.906267343022725
3612,6.199236462398095
3613,5.064255473424187
3614,3.6008913526812587
3615,1.8301674760634201
3616,7.7813073915443365
3617,5.8828085430857575
3618,7.275769631636944
3619,6.470349846473286
3620,5.342421506796989
3621,4.120692694087783
3622,6.292322650015686
3623,4.646928691221184
3624,8.698032289162065
3625,6.42016506467256
3626,8.82353852158262
3627,6.782995052981476
3628,6.560721986367471
3629,3.937673810789044
3630,6.0617753872796
3631,1.3233905228195928
3632,9.480343842657089
3633,6.249934125532068
3634,5.889606812439364
3635,6.000732522207548
3636,6.257870565708199
3637,2.323903704229283
3638,5.772154941123075
3639,3.6839885752635815
3640,4.03275003922595
3641,3.837813819880673
3642,3.3749152370980835
3643,7.575208204692783
3644,6.981281989474639
3645,7.202868390805441
3646,3.335173965835005
3647,6.396762128875282
3648,7.479345924750131
3649,9.609663830210824
3650,8.247632311011722
3651,7.628313977976224
3652,8.61056833634857
3653,6.564514896924986
3654,5.616946356033677
3655,8.751000712680009
3656,3.298198377212139
3657,8.74974346658463
3658,5.671911370463267
3659,4.564960647485829
3660,7.996133861992689
3661,7.040324393701647
3662,6.189166611428184
3663,5.463093635901738
3664,8.495174534261356
3665,4.394129048751424
3666,7.96700375629636
3667,6.8018968741958625
3668,7.407454077561785
3669,4.824353127660842
3670,3.388352500145161
3671,6.944570078112937
3672,3.115976041915268
3673,6.463953479330851
3674,2.611171233568878
3675,2.2459462666181107
3676,5.5771824688549545
3677,5.375123609461841
3678,5.499058903818278
3679,6.298705774139835
3680,10.0
3681,5.739535973923225
3682,8.884042117383297
3683,8.677236853249005
3684,1.2430717790352643
3685,5.142196269007295
3686,7.05392054083652
3687,6.3822295745484485
3688,3.1989185950039722
3689,6.978298185093552
3690,6.18770844439598
3691,6.9224308653007185
3692,7.866279626383325
3693,8.828398111959638
3694,6.402345905726801
3695,7.633081441716264
3696,6.4748825743760525
3697,8.225675812566255
3698,4.985532974567261
3699,4.5410365756379445
3700,3.0160439890456896
3701,3.632377472677375
3702,9.298007141510704
3703,3.563238703317759
3704,7.493258672845418
3705,7.041898273641158
3706,3.178355453620195
3707,4.561988692539038
3708,2.544343419614694
3709,6.131812320042574
3710,6.095933186906185
3711,8.361438934232433
3712,5.6484394068047035
3713,3.813286034324967
3714,5.061239466681203
3715,7.949030352813542
3716,5.456427449401737
3717,6.363900200080124
3718,7.025110896234046
3719,6.6975194272832255
3720,7.7517903108948225
3721,7.890144967076919
3722,7.333234403913894
3723,3.8725109871602745
3724,8.243601704943757
3725,6.153975695772684
3726,2.72900646472456
3727,6.4633311883005575
3728,7.127258650872074
3729,6.778402214366548
3730,0.17690859684552576
3731,6.482854161810283
3732,4.930626880952964
3733,7.51695483033792
3734,6.774648551995506
3735,1.8962682222358525
3736,6.377303795490135
3737,7.283439419999954
3738,5.77165730057756
3739,8.735623247784218
3740,6.646203854299346
3741,3.7068357007721566
3742,8.73496868668936
3743,4.678621822459725
3744,5.712173089223434
3745,4.858179750206673
3746,9.385243813167406
3747,7.704333437995998
3748,6.811485922845109
3749,7.579112979504654
3750,2.5456976128026403
3751,3.68470904290241
3752,6.3811856296619265
3753,3.8337523756282277
3754,4.429993470013624
3755,6.323484222434227
3756,3.4472924457982286
3757,7.735311934659471
3758,8.020135989659854
3759,6.895386812318859
3760,8.901618902939266
3761,7.03700114689488
3762,4.460981299013409
3763,8.35096045160787
3764,4.572739331971742
3765,8.920953976843268
3766,3.411858511053996
3767,5.766732488099729
3768,6.158135607593909
3769,6.2486398374320995
3770,3.5149308810640885
3771,5.947110881956631
3772,3.2420587000544225
3773,4.973995748489045
3774,6.081106024456631
3775,6.551268848913485
3776,7.413978675728612
3777,0.7496028729783425
3778,6.020874178396766
3779,3.43638551679865
3780,2.960137226671084
3781,4.318457452881163
3782,5.567893279853973
3783,3.7686855698024053
3784,4.0684575762832464
3785,8.112871614622067
3786,2.0929259677053733
3787,8.186467139119543
3788,4.623643059495779
3789,7.329359134808072
3790,7.691109851483854
3791,5.286621101820095
3792,8.510421978462544
3793,4.317333203928073
3794,4.832454802730942
3795,4.3608890050352
3796,4.041748852481097
3797,6.323422177910358
3798,3.721774400631656
3799,6.055450155152524
3800,5.447202448820776
3801,8.308449597674265
3802,3.959070539348824
3803,1.571866669991399
3804,9.06862700454926
3805,1.8353389781193368
3806,8.239636242432278
3807,2.960352249912497
3808,4.155229354102465
3809,9.167875247230675
3810,4.808136331129005
3811,7.375780902435783
3812,6.408606882207182
3813,6.8521266342147324
3814,4.9042591705170615
3815,6.8716292584849175
3816,5.424157486468413
3817,6.216179375291388
3818,4.61984333083264
3819,6.018465059670628
3820,8.371704885023997
3821,4.4288687138341505
3822,7.945254640038837
3823,7.176133245414493
3824,8.542497874919215
3825,7.737985004027311
3826,4.8926843583400785
3827,9.331264075867537
3828,6.367932338296168
3829,5.930494948163336
3830,6.4420600399207695
3831,9.063427141385713
3832,7.593756921793506
3833,5.428859075512218
3834,5.946147296276028
3835,8.610202250535846
3836,5.824147369176467
3837,3.552265181799541
3838,6.64963292016949
3839,3.6245104151463248
3840,8.553537543762294
3841,7.345407899457005
3842,5.891205238158797
3843,5.557531094938982
3844,4.667936845717534
3845,8.735340065449094
3846,3.040511282339973
3847,5.858791969115047
3848,6.684390837641746
3849,3.8638598475085204
3850,9.048177284185352
3851,3.5106863492373024
3852,4.5844908304038405
3853,6.036783046780556
3854,3.2784567755950897
3855,4.203769997344827
3856,5.127931088078021
3857,7.167816159313458
3858,9.46000639555958
3859,3.6394184318696756
3860,5.6759451542374935
3861,6.848143133963645
3862,2.4937407855101075
3863,4.76665837492133
3864,7.999784662219782
3865,6.24837378700226
3866,5.713342377406438
3867,6.400491202006708
3868,4.122711129531688
3869,6.286012766079657
3870,6.940454319017768
3871,6.18566849566064
3872,6.054701012652712
3873,5.438882501313339
3874,7.118094498208966
3875,6.145493306166286
3876,7.805442544705714
3877,6.934330540273534
3878,6.801962512264414
3879,1.8586542084011595
3880,7.282105588836417
3881,5.295649293870265
3882,7.283807917153335
3883,8.206694072437
3884,8.11348527406026
3885,4.0992965368350625
3886,2.065534582234318
3887,2.5508793770598666
3888,7.824161488466189
3889,6.5997348947920464
3890,9.249611342154722
3891,6.863339115830423
3892,3.206234271774512
3893,3.0357301301045982
3894,7.394826050592011
3895,5.885180968264098
3896,5.505337011421046
3897,3.4846687548693716
3898,6.551684889793474
3899,2.156669540667735
3900,5.084507533537609
3901,7.252168914194777
3902,8.432499394089652
3903,8.642474777847834
3904,6.397902039492491
3905,7.192468816982282
3906,1.2494328090592712
3907,8.653686869774196
3908,3.8536307566449555
3909,1.1167626965323154
3910,7.568066746571158
3911,6.946697730993005
3912,4.015331135232685
3913,5.398952968748861
3914,5.298218288388249
3915,6.259839043931137
3916,9.032995357614995
3917,1.9227299358142236
3918,6.3627235938929605
3919,6.263286937769472
3920,0.3714010183935915
3921,6.338654809710531
3922,3.377964914745386
3923,7.004242871433223
3924,5.716455297714669
3925,7.865569324845076
3926,6.5272277892360355
3927,2.9964004028597486
3928,6.611180886073098
3929,2.2954321285190065
3930,6.331932429526499
3931,4.303693669746904
3932,3.497205940289853
3933,5.790049420085113
3934,1.6223182916340821
3935,4.62316643904188
3936,7.549193474290421
3937,5.296802674099309
3938,4.641172415806919
3939,4.85906446967518
3940,7.366304242045435
3941,3.2831377476785164
3942,3.443793758929331
3943,6.480480248019291
3944,4.984957073190016
3945,4.195247869040194
3946,5.705022098375803
3947,8.157950522942933
3948,8.311739343391514
3949,3.749023456944776
3950,2.194513766114118
3951,5.802393706975118
3952,3.4858447491468905
3953,6.639052976336429
3954,6.108091229180985
3955,7.3322988323489655
3956,5.607397764471923
3957,5.481194768646013
3958,4.70914343586536
3959,8.17842015443093
3960,7.51633494443967
3961,3.606368150216536
3962,7.414019777665684
3963,4.389930781664309
3964,3.8271631025155415
3965,6.478569320295275
3966,5.478289629184008
3967,4.604226474897954
3968,7.092025077739863
3969,1.3426783618633613
3970,8.970714422580384
3971,8.475251944346532
3972,6.3516231617037855
3973,3.9750577558923617
3974,9.264405566475917
3975,4.929906602337641
3976,8.490551455566973
3977,6.61460938236189
3978,3.216367705396586
3979,7.004585287241803
3980,5.388050947186216
3981,7.99297898300649
3982,9.942475030754732
3983,6.713901739173832
3984,3.447047656473753
3985,9.520892591067685
3986,5.140737387821747
3987,5.231498922721832
3988,6.9563778123914615
3989,7.5372468335996095
3990,5.594409675630495
3991,2.1435733119519815
3992,5.82639745567998
3993,7.809207919811747
3994,4.045692438078951
3995,4.186003905284419
3996,8.628950586570822
3997,8.084370877867109
3998,5.518802835472049
3999,5.500316502098129
4000,4.750923885409994
4001,5.448115190611756
4002,3.8601727297561053
4003,4.213033310598786
4004,5.335364031617945
4005,5.387516368085984
4006,6.937113094373432
4007,5.074691509326748
4008,8.731679307713975
4009,7.202772970069457
4010,5.763428191461145
4011,6.754831854765401
4012,2.316311433289063
4013,2.9302585696719787
4014,3.8091786543600565
4015,4.968788724362463
4016,4.137050504893261
4017,3.4760362102186484
4018,6.652243185727819
4019,5.491905638397878
4020,9.060203141498922
4021,2.1904815588811055
4022,8.20520963131733
4023,5.530409596286633
4024,6.396062243375358
4025,2.2949943346336816
4026,7.384910416284063
4027,8.039260907567293
4028,5.249570075433027
4029,7.269048541600903
4030,6.219663473204223
4031,7.7484421198894955
4032,5.10100052501941
4033,9.08885422188085
4034,6.509014241570411
4035,6.38770150377667
4036,9.667824259972114
4037,7.056196275712654
4038,5.690177497731088
4039,4.805423004612863
4040,3.2189600421559548
4041,8.317843382405446
4042,7.079545964636494
4043,8.18550977158541
4044,6.107533394822395
4045,7.923432896903828
4046,5.129571014115426
4047,3.269453542609031
4048,7.19186960287838
4049,3.8606777847095275
4050,5.011199273882626
4051,2.197592591378879
4052,3.8959183181652244
4053,5.908164946201955
4054,7.8260484498058185
4055,4.347466311234051
4056,6.597804018233132
4057,7.631304515985637
4058,8.196178487315933
4059,6.713276834857027
4060,8.10941417594013
4061,6.7016347364450715
4062,3.1036250389208067
4063,7.667345663985049
4064,6.126714495219506
4065,2.652481139347521
4066,6.472360015867518
4067,5.6518845647549325
4068,4.772062827521342
4069,7.509077402710014
4070,6.964720709709091
4071,3.0148859581262433
4072,7.449531450293826
4073,7.987664767596995
4074,5.981182061330337
4075,6.5008069977937
4076,4.035836410569542
4077,5.72899909889578
4078,6.460085898296356
4079,6.714371258759174
4080,2.4866851975323385
4081,5.339644946484659
4082,5.30257455549917
4083,2.0341474358105205
4084,7.209779916497481
4085,6.347218937429013
4086,7.854244601862714
4087,5.583153152129024
4088,5.913585746134974
4089,4.619767715792441
4090,5.121705757164352
4091,7.8898948859026286
4092,7.768679784996981
4093,4.537544428011362
4094,8.240586315165066
4095,7.305405642663907
4096,7.304739614768527
4097,4.768171538266281
4098,7.830740508181583
4099,5.18374300528963
4100,1.2553426978316373
4101,7.33796159745415
4102,6.73274427401344
4103,5.496278304586023
4104,3.194843327868436
4105,5.950729512466988
4106,7.579422338204335
4107,4.9976009661250895
4108,5.75217596305639
4109,5.42120043365304
4110,5.491967219087148
4111,5.0901653869821875
4112,9.11681017096868
4113,4.1400631137230235
4114,6.923509040539207
4115,6.019650158494304
4116,8.91867447794354
4117,6.214130580053849
4118,1.6966080266495664
4119,6.526187686542169
4120,5.229396037372766
4121,4.715403976408159
4122,7.786779813199741
4123,5.638893752468551
4124,8.256733593255849
4125,5.058523703698974
4126,5.317713615194044
4127,4.216641669442187
4128,3.9659900544571047
4129,4.343843358867111
4130,3.522090779335206
4131,6.263187892110608
4132,7.567944734359964
4133,4.677398387997756
4134,2.7043436083808303
4135,6.138632633091191
4136,6.122697857541555
4137,5.029981057214135
4138,1.9510476716733824
4139,6.907528666209317
4140,4.1982685480431865
4141,7.940956608892807
4142,3.943641910268132
4143,7.751302562955763
4144,4.441832399895825
4145,5.375215247170926
4146,6.1039537408177456
4147,4.767642878241454
4148,5.777418701082054
4149,7.0297432574276
4150,3.499207438699445
4151,8.827722129321259
4152,2.7427218260148485
4153,7.531361651644406
4154,7.4163181343342774
4155,8.253168017230681
4156,2.679113246737617
4157,6.227731686883377
4158,4.272499117091643
4159,4.369491252199547
4160,5.820679485606472
4161,7.083033237757507
4162,5.228260622493436
4163,5.489786881395935
4164,6.304904281026525
4165,2.9177332399641602
4166,1.2616977991212786
4167,6.508060740198687
4168,4.827381594994255
4169,5.192436989533279
4170,3.3348662769175252
4171,2.866708507280278
4172,5.1538962090689235
4173,7.853432649667044
4174,6.843923055932658
4175,7.291107648894493
4176,4.978011698349148
4177,6.720593274017828
4178,3.321181845301844
4179,7.255709421959579
4180,7.012331676504792
4181,3.8379749075969647
4182,7.709475472119145
4183,5.278193193409738
4184,5.802180470407977
4185,5.292540713037886
4186,6.544314010068177
4187,8.553195025114784
4188,6.8820243829271615
4189,7.8924525221158195
4190,4.675007973905335
4191,6.820682528318268
4192,6.870085537478134
4193,5.652139259932385
4194,3.1487767269476996
4195,8.426453504205213
4196,6.921675805876398
4197,2.86741663404931
4198,4.00135133290294
4199,9.482559509932193
4200,5.8982140038083655
4201,8.60182585956073
4202,7.03110472320118
4203,5.92371521989465
4204,7.59900840189802
4205,3.6988555666648484
4206,5.365122025212432
4207,7.399838218594983
4208,2.5772567602235683
4209,5.846025403392063
4210,5.2011933670489245
4211,4.502344893740105
4212,7.3881590409658005
4213,4.462444099664948
4214,6.370604488181529
4215,5.621472990254322
4216,6.249813659738825
4217,6.484819714103763
4218,5.2622839661463345
4219,5.659923609440377
4220,5.8368249866264
4221,6.570385600281988
4222,5.096479270863448
4223,7.502632491916994
4224,4.578404974180933
4225,4.473890504797022
4226,7.399764074112946
4227,4.409048138173847
4228,1.4168787620637708
4229,3.3731642228375875
4230,5.467697048181458
4231,5.111982192369331
4232,6.533298542382788
4233,3.3080181547180683
4234,7.13990917930571
4235,6.104133187333233
4236,7.534325476662812
4237,6.890229881285424
4238,5.847122380964308
4239,7.755346989820632
4240,8.288392112853327
4241,7.190440815141719
4242,7.581694594739334
4243,6.476528901796815
4244,6.496620379509878
4245,6.5547477849109255
4246,5.445079957418126
4247,7.962038256858378
4248,3.570178981708653
4249,7.885267342093068
4250,3.4991355958860355
4251,2.1843599413835193
4252,7.941908399095199
4253,3.670088897533648
4254,5.368648406810329
4255,4.5701983546884755
4256,5.805785669690852
4257,5.022022285293164
4258,8.477813244436408
4259,9.199799582806339
4260,7.006448486818586
4261,2.053567871212539
4262,5.110281162543151
4263,5.359881454512587
4264,3.3569407683432315
4265,4.5615923826931235
4266,7.044478380678626
4267,4.493006688914091
4268,6.807620529347764
4269,5.178478745653455
4270,3.558897718930298
4271,8.693009416035661
4272,6.9153319061297935
4273,4.022854894379409
4274,3.753326725439497
4275,6.381025133268939
4276,5.479187006647802
4277,6.867825756172006
4278,6.914574078164363
4279,2.669141788263924
4280,8.069086562176114
4281,8.39133507809729
4282,5.306618039731459
4283,4.760105857260328
4284,7.008583445606426
4285,6.28318486181196
4286,5.20181550063606
4287,4.498998914838994
4288,5.974446309198779
4289,6.429133520871602
4290,9.216532535296857
4291,5.4990995658661355
4292,8.92940530594896
4293,5.4172464825373705
4294,7.421186031013776
4295,4.425071865898967
4296,5.266138341386444
4297,2.8581813278433565
4298,1.9951983769633135
4299,3.4516102762498067
4300,7.328215508403808
4301,5.513904388216335
4302,8.179304227485003
4303,6.205144046455438
4304,4.4957923802495525
4305,7.308384645157506
4306,8.248206089782089
4307,6.9119003172242905
4308,6.571544751015036
4309,5.16729286012664
4310,8.221242084257169
4311,6.77222114192309
4312,7.801128353818282
4313,6.375821170398292
4314,7.98182510939537
4315,5.061837236382635
4316,6.450185579747559
4317,6.997723918685135
4318,6.1084550650546285
4319,4.526454192685862
4320,6.051954074074339
4321,3.691980107498664
4322,7.845790032469079
4323,6.480958786423022
4324,4.056904666366839
4325,8.543199266760668
4326,4.791349558313141
4327,6.011427932311296
4328,6.531551101296323
4329,5.092199705171107
4330,4.711083864062334
4331,2.298986587103624
4332,3.72749581292476
4333,4.079788636665229
4334,6.916416617178312
4335,5.3854694020075415
4336,5.210237022014143
4337,4.823194448489106
4338,6.8251538490435815
4339,3.7937182729945267
4340,6.143082157539805
4341,3.2351923783856478
4342,3.1601931737123143
4343,3.295646250475635
4344,5.181882068762988
4345,3.429407689548301
4346,3.9585335246574
4347,5.704265517121219
4348,6.408260231750582
4349,6.8458555068757105
4350,8.0671682910731
4351,8.782488252859311
4352,7.421632960324953
4353,5.6297084729902025
4354,4.5243908720565615
4355,6.062787683191982
4356,5.53469175206186
4357,6.63064856675734
4358,6.067505535398632
4359,6.322355172887073
4360,6.188128295560377
4361,6.542951842670307
4362,8.358022141642419
4363,3.370538355665504
4364,7.511135629741833
4365,8.672781531359997
4366,8.114064694387958
4367,4.438220685370805
4368,9.819442962247786
4369,3.282215609315145
4370,4.905339330909012
4371,3.4216398745187346
4372,2.751775264364713
4373,9.06075340978006
4374,5.15723018382371
4375,6.425674831937966
4376,3.2563500528616203
4377,7.13844933886322
4378,6.658596549858759
4379,6.276251745423129
4380,5.553420591692924
4381,6.492952180373092
4382,6.030283929833157
4383,5.2838448296528115
4384,8.211711483946576
4385,6.70310744221204
4386,9.448293152372308
4387,5.949041620642329
4388,7.046052210028231
4389,9.201064369663083
4390,3.945023974706031
4391,5.586349862643484
4392,9.279682614267536
4393,5.651486400375167
4394,9.450702894938086
4395,7.0715037661390525
4396,4.894754673337756
4397,2.5100336635402427
4398,9.33891969679542
4399,6.701973586382341
4400,5.605640175478866
4401,3.6878999263421828
4402,7.017255361412013
4403,4.552995249559476
4404,9.219899839581021
4405,8.061311871142072
4406,2.4387830437504814
4407,8.206186172436048
4408,3.657950541614751
4409,7.207780522083101
4410,4.863978423323467
4411,3.5246950979490306
4412,4.342143703831724
4413,1.4655440936059616
4414,5.325313380962209
4415,4.106880199476597
4416,5.169346015243258
4417,5.5397510072354965
4418,5.22179116408722
4419,4.2883754547859105
4420,4.608688466593283
4421,7.38618393783343
4422,6.5509087365067
4423,6.962201561763358
4424,4.800671408284532
4425,5.441062400171686
4426,8.461355750411077
4427,4.087373219802022
4428,5.324766622386656
4429,6.4878276538161215
4430,5.308914686084017
4431,3.797690086044513
4432,3.348794590081433
4433,8.28886775349448
4434,4.63135250078701
4435,6.481093361966125
4436,5.8163606489944994
4437,2.0473129610648533
4438,6.436050881946939
4439,6.263234004809644
4440,8.09708211482709
4441,9.29494491350595
4442,6.164295621935382
4443,8.798395041826105
4444,7.262945720309652
4445,3.9340742096308996
4446,4.735516316982524
4447,5.799905983952197
4448,5.723656727475011
4449,4.949366001481499
4450,3.5790458201124666
4451,7.001283912172677
4452,5.677123261973285
4453,6.097300549528371
4454,4.137946681164423
4455,6.438333818021973
4456,8.03616059715873
4457,7.027139812941897
4458,4.523430866327233
4459,9.236153252237912
4460,7.789119357866897
4461,7.190643127926679
4462,3.621665647140882
4463,2.649608582251319
4464,5.984302739607583
4465,4.639224323050861
4466,8.018584282640646
4467,4.294024314214802
4468,6.918769746362942
4469,8.796960559086672
4470,6.183625220715869
4471,7.8053077105526105
4472,3.921905446287153
4473,1.3781945324403289
4474,4.959630857047166
4475,4.939324360908601
4476,5.633372818287853
4477,4.130643016606688
4478,3.9387769536550543
4479,7.232443737643623
4480,4.595952895780778
4481,6.58418518427972
4482,5.685566552550078
4483,5.284746087054976
4484,7.72664433521235
4485,6.7448029921300785
4486,4.5472305602088525
4487,9.738169751574498
4488,5.346603582909547
4489,6.361457244796398
4490,5.866356465232148
4491,5.425827498999336
4492,9.447633996893922
4493,5.148731213130766
4494,8.4149669592543
4495,2.4671739256045115
4496,4.477553356977503
4497,4.563902604255389
4498,3.294120362558303
4499,3.759620592418018
4500,5.935767820286889
4501,6.182330360026566
4502,2.33121606813761
4503,1.9405271382027451
4504,4.402380275736974
4505,7.53367915873955
4506,3.4938823410886957
4507,8.485254229096093
4508,8.887421559255774
4509,6.189788912403922
4510,4.585324668768661
4511,7.35139354226821
4512,7.303776730654645
4513,7.071774670164647
4514,8.783084181621993
4515,7.915462123092025
4516,4.466270147269099
4517,6.840414048550684
4518,6.597162024163403
4519,0.9414352129795699
4520,6.945588260532559
4521,5.188191380819574
4522,4.96450246391049
4523,7.0140331364586155
4524,4.65464335713058
4525,6.9910335998343625
4526,6.5583955425986
4527,7.915667351957862
4528,7.392939845914095
4529,6.5166229485766465
4530,7.376262904243904
4531,5.328132364605894
4532,3.108946603044804
4533,9.544065707486183
4534,9.587261067835446
4535,5.503203683232507
4536,7.435032059564484
4537,8.26149240387733
4538,5.6479759748781735
4539,7.06605793092171
4540,3.4472884583718186
4541,4.665935691911434
4542,4.1416494474206385
4543,4.096009165253459
4544,6.697647217704339
4545,6.1002797925582
4546,5.691178394931486
4547,5.356696067629314
4548,3.739996496633914
4549,8.893543797268345
4550,6.944311270375884
4551,4.994624135657237
4552,4.335797736868326
4553,7.793734902201729
4554,4.2513840593488395
4555,9.588274179311734
4556,5.3818089424541995
4557,8.22663917971446
4558,3.335989698081531
4559,8.033807178662311
4560,6.678266457374123
4561,7.366199536657561
4562,3.2869538516435415
4563,3.825142778088281
4564,7.433276458887162
4565,1.915070925167069
4566,8.113698381014325
4567,5.466501728612098
4568,5.447004322271808
4569,6.012283313898909
4570,6.0058253134210045
4571,3.8916103619182985
4572,6.651280107854552
4573,6.911020367695218
4574,6.392987492296799
4575,4.125028072945758
4576,6.134093624210747
4577,4.542157890825478
4578,6.222482895879242
4579,7.35809922583039
4580,8.775628130196633
4581,8.839205617556388
4582,7.946020188002121
4583,8.893154186602349
4584,3.6810684062362538
4585,6.954133328047004
4586,7.662884258638679
4587,7.697858310846767
4588,8.29350215470555
4589,8.086167189445074
4590,6.093984123292587
4591,7.905506057251744
4592,7.270496723112921
4593,6.725615947500041
4594,6.122271199772106
4595,2.848044586801801
4596,3.886452276411723
4597,7.047537707575174
4598,7.3154829229357885
4599,3.566814935014755
4600,6.941857890205702
4601,5.8303204197415575
4602,4.835564540523544
4603,8.244562335321632
4604,5.3527994099839
4605,9.207915081608082
4606,6.5027916328823885
4607,8.39593688093225
4608,6.977971855274849
4609,7.069895247447215
4610,4.370556574098044
4611,5.345411458693442
4612,3.4267438306039795
4613,4.2225175313792676
4614,7.458925716774355
4615,6.85522092971232
4616,7.477637374078452
4617,7.645202564924673
4618,5.801650538991941
4619,6.4939920424409685
4620,9.273073470367125
4621,6.847611153195171
4622,6.606621014980721
4623,3.8480029171018817
4624,6.159842056635757
4625,2.266990458711281
4626,6.908571137085053
4627,8.860636828535078
4628,4.8622168348198445
4629,4.603422841108951
4630,6.049143385629426
4631,5.060332335795912
4632,5.616338507493931
4633,8.40349393354937
4634,6.7218438992257985
4635,5.507941846153319
4636,5.922560270775078
4637,6.249878663390986
4638,7.279471360594195
4639,5.407927035333877
4640,8.833324532145173
4641,6.616268153597686
4642,5.51356548981364
4643,7.159902510723232
4644,4.693121955589082
4645,8.700040902936331
4646,6.42769228547408
4647,3.284956832627629
4648,5.980327752305361
4649,7.424956039496109
4650,5.492402390349867
4651,9.057035180074157
4652,5.802251869708455
4653,9.378862424155166
4654,6.301134555278918
4655,8.168425952611962
4656,6.8161990228256855
4657,5.325119722261997
4658,3.7844602075722173
4659,8.486672297119684
4660,6.90492701884356
4661,5.862769010489115
4662,1.8315890387835838
4663,8.523516570248276
4664,6.251108348186748
4665,3.964255835756102
4666,7.249700582993464
4667,4.672806174167686
4668,8.377555534870384
4669,5.0692791686441
4670,4.907984477043849
4671,8.247318063035856
4672,4.373414567452974
4673,8.503427291747727
4674,8.721325320475236
4675,2.995929772797739
4676,7.913916802217707
4677,3.403900724597853
4678,6.197778340906525
4679,5.915382631893468
4680,6.471035603711199
4681,7.092856948940399
4682,1.9351820806535776
4683,8.038592209709208
4684,8.658311095123688
4685,5.783429520084873
4686,7.896009341758389
4687,4.2007063946812
4688,6.6978980473655705
4689,9.778954658933689
4690,4.08802662819433
4691,7.340379790374509
4692,7.112759064180548
4693,8.017967405067415
4694,5.352259895094734
4695,5.448964273872258
4696,7.558886488004856
4697,4.294980591186807
4698,7.866898065507266
4699,6.874606825272665
4700,3.8124545696354133
4701,5.0221208605886005
4702,7.230380767102271
4703,4.847809532748898
4704,4.973400196023849
4705,3.6035475586736565
4706,3.3278282730258426
4707,5.118263344757921
4708,6.098198722224021
4709,4.542207823975494
4710,7.486368698613138
4711,5.249538819555634
4712,6.495735756758477
4713,5.15151696294936
4714,5.098622222882045
4715,3.858068008640362
4716,5.934392265241764
4717,4.581534304369718
4718,5.583035652884844
4719,4.099768167443264
4720,7.365008219038439
4721,2.3536777040256838
4722,4.972333783014721
4723,7.649787472828412
4724,5.785199903784608
4725,4.293962016005595
4726,5.298464155306
4727,4.475900800027701
4728,8.259988365083524
4729,2.535247576623587
4730,6.684396056664957
4731,5.799349184138422
4732,5.669646875461413
4733,8.240131239838199
4734,7.31632338006305
4735,8.108125641824138
4736,6.827498216940581
4737,5.516209451560358
4738,9.016694173710908
4739,8.512746904926987
4740,5.862438455671884
4741,7.319845559597811
4742,5.553648375964439
4743,6.0658369425023
4744,6.110262244407377
4745,5.622929585305785
4746,3.6720725767737776
4747,9.081684949720334
4748,4.992702505342099
4749,4.92337656881306
4750,7.719225195954048
4751,6.389352252994763
4752,6.9908317454545195
4753,0.6700520265326925
4754,7.299816732322487
4755,6.6381893931914675
4756,5.373371585276692
4757,7.86312929670672
4758,8.476361978309257
4759,4.6011339642998825
4760,3.3863036277990743
4761,5.755595795620103
4762,6.486184209005783
4763,6.5967212485166336
4764,5.000072955358493
4765,6.778810842172379
4766,6.547295631232842
4767,5.605148363479293
4768,4.993556418492549
4769,2.901081362998837
4770,3.1547300400295386
4771,5.479726585409263
4772,6.666149042186143
4773,5.919908114825891
4774,4.592420487948492
4775,6.887530342079568
4776,6.528606334690061
4777,6.682941877299809
4778,6.0664662003005585
4779,9.239204188927381
4780,6.1999006363396285
4781,4.683915643027594
4782,7.184823291445161
4783,1.6763896962467557
4784,5.3314075820286675
4785,5.413305479426022
4786,7.603680747080956
4787,6.5051067928962345
4788,8.922649660475725
4789,6.211042472473077
4790,6.3629284235833605
4791,7.8699518034980045
4792,5.154473929578641
4793,6.460271660506786
4794,6.215433193497609
4795,6.572623254540261
4796,6.023647716180237
4797,2.8059468648958092
4798,3.55906458074755
4799,6.1659257710215485
4800,4.92967137531011
4801,9.395288001126117
4802,7.57394360876534
4803,4.776022054901662
4804,6.222474789993329
4805,6.233139075733729
4806,6.419306165680735
4807,4.5558785103343356
4808,6.163142465693355
4809,5.9447575936146375
4810,7.149270355627431
4811,2.5985139247107494
4812,4.058713835510727
4813,7.08550160473563
4814,2.9756698930116534
4815,6.4258582311641375
4816,5.518038709339822
4817,6.389872209524458
4818,5.841477873164661
4819,5.033531452355818
4820,7.815746456782643
4821,5.238892916125306
4822,4.690586453760018
4823,6.518543538218963
4824,3.894754484384397
4825,7.550452893701344
4826,7.356657299994171
4827,4.8129068912597175
4828,7.7930357830487305
4829,6.9958209200126875
4830,4.7482068260750205
4831,4.672468836847664
4832,6.506825425174126
4833,5.874071307022731
4834,3.574096102357571
4835,4.462080215290012
4836,8.46020859625666
4837,5.135884766969746
4838,5.524522990831505
4839,7.69713190687814
4840,6.025901280637607
4841,1.879699874444536
4842,6.781560427539103
4843,7.928794696422134
4844,7.105527731839818
4845,7.665679004294282
4846,6.6304991902173365
4847,5.135075106252599
4848,5.655824795129044
4849,3.3046089877044342
4850,1.4259411501281536
4851,7.538154999100799
4852,5.864216705691168
4853,4.3476299946185355
4854,6.736054612862022
4855,5.046168478501838
4856,2.937196121774895
4857,6.5902464476947245
4858,6.082689526065459
4859,6.34747184825907
4860,8.729795238053452
4861,5.899918075832976
4862,5.523228898998405
4863,4.64482966940929
4864,6.573914318868704
4865,6.760510263830914
4866,2.292682928537505
4867,3.5705095483405738
4868,6.022238378307325
4869,5.400347619751095
4870,7.3736390152957085
4871,6.804126132743301
4872,5.549053090142721
4873,4.494827266319508
4874,5.150692839796075
4875,6.983838599545882
4876,9.167196367059816
4877,5.789687109783089
4878,4.590253731748336
4879,5.890793376110216
4880,6.875051910547628
4881,8.85970955221766
4882,2.440114685809054
4883,5.405995112442889
4884,5.662564917700923
4885,6.96101864572173
4886,4.051591640260013
4887,9.749204899107498
4888,8.41668309377396
4889,3.717769891103379
4890,3.772234454737623
4891,5.65695335084182
4892,5.529717331346314
4893,4.985994657955393
4894,5.122628805689465
4895,3.792813700611564
4896,5.747744394421583
4897,8.138147230817317
4898,7.55769232049481
4899,7.266829347962196
4900,6.544637847776706
4901,5.175210930083955
4902,6.08100225358999
4903,5.304645167929386
4904,5.640353312033489
4905,5.7638205479068425
4906,5.543366707499048
4907,8.324806580941097
4908,1.686812651977897
4909,8.029458568617635
4910,8.115746269452297
4911,6.225730249361975
4912,5.587168364057924
4913,6.875552524218078
4914,7.468643104728041
4915,4.8121445763460775
4916,3.7790785796583894
4917,5.6896637924742794
4918,4.277222874790219
4919,7.470082742247814
4920,5.937355625377977
4921,6.753370087008896
4922,5.411650682822589
4923,5.698731307899651
4924,7.87914143351104
4925,3.088253445433788
4926,3.1347726145848576
4927,6.268413334900576
4928,5.544707837796782
4929,4.795894098370265
4930,8.354465361041258
4931,5.559463950661723
4932,6.278987098700311
4933,8.031961198807196
4934,4.6617195291443165
4935,8.070834402444966
4936,5.079326361442552
4937,6.649921979943025
4938,2.5745524372467536
4939,2.7406943572149487
4940,5.9881133780667355
4941,5.061445343374667
4942,4.115265769521762
4943,6.442883622041747
4944,9.003153363137013
4945,6.226236621787431
4946,5.380697847166774
4947,7.904827608807148
4948,1.3366232767334683
4949,5.519222660057632
4950,2.720787897022691
4951,7.749540156762842
4952,5.443776712521354
4953,6.37652016789463
4954,4.950590280943048
4955,5.399516016460354
4956,6.650685601183331
4957,7.532170516248327
4958,7.000356210922662
4959,3.400616760249952
4960,5.948718379886217
4961,3.04779402556563
4962,7.8383724250762405
4963,5.954292967180038
4964,4.475486619196426
4965,7.359289456753567
4966,7.420011183305064
4967,7.421915312158739
4968,2.376130247867515
4969,6.208465227969942
4970,7.06138540389532
4971,5.430712970962591
4972,4.792651049537466
4973,1.1222272806500262
4974,3.0410713744164797
4975,8.27774945586659
4976,3.2368406064846162
4977,7.994339361803156
4978,5.655816426773975
4979,3.2045448286343774
4980,5.798141289607587
4981,5.99447727985993
4982,6.7116243715643105
4983,3.7880712809805965
4984,8.022286487383749
4985,5.367987232986892
4986,7.39034423386148
4987,3.9309732333609837
4988,3.2816014187740854
4989,7.178862408698763
4990,8.076612506245656
4991,6.1336668319980365
4992,6.030490442078261
4993,8.199508024777437
4994,6.276221265952022
4995,7.082723180089382
4996,7.443183614377782
4997,4.697152568059617
4998,6.104294432651815
4999,7.4561887504517905
5000,5.001690606486265
5001,3.5430123966601164
5002,5.209442450484847
5003,5.33215424899055
5004,5.959997687161909
5005,6.830191623454676
5006,4.919787944575473
5007,8.280663629732283
5008,3.8684349193889473
5009,6.252783293139872
5010,4.253386915319505
5011,7.399912331541946
5012,8.190354378298071
5013,3.43915686477825
5014,4.721943301224421
5015,6.262471903988071
5016,6.594913552471987
5017,4.743656095319075
5018,6.370850765369335
5019,7.757267119211185
5020,7.645115978520849
5021,8.665045820963977
5022,5.67903471519649
5023,4.900403621450028
5024,7.18518523055488
5025,3.7302475013146092
5026,7.581411302112432
5027,6.567532541223442
5028,5.139273925397599
5029,4.287430782992959
5030,4.099769806830476
5031,7.22989582725905
5032,8.8872616787385
5033,6.552236242776134
5034,8.913724722702863
5035,3.622579967679587
5036,5.687520907227118
5037,7.116334147716045
5038,9.893095564696505
5039,6.3099491004336485
5040,6.098740984733345
5041,4.8642581077215
5042,7.746863688877571
5043,8.431954975232156
5044,5.388542811033311
5045,6.301516679856482
5046,3.8870936034856545
5047,4.296462832599052
5048,4.465075824413351
5049,8.508192943236928
5050,4.088533275950426
5051,4.1678542198428525
5052,5.18549922163155
5053,7.337322659415225
5054,3.269332072454165
5055,1.7885956846658546
5056,6.966927836162921
5057,5.945944439689236
5058,5.649708745724899
5059,4.879886224679945
5060,5.641551714907015
5061,6.3311290627215815
5062,7.024782126360707
5063,2.1438872006952323
5064,8.830320204885995
5065,7.761437272511239
5066,5.783901408478598
5067,6.31170517206903
5068,8.561796300981687
5069,4.640556603069635
5070,8.74970316580745
5071,7.7217754694453395
5072,7.00860537324295
5073,7.9127615980516985
5074,5.063294956010166
5075,4.744246265853282
5076,5.964336535034313
5077,4.132905461409113
5078,6.071130978178613
5079,4.17986861569857
5080,7.45947114506534
5081,7.571156403161316
5082,3.8395652449248305
5083,7.022658243877014
5084,4.012616087162413
5085,2.3566760759555425
5086,5.606095422241401
5087,3.73984963142551
5088,7.826243985385167
5089,5.36962276683041
5090,5.903065665980883
5091,5.887185325053585
5092,3.7565449224904057
5093,8.38265352919288
5094,4.900711935647
5095,5.158850466853453
5096,0.3101410744075087
5097,4.763114222436289
5098,5.495502575751592
5099,8.57792783634412
5100,4.331377008691393
5101,6.16988323051696
5102,7.956138602780626
5103,5.537589985193858
5104,8.639333662904916
5105,2.5214531158598104
5106,6.119096431036097
5107,5.653415381354954
5108,4.860946687137502
5109,5.559253896672463
5110,6.480801579292566
5111,4.759496008946126
5112,6.936533903321556
5113,6.297354818122698
5114,4.678763184184564
5115,1.4609162328596095
5116,9.014566258272403
5117,6.392400834636732
5118,4.7805675820482
5119,3.864917864736237
5120,6.346794374059141
5121,5.720637963950186
5122,7.288149245349748
5123,8.026005028919455
5124,6.520621357780284
5125,4.131311932557111
5126,4.118742516408997
5127,5.31092856679973
5128,5.810325916776209
5129,7.568386651923946
5130,6.281871355939646
5131,8.7169935033493
5132,4.285787227341389
5133,7.777615741407703
5134,4.3496745989316254
5135,3.114595113244146
5136,7.422794811791857
5137,6.118401462853386
5138,9.17124391891544
5139,6.179988826611645
5140,5.0375609214952215
5141,0.0
5142,5.92110256362736
5143,3.7095555462835765
5144,4.797192833279974
5145,6.861237444753407
5146,5.430774791127236
5147,5.316877477257802
5148,6.002310212385926
5149,3.3845265521034094
5150,5.13931010277414
5151,6.784063568191396
5152,8.686949796774773
5153,6.882609915812603
5154,5.967972840240437
5155,5.2259609327137415
5156,5.13807647265485
5157,7.033629340978914
5158,4.196116595125682
5159,5.486435023713922
5160,4.168220851507715
5161,4.01030785157479
5162,7.7261639042836086
5163,4.789737502758975
5164,7.803370457570235
5165,8.073876258785068
5166,7.658732436541557
5167,3.396602570829964
5168,9.73352002391521
5169,0.843617114089702
5170,6.326151672916508
5171,4.846530430904964
5172,5.723968217246334
5173,5.4484295466084065
5174,5.956814927180034
5175,4.889141367576228
5176,9.442571043504332
5177,8.93137809705909
5178,8.035778423722514
5179,0.8748158739636017
5180,5.683473487187919
5181,1.0660842198185736
5182,6.440467258706988
5183,6.494582544042222
5184,7.51338745965237
5185,5.4215694776652565
5186,4.99454437353033
5187,6.100817986577554
5188,5.126192321527066
5189,2.8816995692765
5190,5.75603350219983
5191,5.540960200513572
5192,6.129240224797087
5193,7.4814346105986305
5194,5.351724297420198
5195,3.5405754981026067
5196,4.223143026791441
5197,4.329999126731
5198,3.6381230624671304
5199,5.612668549026308
5200,5.592912359758581
5201,5.955665076831249
5202,7.402771241105258
5203,3.240109797167641
5204,5.031554501847834
5205,9.006025473700968
5206,2.733849347532989
5207,6.883936452978171
5208,4.228400666353487
5209,3.2317408661091553
5210,7.020901455073109
5211,4.658226442261884
5212,7.497088521925154
5213,4.588434459017258
5214,6.931229327192827
5215,9.19156100112591
5216,8.373691975173092
5217,3.2751866256925677
5218,7.102030298766294
5219,6.535404288542452
5220,5.828745535411589
5221,6.542607277134668
5222,2.9569203144238174
5223,6.455811140843904
5224,7.234921741385054
5225,6.647615475133014
5226,3.785336022913786
5227,5.230016085291211
5228,7.037163773720551
5229,6.1844548530553185
5230,5.7646309837963
5231,6.071377073939946
5232,6.4390360772965005
5233,3.528243400847133
5234,3.7576488317791656
5235,7.620004659976769
5236,5.38476455611839
5237,7.193082555665705
5238,6.786525578325025
5239,6.758241551999009
5240,4.854467261709166
5241,7.439064597461325
5242,8.423342234245453
5243,3.421422613560642
5244,5.756808418409173
5245,5.209044256460141
5246,8.272504316922504
5247,7.874502906770324
5248,4.55100535751312
5249,8.65399758194999
5250,6.942242039774342
5251,6.3966150392492045
5252,6.298614347644389
5253,7.026042168691915
5254,3.372625206946335
5255,5.47576652058206
5256,7.523556945941034
5257,3.1152650133339863
5258,7.339042162928222
5259,4.063664995571427
5260,4.194339868396763
5261,7.8948613788098525
5262,3.820540674600021
5263,6.345964058866169
5264,6.259918675357628
5265,7.331957861823663
5266,6.329055421690104
5267,6.740730233887248
5268,6.320613970125054
5269,6.156274339966729
5270,10.0
5271,6.331677496036733
5272,6.7636388740403754
5273,4.710243701275951
5274,4.670538568450896
5275,3.2537446765709155
5276,4.807065393126132
5277,5.9859197554632955
5278,7.477090055899121
5279,7.709257403099654
5280,5.037911322881171
5281,6.010840101723141
5282,7.997081807668826
5283,2.4057932589190525
5284,4.927534136916627
5285,6.087865385580304
5286,9.286735069620214
5287,8.634965924655138
5288,5.72064993276155
5289,5.803763092717528
5290,6.40507839775263
5291,5.38056366490286
5292,7.137832634010136
5293,5.676220604367338
5294,5.194767524516027
5295,5.307232241009177
5296,5.710467517887053
5297,5.637791973507035
5298,6.303706685963594
5299,9.225826578593772
5300,2.179392581046083
5301,7.376361714475372
5302,4.372471977723236
5303,3.4905019799579464
5304,3.734222199156054
5305,7.911786342048289
5306,4.344440792575704
5307,2.1096482513822563
5308,7.83436985234566
5309,5.977687601597378
5310,5.202298125529646
5311,6.711185819044769
5312,6.374426285518259
5313,2.3388471556604418
5314,7.332179723227153
5315,5.146258256381316
5316,5.614061314569498
5317,4.106282494744464
5318,5.266639803793114
5319,4.023821855050121
5320,8.478087390269435
5321,3.2697196073060173
5322,6.1012158535286325
5323,4.788426403194064
5324,6.510837753236259
5325,5.430237884283077
5326,6.586256779541086
5327,6.260169972478092
5328,5.046943176791467
5329,7.335529570879098
5330,1.6797934296792905
5331,8.029259637596734
5332,1.9330352596491027
5333,4.443700451076958
5334,4.803459209159065
5335,3.3840231525663746
5336,5.6691319986915945
5337,4.582749735506906
5338,6.6788480476168015
5339,6.423909559080713
5340,7.544032524350221
5341,7.598564142897302
5342,2.7011246407255323
5343,7.419974792593483
5344,5.481518458118459
5345,5.602780720751165
5346,5.341871074540572
5347,3.3735066423280453
5348,6.395276751776918
5349,6.930728996665457
5350,3.675518087958563
5351,3.7083020072451163
5352,6.106795652626213
5353,7.209977510163197
5354,6.749811988979782
5355,6.183169085355751
5356,4.694480170584583
5357,2.6659452197127003
5358,9.17115248496853
5359,6.771225105105664
5360,7.314148779976032
5361,6.49391558609127
5362,6.9968726281044065
5363,6.686818466498547
5364,8.730336393127146
5365,1.0282328840298918
5366,6.882509892035999
5367,5.970220494381536
5368,5.184141583944523
5369,1.8710629059907715
5370,7.8354799535516735
5371,8.172488027934572
5372,8.49913059631603
5373,1.9990468521304139
5374,4.63969758385393
5375,6.0941761568466895
5376,8.1371225221417
5377,4.554145262917479
5378,6.1857225310467046
5379,7.218406096099538
5380,4.829865461496384
5381,5.489674203759541
5382,5.48973539037497
5383,6.57748998027965
5384,4.406936042338448
5385,7.51452281595314
5386,4.495581806167459
5387,7.955703677555666
5388,3.6408691185115742
5389,7.382236760594308
5390,6.999939519982572
5391,7.730905346359587
5392,6.136932858874891
5393,8.841569749238072
5394,6.143394587619697
5395,8.762138529221025
5396,3.603541308202193
5397,1.476097679470148
5398,7.030863652059053
5399,4.3056658909644
5400,3.4182021389562136
5401,6.639253651240895
5402,8.127262529172707
5403,2.931632990425424
5404,4.387994751569649
5405,7.691053255410802
5406,6.395489138528304
5407,5.899673206386812
5408,5.296199310805639
5409,6.765521104268795
5410,3.883291655693842
5411,10.0
5412,3.5423141559484486
5413,7.279401483234284
5414,8.52291139586646
5415,6.418997608935172
5416,6.786861001763906
5417,7.467338135724098
5418,4.4301188530605335
5419,5.15885250231371
5420,7.3176630084286
5421,6.687069571849036
5422,3.893723410692731
5423,5.218582692435524
5424,5.163004364400263
5425,4.781602853819956
5426,5.647325503875971
5427,2.601970620048497
5428,6.010206115485159
5429,8.857775073300227
5430,2.8008997059144947
5431,6.2428387154320735
5432,9.114842262760007
5433,3.146779639728181
5434,6.067156226726347
5435,6.423727290931236
5436,4.146303302794717
5437,4.8013293467749305
5438,4.121604536354677
5439,6.092835214896154
5440,4.148447065841706
5441,9.295332287836102
5442,7.525509040249606
5443,7.3341125774225455
5444,8.388129945032095
5445,6.4149653733735805
5446,8.156292251398883
5447,3.910027586824919
5448,7.6397409825647244
5449,6.858154638713057
5450,3.4609181808698795
5451,6.835688397471576
5452,9.902507410333051
5453,4.680386866022525
5454,4.879170971145152
5455,2.833871731972485
5456,4.583008632150685
5457,5.227750302359758
5458,6.6499055167652195
5459,5.448471553437097
5460,4.237712486474677
5461,4.628441563441929
5462,7.1013057606803605
5463,6.333677722064884
5464,6.6522983277227485
5465,5.697413308813045
5466,4.977985342320578
5467,2.272809438338785
5468,4.875008986341915
5469,6.589123427375255
5470,2.976530843698015
5471,8.953942188187451
5472,3.335843792628704
5473,7.684028426826302
5474,5.866708908238782
5475,4.992964969930439
5476,6.1473253278026485
5477,7.744795094474022
5478,5.634685805048653
5479,3.8436578720040333
5480,5.203575278529917
5481,8.83399257546861
5482,6.245711147955722
5483,5.061045666236335
5484,7.307748002037042
5485,7.367319839426461
5486,6.17432417566223
5487,7.6115196006296575
5488,4.437414670925111
5489,5.16218243197716
5490,1.9966484612869326
5491,8.888983781680261
5492,2.5342819303600486
5493,3.9746464989442156
5494,8.038024038237372
5495,4.059148377813886
5496,4.576025109240918
5497,8.380855579098954
5498,7.112594308550176
5499,7.17349101396693
5500,5.054473286297692
5501,6.443073373948006
5502,3.7129654775213883
5503,7.776007806767588
5504,4.449590868643035
5505,7.4712151614802025
5506,5.494803452082602
5507,6.4215125982209305
5508,6.429901892846303
5509,4.070065035655381
5510,9.197639043776787
5511,7.256253054261215
5512,7.0428642068754375
5513,8.876900945325772
5514,5.570833995158216
5515,7.860183735263116
5516,4.7915652560846445
5517,6.719650219827259
5518,4.593881187604759
5519,8.607950912600959
5520,4.2972048955182505
5521,7.628699303791472
5522,3.9464587508326185
5523,6.848215287897351
5524,3.079859002492308
5525,6.159558256087486
5526,6.700681820977153
5527,6.623750585014099
5528,6.419297768089207
5529,7.057541379577923
5530,4.06037180085976
5531,6.103466386809327
5532,5.385069214317244
5533,6.682398509047559
5534,6.689189577951779
5535,7.371617863929667
5536,8.728086644672574
5537,6.7098602607701325
5538,3.461223945610054
5539,4.008462020800954
5540,3.122655313843965
5541,5.133452706171717
5542,4.875532535793989
5543,7.005503151855744
5544,5.466301791114011
5545,7.601084281737941
5546,4.065625198176223
5547,5.522814933422977
5548,5.746259477433329
5549,8.099380271889238
5550,5.633862023126589
5551,6.294988363286026
5552,8.36227702078394
5553,3.5543494559630937
5554,6.027534724379288
5555,9.417516648007185
5556,5.840068568694736
5557,6.5429332880563456
5558,3.6541139392317845
5559,5.527338550721478
5560,3.8970145329525105
5561,4.578304311098956
5562,4.7173357797501865
5563,6.628896206563678
5564,5.668742280294944
5565,4.8198673340789995
5566,6.016749420459064
5567,3.7486391965432455
5568,8.101167822042525
5569,7.555018088425801
5570,3.4868801674087466
5571,4.137622122783194
5572,5.700617836072172
5573,5.873128618131115
5574,2.664460618578026
5575,9.711540230726353
5576,6.8286246565577695
5577,1.9382449531223436
5578,6.076583506720626
5579,9.532850322506025
5580,6.343363552321344
5581,5.8379520687029
5582,7.124416008736951
5583,8.5820462382897
5584,8.302220515447
5585,5.8331810953400085
5586,4.5065731334750225
5587,2.6643803131289134
5588,10.0
5589,7.107350958226878
5590,6.641040078160605
5591,4.661914786737332
5592,3.899100075015845
5593,6.0037677110268675
5594,6.331694403054287
5595,5.527643912725558
5596,4.028073464763999
5597,7.612916655704966
5598,8.292848783066535
5599,5.392864422802912
5600,4.595023753588481
5601,5.034161840599188
5602,3.621648379287684
5603,5.195240084897347
5604,4.908692435709912
5605,7.038422401370973
5606,4.922558786160117
5607,3.5216929157627823
5608,8.4153132551149
5609,4.284752204534709
5610,7.423024222721728
5611,5.10715461928284
5612,6.824988700916764
5613,5.892104633171689
5614,3.3962778898093196
5615,5.658262497869913
5616,7.002605735597113
5617,3.957796640562277
5618,4.2027530103944795
5619,7.1772162911403665
5620,7.763954034611354
5621,3.7582805916314075
5622,6.805903982865911
5623,2.8187536487754556
5624,4.848264832645278
5625,5.312935612144244
5626,6.266175472004808
5627,3.4831457456507313
5628,7.771004444614777
5629,7.737520383867782
5630,5.458760859057062
5631,2.9284963935252675
5632,5.172577798182109
5633,5.8719748483336085
5634,6.912676387021206
5635,5.683397393081622
5636,6.926277213376215
5637,9.13482952154564
5638,6.895915133988281
5639,5.441723264313967
5640,3.388782389987388
5641,4.114308889262231
5642,7.57735951098859
5643,4.471578209483107
5644,5.960177003061112
5645,1.4982181722704313
5646,3.673755556000911
5647,5.121743925441003
5648,5.1288099262879525
5649,2.8475552968202367
5650,6.034749762892188
5651,3.2684413795073963
5652,1.9680642257440333
5653,6.7705234098263025
5654,7.247068790426747
5655,6.2505359967431575
5656,8.44084128639459
5657,1.1904730830289119
5658,1.820030285714318
5659,5.351495099165986
5660,8.46655403261339
5661,3.7536120563455704
5662,7.949665802307374
5663,5.9844874836008675
5664,5.9089560902564155
5665,6.763504532999191
5666,1.4154385083596213
5667,6.907593206626626
5668,2.093476632189961
5669,8.945425498505061
5670,4.413153470566048
5671,8.418887747805499
5672,5.196465784546239
5673,6.611392444445504
5674,3.6421274044081806
5675,6.448618684538302
5676,7.29945364289324
5677,6.708957716350979
5678,7.022465855944942
5679,8.829147815208708
5680,6.7475407118953985
5681,3.6430373834452974
5682,1.8167272606022216
5683,8.445740333804649
5684,6.97257029346106
5685,5.752061217054372
5686,7.707374557399803
5687,4.4968435551296535
5688,6.434045363723023
5689,6.069060889350469
5690,6.630048519583666
5691,6.4724029837629224
5692,8.171934848819918
5693,7.226420935737288
5694,6.56558237688782
5695,4.270706350736425
5696,6.957126316418848
5697,3.7859495731000066
5698,7.162752072787624
5699,4.772866711225897
5700,6.816216327928489
5701,1.4869741882530387
5702,5.3429143630800935
5703,4.535253937126846
5704,5.807842919779555
5705,6.268770048873218
5706,2.1326003575307726
5707,7.127619678485028
5708,8.195835382531437
5709,6.878601894475518
5710,7.342533627713487
5711,6.166969562787719
5712,8.413421180956277
5713,6.53536345570113
5714,6.387472646145846
5715,7.007636268534605
5716,1.3483492751061645
5717,6.286188543702675
5718,2.942367564940804
5719,6.3080535255341195
5720,5.151823324885848
5721,3.854792528855355
5722,8.742702918395329
5723,5.248352071538765
5724,4.0941515643981745
5725,8.310141870832924
5726,5.160655724054332
5727,7.543791475856397
5728,5.224000692635949
5729,6.6246749788847525
5730,2.647562377611682
5731,4.3816349460216415
5732,6.700479762025104
5733,6.866917345750322
5734,7.218873333633765
5735,4.845513806837522
5736,6.693480917625739
5737,5.560969195164227
5738,4.826300570641774
5739,4.11982189620458
5740,7.479985920986035
5741,2.9772134564447064
5742,9.680744360550108
5743,5.7223190661782075
5744,5.2475891431772155
5745,7.088937844976753
5746,5.932386689537632
5747,3.4092767657416263
5748,6.475368052376065
5749,4.771082552691032
5750,5.94855674360655
5751,5.545414594974751
5752,2.9720545569010626
5753,7.413825392548232
5754,5.813072757927111
5755,6.676735247232504
5756,1.5265186613706567
5757,4.60027116861413
5758,6.531100985703067
5759,9.449631091238857
5760,5.1167246004333835
5761,6.157528964245716
5762,3.7900611173354473
5763,3.5447106304079483
5764,6.788804528077557
5765,6.34898156968934
5766,4.08290136270203
5767,7.796198468235164
5768,3.328881025233984
5769,6.900405952767523
5770,0.0
5771,4.7664841205859165
5772,7.952251113747785
5773,4.944772367389669
5774,6.264888566138211
5775,5.593256746300272
5776,2.963207037320016
5777,5.3623359462866045
5778,4.7868690738872015
5779,8.139844185829242
5780,5.474341557476844
5781,6.193147779641767
5782,2.293329527714015
5783,2.6634681495128345
5784,4.480951960123641
5785,2.965396716722171
5786,7.600154855852502
5787,7.615647866141219
5788,7.563302645210284
5789,5.8846245539472894
5790,8.440285446014883
5791,4.218159448871812
5792,5.508360067471054
5793,6.84719031568381
5794,3.6966661433765076
5795,8.830373137016728
5796,5.957769602034111
5797,9.826829588140649
5798,8.681917288806106
5799,3.8436315446818448
5800,6.615451221408778
5801,5.4289172192704225
5802,6.228798773820549
5803,8.315916858041938
5804,4.480610106943015
5805,7.966712159962587
5806,5.571555484334428
5807,9.475406551725522
5808,7.290865697656921
5809,5.873831313099494
5810,7.249540082198128
5811,5.374779567520979
5812,6.373208141042442
5813,9.025922204812503
5814,5.338879754916637
5815,4.865860864523696
5816,6.789369733684973
5817,7.160165670900213
5818,5.230599962778536
5819,7.437272696666001
5820,8.236346700555107
5821,9.112898113505066
5822,6.036432323089837
5823,6.851134755748217
5824,6.922620216925861
5825,7.599663312000581
5826,9.155850996675348
5827,4.753247901373945
5828,8.799319105354314
5829,5.231183908550336
5830,3.03267744286276
5831,5.574759206520202
5832,4.383347520099576
5833,4.77999597114062
5834,6.1194165739874515
5835,3.283912389018448
5836,4.531626571313314
5837,6.4431257386064456
5838,6.512060750442721
5839,8.378608115916698
5840,4.823087454798035
5841,4.680544181344724
5842,7.7616948083292
5843,8.490644803351763
5844,8.36855384484257
5845,9.27213965271273
5846,3.474248941749573
5847,4.878391775099377
5848,7.607972024050319
5849,5.996250560136973
5850,4.61123094485527
5851,5.661747774585707
5852,5.605505718532573
5853,6.734469371598411
5854,6.869963454876894
5855,4.794973035561811
5856,7.1703467503178215
5857,6.500435216801413
5858,8.940736794102833
5859,8.386136153747032
5860,6.476046643384523
5861,5.3657446899685075
5862,5.336706348008689
5863,5.344055655609693
5864,8.81086206453524
5865,6.252905581160027
5866,2.404243685038297
5867,3.576916656613157
5868,3.4528232242326724
5869,6.408267128841247
5870,2.0681806955218147
5871,5.932798535602954
5872,5.420530119677105
5873,6.932075832025736
5874,6.85916083799075
5875,6.513551900997442
5876,3.6214741210141552
5877,6.457952907208687
5878,5.559368589490884
5879,3.4522779846316256
5880,6.174030196353603
5881,5.586230353285368
5882,2.6079515496800583
5883,4.7634765492987095
5884,7.008766969944259
5885,4.647928085409858
5886,5.783486906933168
5887,7.705970355614381
5888,9.131663747845087
5889,6.061325058912633
5890,7.113551250319851
5891,5.037379515857906
5892,6.597331142182849
5893,8.670885473055783
5894,5.522680727191583
5895,7.826421742150269
5896,5.950675093307514
5897,4.119253538011612
5898,7.272982195905843
5899,5.716291560039256
5900,6.814086572441682
5901,5.661756938275526
5902,4.491238849812487
5903,6.673623352333353
5904,8.882631755863239
5905,7.201112016912785
5906,1.6410033057390165
5907,5.717288644748253
5908,6.588394567958523
5909,4.527489513796419
5910,2.7131773316433643
5911,6.080465723550476
5912,5.517310211242027
5913,6.727382926808986
5914,4.404520576822768
5915,7.043165627435011
5916,7.548260611525459
5917,8.463201348862627
5918,6.407294947583972
5919,4.0819154137935625
5920,7.326391509124219
5921,6.316920606463663
5922,5.844895110551266
5923,4.8507501409049905
5924,9.909263253636778
5925,8.667185154777865
5926,6.3028480995135165
5927,7.452540241059314
5928,4.169352877581794
5929,6.494210976699563
5930,6.686870314902995
5931,7.4317596311280205
5932,7.883415913276705
5933,4.984239900463242
5934,7.93441951170912
5935,4.148525769184484
5936,5.793989122413296
5937,7.245199098403916
5938,4.78701559981624
5939,6.365474660146781
5940,7.628189228344722
5941,7.469057191935395
5942,3.9642771932257133
5943,5.80782447286792
5944,7.332905440666851
5945,8.631938981941547
5946,9.746907525675457
5947,4.730781019035115
5948,5.215172897175081
5949,4.505708184237091
5950,0.0
5951,6.122428772868319
5952,4.101360567693273
5953,4.8083328096931846
5954,7.642415564273329
5955,7.557735854448737
5956,8.882042503923062
5957,7.966887161889539
5958,5.749794520090446
5959,5.806150286970574
5960,4.978118060996279
5961,7.970215963412162
5962,5.140198703732116
5963,3.7698419484252894
5964,4.276829145642672
5965,5.5965937782886614
5966,6.467887571722622
5967,8.466015317340057
5968,3.164922810732459
5969,5.318690193770726
5970,4.868898134290859
5971,5.430531369839867
5972,8.953626735754252
5973,6.302996012838314
5974,5.905495922995373
5975,8.18672723680918
5976,7.364243165565376
5977,8.854602810124494
5978,6.224139260208131
5979,9.322163112933739
5980,4.813488779781087
5981,7.208686794861832
5982,6.476763686306132
5983,7.131610646536748
5984,6.500560893626811
5985,7.564099028618787
5986,6.809298664693913
5987,4.922043920259117
5988,5.599027957935649
5989,4.721851004780907
5990,6.632040265739649
5991,8.926392828032865
5992,5.857883903707786
5993,7.618720462374084
5994,4.104167339558595
5995,3.206873381688869
5996,5.848536431193881
5997,5.894570469709256
5998,6.272049708164592
5999,5.397429327435741
6000,6.4105567737842675
6001,7.328078041321624
6002,6.416921503781569
6003,4.681735024908822
6004,5.1639838615310305
6005,6.363728421290131
6006,8.93334365787868
6007,8.62804962220373
6008,9.320792371958822
6009,5.1618228810818385
6010,7.29922916599425
6011,6.066500170191462
6012,1.191987614659205
6013,4.267048512182961
6014,5.803521773306457
6015,6.411877336672996
6016,8.336185193932849
6017,5.7124876848054775
6018,8.706405424318747
6019,8.04802443282275
6020,4.154704875432213
6021,8.941456626584735
6022,6.621666818719288
6023,3.9359082234631986
6024,4.542966246308259
6025,5.973367238413503
6026,8.401162480895648
6027,8.615380474492142
6028,3.4600580335926505
6029,7.522206262743206
6030,6.726493174453521
6031,7.690117198107659
6032,9.88792622479773
6033,6.9110521632894
6034,4.966687136701293
6035,6.324682173799061
6036,8.648898246260574
6037,7.903095247910785
6038,6.573306605501607
6039,8.272583682472272
6040,3.790953830185811
6041,7.359335598027076
6042,7.135497202341504
6043,8.662516133319508
6044,8.214126971483342
6045,6.395952268958779
6046,6.541775005943446
6047,1.5487554857539902
6048,3.777936464583491
6049,6.687186649734919
6050,8.23476516928706
6051,4.015959004663786
6052,4.917277272125505
6053,3.054556561628185
6054,7.2332790381250325
6055,5.186659389354559
6056,3.9772726433151426
6057,5.282244338834789
6058,8.872924928789827
6059,4.677458752335397
6060,1.4977760245948637
6061,6.621228347234366
6062,7.574022592975092
6063,6.4983245115121075
6064,5.5391532457941395
6065,5.384410314982654
6066,7.032901581029522
6067,3.747523986394952
6068,7.044420550701573
6069,2.4522321096308217
6070,3.924570359504272
6071,6.206925674428637
6072,5.412112949498462
6073,4.171844260995121
6074,5.934564669473586
6075,3.2850486861879293
6076,6.176810709554721
6077,4.496781845440061
6078,6.440725171856736
6079,3.099202802992199
6080,3.743425965905191
6081,8.453468909283433
6082,3.5500048543946723
6083,6.601572206745296
6084,6.188715216837143
6085,5.304651535413883
6086,7.854660933430963
6087,5.119623727245653
6088,4.661820308548506
6089,5.555672681182965
6090,5.558767761742688
6091,4.994342825356144
6092,6.4633989381614345
6093,6.246679703710133
6094,7.449170436802836
6095,6.657240231332533
6096,7.718422144384229
6097,3.947653633735005
6098,7.500759684945796
6099,8.208028781620293
6100,4.8683780193005175
6101,6.344745023844443
6102,5.619156954273402
6103,3.5520719591721006
6104,7.397615958657772
6105,7.721228685181702
6106,6.505632085642921
6107,6.8179838093942235
6108,5.646192973197202
6109,9.261463858833014
6110,2.8383766596762676
6111,5.965840876057455
6112,5.303032617747644
6113,6.1893788575013975
6114,5.146130542630199
6115,7.117146398679552
6116,5.093793669088449
6117,8.332895509907328
6118,7.979274637521417
6119,4.737556754758035
6120,4.396827709908447
6121,8.820338254127165
6122,3.9050865929093854
6123,3.017511257591884
6124,6.907245582881345
6125,9.696001143353314
6126,7.931713393992898
6127,8.645083657527564
6128,4.662822818379182
6129,3.4813757568524504
6130,4.86698962131765
6131,6.648456344996083
6132,4.483540340154258
6133,6.495270673853186
6134,7.8236241967358175
6135,3.177357838264044
6136,3.890039383212659
6137,4.500478989573974
6138,4.557732105255122
6139,5.08909585127342
6140,6.394180121297124
6141,4.679795308650364
6142,5.6114092233940305
6143,7.922079216704318
6144,6.057497443585415
6145,5.268293492133665
6146,6.980468102210185
6147,6.87158143877957
6148,7.466709083213623
6149,4.944710556314575
6150,8.087525143299748
6151,2.73901443161181
6152,6.968760222923693
6153,5.590677624398619
6154,6.096328753051804
6155,9.267970620633054
6156,3.0854004510067607
6157,6.271778170660046
6158,5.6426876604288285
6159,6.162077067679772
6160,5.299218234180897
6161,5.2305265628144335
6162,7.3076949885199625
6163,6.275233722274082
6164,5.305781481724759
6165,3.581780674217589
6166,6.689826089735662
6167,6.879057555568515
6168,5.820369346665943
6169,3.6076785088889682
6170,6.626754118688868
6171,4.201103603664077
6172,4.830370610589215
6173,5.4390707378896845
6174,3.698440279131216
6175,5.956577674631921
6176,7.6417315298714446
6177,6.973623213958458
6178,7.748415941018378
6179,9.156869957333246
6180,7.526614720110377
6181,3.228526662229073
6182,4.891713460366881
6183,2.1016725280790616
6184,4.399807870562161
6185,4.0520008597983725
6186,7.376794841543632
6187,4.447197502142236
6188,4.613363712880731
6189,9.573312822164736
6190,6.913584709669835
6191,6.485253261742922
6192,6.134515753365884
6193,6.808499244306802
6194,7.375145126695312
6195,2.2173250015166794
6196,4.601982809310545
6197,4.869506856130328
6198,4.676287933163538
6199,7.618350801689946
6200,8.026406181920311
6201,5.309471911586636
6202,3.6980630978767777
6203,4.402921675841947
6204,3.4149488923924602
6205,7.734136211119291
6206,7.062868625306507
6207,3.910729276997092
6208,8.002465283428851
6209,4.185305167532273
6210,5.079287891052545
6211,4.503630415773589
6212,6.154934710034168
6213,7.310683483220098
6214,5.810850613169116
6215,4.670152414372123
6216,7.792138957665267
6217,8.81655461018783
6218,4.50072211676497
6219,6.301173687082558
6220,3.6350879939164793
6221,5.680392310520599
6222,4.535127227031841
6223,5.942411142921603
6224,4.49930420614108
6225,6.498109588313602
6226,7.109090718610988
6227,4.890559364188246
6228,7.126786987568575
6229,5.387384986870823
6230,7.558274858862629
6231,5.748315022375614
6232,5.945985546879227
6233,9.435650828504377
6234,8.281428316972582
6235,7.425770196387952
6236,5.080264116733753
6237,6.706240099196782
6238,8.892230421457086
6239,5.215447854258061
6240,7.091931882976838
6241,5.080289698427223
6242,5.849081214789803
6243,4.273304777451978
6244,6.3946102427197795
6245,5.2174131274694515
6246,8.077665701989348
6247,6.058395481353402
6248,9.100339439620383
6249,4.996945579477365
6250,2.8327212637352672
6251,10.0
6252,4.172055656717821
6253,6.647046471292533
6254,5.551846907508609
6255,7.008304403764835
6256,5.6376338804619985
6257,5.863727039216271
6258,4.164415296895824
6259,3.0973718497614016
6260,3.2402655915863803
6261,6.196086983600804
6262,8.480447859693678
6263,8.181773779360276
6264,5.973462131159733
6265,6.738080401828326
6266,2.7638238897237875
6267,4.849054851457062
6268,5.134123405394715
6269,6.558538951869875
6270,5.804639391667615
6271,4.357032190046291
6272,1.6469212037535068
6273,7.461442263285599
6274,4.34182923133215
6275,4.34361567637273
6276,5.52306137838255
6277,5.007123050645976
6278,7.368254037780064
6279,7.102455615293529
6280,6.660956811109279
6281,2.545952988790802
6282,4.548666875842904
6283,5.594463766811212
6284,7.073764645082004
6285,8.085410178540407
6286,4.22510839733216
6287,5.400976412639398
6288,9.01593099162608
6289,3.2877223238607325
6290,6.192142315420596
6291,3.5945292881568696
6292,2.509695843587941
6293,6.237953683446252
6294,6.047422825547129
6295,5.935420336790082
6296,7.656442856456395
6297,6.665449955727537
6298,6.936681676879422
6299,4.205915351187697
6300,5.183040147547802
6301,4.75011429902919
6302,6.043370118885224
6303,4.00924711484621
6304,3.7530490589270014
6305,6.834136652218294
6306,6.2445740777467815
6307,6.894043635897477
6308,4.838619041313205
6309,5.223731294997646
6310,5.221472525019575
6311,8.540432130758699
6312,7.319246181262136
6313,2.9269258329228016
6314,7.096585790433147
6315,4.929969808494533
6316,7.914303250733656
6317,9.405892750354061
6318,3.4854213660515416
6319,4.097185115248501
6320,5.476146258457881
6321,5.030864958662096
6322,7.762246097918194
6323,2.636103568126029
6324,3.5954592429530643
6325,7.116352795629657
6326,6.301218957221547
6327,4.438723287778303
6328,4.895027614217678
6329,8.972617356869414
6330,4.956509119887455
6331,6.981177054574969
6332,6.408729314449116
6333,7.962614423139141
6334,6.837751737241216
6335,5.974969774479431
6336,7.041993762698611
6337,3.302665428286211
6338,7.398792714633734
6339,2.9179069923409573
6340,5.522330210853256
6341,4.495284442105659
6342,4.96640604872969
6343,6.947693167740462
6344,1.4822361113549183
6345,3.5046220630235685
6346,6.839557433309305
6347,6.516224677030689
6348,5.3849874458939215
6349,7.218544395024076
6350,6.997918150859624
6351,7.746222595778189
6352,2.3634155961155368
6353,7.010453212531697
6354,9.342585119298244
6355,7.293788274778451
6356,5.6335667236556475
6357,4.279314586274848
6358,6.179223941965915
6359,6.817159302881572
6360,7.590968437822747
6361,6.216395133486283
6362,9.394640887926288
6363,6.818164880018317
6364,5.262637735437255
6365,6.495158190891871
6366,8.142108355900444
6367,6.585046525175162
6368,7.662250018508811
6369,7.72107166834237
6370,4.230652442823923
6371,8.25994287436456
6372,3.9801358416078605
6373,5.545080837814305
6374,8.95459978782811
6375,8.966489073494591
6376,4.653780055806432
6377,4.426157347985572
6378,3.430681869954561
6379,9.20358279239908
6380,4.23065248130125
6381,1.687528214277877
6382,2.040091354809881
6383,6.944422778012066
6384,7.158965233494454
6385,8.109012393501322
6386,7.791926627231691
6387,5.528433058614575
6388,6.325242984762597
6389,6.003000744174173
6390,8.758148649871229
6391,7.406547606068214
6392,4.477407876203918
6393,4.511610505631621
6394,3.0925506450741804
6395,6.082419909557956
6396,4.426988382543424
6397,4.7691337373068325
6398,5.506293280463277
6399,5.010447455773673
6400,7.144648039728132
6401,6.8897563813369365
6402,7.6114213530709955
6403,8.166597533846323
6404,0.8342805397624186
6405,8.527841694840937
6406,7.223590166150905
6407,5.33006628123519
6408,7.6494521613216815
6409,6.100460647177785
6410,5.573489240389463
6411,9.230126095301555
6412,4.065419630790337
6413,4.266242112034414
6414,2.550983675926186
6415,4.330439738909719
6416,1.9397875018694257
6417,4.2327600641884615
6418,6.194277346628473
6419,8.684797462230268
6420,6.140574715110326
6421,9.476822935982852
6422,7.834953819401229
6423,6.463559497472454
6424,9.712422169836563
6425,8.29660003828559
6426,4.883231534777792
6427,4.863323119762364
6428,6.123750291981027
6429,3.4972513882591207
6430,6.597081421021684
6431,3.59867044001677
6432,8.05735874482037
6433,3.1987690521141174
6434,7.467149014389022
6435,8.664541741866671
6436,4.553308538229671
6437,7.029603093059322
6438,7.725230022050381
6439,6.006141659832899
6440,5.941218434241493
6441,6.582217406283157
6442,2.374207910434713
6443,4.130001138068521
6444,7.560503871322375
6445,7.868969100844126
6446,9.677827966854624
6447,5.815939673329202
6448,4.9839493243002675
6449,4.740220453850416
6450,6.048212321185888
6451,8.963234015495248
6452,9.955522177021267
6453,3.9882626240554475
6454,6.855014642997683
6455,7.542367943070779
6456,5.662785237814489
6457,8.276513764413595
6458,4.545690550275704
6459,3.003433072315333
6460,6.60877103618015
6461,8.403420793598713
6462,7.739503461661665
6463,6.6595894298675935
6464,7.979099436418453
6465,8.719627120978204
6466,4.976406466766814
6467,6.96834233520961
6468,4.289367474256127
6469,7.396845437231475
6470,8.57683992254206
6471,7.173573252675198
6472,4.911364966001726
6473,4.092907904221276
6474,7.382845352309225
6475,5.356474405440411
6476,5.36082658366973
6477,8.26822979206451
6478,7.185444861621113
6479,8.044741834259975
6480,7.838923752279024
6481,6.336820081622971
6482,5.154372333858397
6483,5.607073808834495
6484,6.070442729336953
6485,7.606404670446339
6486,5.185511969842912
6487,4.189341039864104
6488,10.0
6489,5.711981397470963
6490,2.660860117105926
6491,4.807162593138853
6492,5.9846796944571015
6493,3.1498387240915027
6494,4.752069536810797
6495,5.468699773407844
6496,7.694414400420294
6497,5.78868372450151
6498,6.014883610935213
6499,5.825345365201238
6500,8.988542855927795
6501,2.6820602848192237
6502,2.5055147517606247
6503,7.73673408363028
6504,9.269335761967016
6505,4.831835599958679
6506,3.8303602918536437
6507,6.517192090797879
6508,5.675615327572168
6509,6.502981352872363
6510,6.6922977276853075
6511,7.299285845863056
6512,6.540746125391197
6513,6.573175027701342
6514,4.0120032289758445
6515,4.002754199460632
6516,9.23568992392189
6517,6.180875304040844
6518,5.042094900764858
6519,6.03635503179211
6520,7.641603191544393
6521,2.85855124153077
6522,3.788898189787641
6523,3.249413223584185
6524,8.342808597578328
6525,7.862575305261542
6526,8.770248654598685
6527,4.34362438589661
6528,6.3634918468375545
6529,4.270853272376417
6530,6.240443548076015
6531,7.439462611239941
6532,3.3049204846080285
6533,8.508661056737214
6534,5.670640016758263
6535,5.863404238833427
6536,6.604393465743567
6537,6.514612048010859
6538,5.242235121785918
6539,7.0696220501828755
6540,6.181196587227971
6541,6.879329970523896
6542,4.382605643127243
6543,7.277969845734607
6544,7.181268747515006
6545,5.8157722389740165
6546,8.256325538061134
6547,3.8878075067710687
6548,6.253886243737678
6549,3.5756770088630923
6550,6.775253061436033
6551,3.324736791476711
6552,5.235775351917369
6553,6.784061483959614
6554,5.569790318730589
6555,2.335304459446051
6556,7.549482634609693
6557,2.527539022932609
6558,7.231626069145422
6559,6.66761830905419
6560,4.5140575674927845
6561,6.244661470467069
6562,4.917690965749671
6563,5.795492004971959
6564,3.2682136644664808
6565,4.306136534510031
6566,9.113748928451265
6567,7.80864859991344
6568,7.34859573971871
6569,2.790653184735725
6570,7.753155042326879
6571,7.65246860495032
6572,2.9455334871690564
6573,4.061501783300958
6574,8.049445143860831
6575,5.832051426585887
6576,4.858245222576355
6577,6.8217217030491035
6578,7.760488766289951
6579,4.670510153610142
6580,3.961931113075399
6581,3.8946913403132912
6582,8.653263768604688
6583,8.720202945284706
6584,8.350304066053925
6585,8.627687830589558
6586,8.116449326162996
6587,6.562216166322409
6588,2.540114227583714
6589,5.839255275203593
6590,5.747859304080847
6591,9.39444814000388
6592,7.755015465650848
6593,6.262127567140881
6594,6.195664391992772
6595,6.685860212404723
6596,6.266237184059824
6597,6.197782219617859
6598,7.247239722693716
6599,5.454341526703431
6600,8.445580878770903
6601,7.642243560430117
6602,3.9414184130526113
6603,7.7538430086138765
6604,6.887899735375094
6605,6.48992733409718
6606,7.651249565931687
6607,5.355302481881159
6608,6.778927233269773
6609,2.3942561485639073
6610,0.2969929032829363
6611,7.157974816629393
6612,6.294354944945376
6613,3.9686350585782075
6614,2.6465044270844205
6615,6.423010515739923
6616,4.596251135515906
6617,3.5041909351389338
6618,7.477308118334763
6619,2.898587854840034
6620,2.212063410164201
6621,4.902588518101209
6622,8.097878803648893
6623,6.911409283204929
6624,3.9208560139538102
6625,7.137957750978205
6626,3.6801419137153046
6627,7.768251080494464
6628,4.293679019994115
6629,7.653246486445415
6630,5.912914117545429
6631,6.731830699051345
6632,5.554252523505243
6633,7.912446949807423
6634,7.381777218283788
6635,7.572984083382366
6636,5.321373362185415
6637,2.083762094996521
6638,4.292548569513882
6639,5.313897657414219
6640,5.814696783970792
6641,6.817617560067004
6642,6.4583220726369825
6643,4.342128413365433
6644,5.878229199988552
6645,7.612243953225879
6646,9.040580633769773
6647,3.3674760366971928
6648,3.6493616584166024
6649,5.565943943841625
6650,4.697761466160726
6651,5.382406139306832
6652,8.835683329062542
6653,5.914210724053079
6654,9.194880061299223
6655,6.198396796710846
6656,7.2872528789604925
6657,7.43099768857491
6658,7.893359563790005
6659,3.4591499476574117
6660,3.7732785804097353
6661,7.247966171381383
6662,9.275208517738388
6663,7.685056260336308
6664,6.696169110535753
6665,6.223020987079242
6666,8.537984517584258
6667,6.028659804243092
6668,6.410886798757364
6669,9.580249570908675
6670,6.198331182025512
6671,5.86212175044404
6672,5.0862239135447584
6673,5.989408569007062
6674,7.36563539236255
6675,6.284872847583008
6676,7.27881263071065
6677,8.95961928607302
6678,7.186355107648031
6679,7.043037704683867
6680,6.813276142833135
6681,5.017935452097854
6682,6.871894695023136
6683,6.94188474406069
6684,5.61377497196488
6685,5.454187017006573
6686,6.455708337898792
6687,7.403635928367678
6688,6.21459287692971
6689,7.102067147145499
6690,6.610301795824019
6691,6.262285791411065
6692,9.039433285222529
6693,4.24106835023234
6694,7.443583561875939
6695,7.000183190786312
6696,4.512882404892693
6697,5.749613986751741
6698,5.874877481200317
6699,4.505453850394798
6700,3.8689607384905957
6701,4.06596136949804
6702,9.058931247091824
6703,7.826621616513387
6704,6.612930694505548
6705,7.386262824500275
6706,9.54876287875956
6707,3.9505948783054494
6708,7.935725053352356
6709,3.5120213692391453
6710,7.058657027093211
6711,8.232020767791704
6712,7.61677759078117
6713,5.30192445606374
6714,5.887989703729426
6715,4.598254432288935
6716,6.974324680614099
6717,5.482844909881435
6718,3.455112650439926
6719,6.602630856794417
6720,6.029147108136077
6721,3.839160772431541
6722,4.473325226817206
6723,8.643754743638757
6724,8.416442783524392
6725,6.235701186100897
6726,2.071889009241581
6727,7.583317223738214
6728,3.1622357263550667
6729,5.408368743265264
6730,9.157475444243241
6731,3.761382972371875
6732,4.379655690212844
6733,7.274431486578082
6734,7.964743853123566
6735,3.294190292236547
6736,7.49780787506138
6737,4.7791776933239944
6738,5.709582471110272
6739,6.2077208086904605
6740,7.062316417276377
6741,7.220555626905165
6742,8.918161906167622
6743,5.603562031676132
6744,8.901725141717145
6745,1.2779192786150513
6746,6.16454223605335
6747,7.8119364730915
6748,4.053344104986849
6749,8.888842216590458
6750,5.048712048718779
6751,5.678129735797842
6752,8.993839446499017
6753,6.936395643045786
6754,7.234987858684187
6755,7.297265001186833
6756,5.335519351854964
6757,5.167915550696621
6758,5.17778509531403
6759,2.1864391813998907
6760,7.218645113240505
6761,5.191298764702772
6762,5.677747088573066
6763,7.15207674602124
6764,3.87431332385682
6765,4.17026262529085
6766,2.791814817723089
6767,8.108053166738959
6768,6.696103180558549
6769,5.411750852429055
6770,5.756160195483132
6771,4.299936004291845
6772,8.020314491894549
6773,1.4564897531545036
6774,4.744688088607266
6775,6.802038570003443
6776,2.9474343002367673
6777,6.677252596947098
6778,7.141232957100814
6779,5.656663406474237
6780,6.597734070893262
6781,5.599211131684285
6782,6.953924131323164
6783,5.880678451227036
6784,4.431254331878286
6785,6.267321451824772
6786,6.155940081682981
6787,6.655127886217062
6788,6.034505445000978
6789,2.856940141207515
6790,5.0891168518187015
6791,3.8967670380477406
6792,6.708763625892572
6793,6.096509519770275
6794,6.468070895136028
6795,4.5702332396464
6796,8.19837663533191
6797,5.607348214049473
6798,4.37924456556703
6799,8.993746831131311
6800,8.161937078761994
6801,6.056753402904584
6802,6.246557187483397
6803,8.367017563185653
6804,5.617686324514753
6805,4.798850130964614
6806,2.922589570278724
6807,3.3414720441699477
6808,5.138079756985813
6809,7.076118609619617
6810,4.6727603997986
6811,4.623977310136503
6812,5.966785816550148
6813,8.986397642261151
6814,6.342211468460442
6815,2.9907387346933945
6816,9.419064967856638
6817,4.003714910997367
6818,7.10566572064364
6819,6.04843161819191
6820,6.250566343755567
6821,3.1380527233306363
6822,1.5735706083276613
6823,6.991358262996468
6824,3.545525064258483
6825,6.218569909691776
6826,7.263682815623189
6827,9.534630834831521
6828,5.405878528509704
6829,4.3322238327240035
6830,5.969078581156111
6831,8.46249705026014
6832,2.5353658266863697
6833,7.576194566575026
6834,4.5323914959800256
6835,7.023254969253627
6836,7.237472193060658
6837,10.0
6838,4.336682591067617
6839,7.778380440900181
6840,4.933371500543762
6841,5.985209862044766
6842,7.5573646908777
6843,2.1398480532886297
6844,5.53086799974025
6845,7.922418908225833
6846,6.341814259613781
6847,5.0185610689478315
6848,6.698761125402113
6849,4.103455218292078
6850,5.129411131421556
6851,3.385346911907382
6852,5.519215291090889
6853,5.587327443759791
6854,8.86789476479797
6855,5.464654825585038
6856,2.5659025698128834
6857,8.80578056864362
6858,6.9013337930086855
6859,7.9177267783469265
6860,4.321431184434604
6861,4.350025040918632
6862,7.861237863038963
6863,4.800651737872049
6864,3.949706246307392
6865,6.767639873601313
6866,3.3951806965248434
6867,8.8929417338391
6868,4.836641921175905
6869,7.594049237382363
6870,5.036687966063126
6871,6.363482002221831
6872,5.2074403954956185
6873,3.5007656264021754
6874,8.710535531636353
6875,4.385073751513838
6876,6.824451735769942
6877,6.308880142981931
6878,4.562423545654282
6879,4.483735956512602
6880,7.53589797653851
6881,5.269754772891343
6882,5.781306126349306
6883,5.796807385429086
6884,8.560486891117304
6885,7.951908371679032
6886,4.043961298291802
6887,5.3060903150506205
6888,5.035257998698478
6889,8.113678032149943
6890,3.7252904314766297
6891,6.5383791933592565
6892,7.656070637512414
6893,5.464160261362411
6894,8.689256187515975
6895,7.774578629491288
6896,5.582937706886934
6897,4.200144260980172
6898,8.49699249134988
6899,6.970606029340357
6900,4.243053468817443
6901,9.644010381761234
6902,8.269135960743805
6903,6.819645252095132
6904,5.154929082218968
6905,6.080159439514039
6906,5.839035902895858
6907,4.289974406180997
6908,7.692079652753352
6909,8.249751468664387
6910,4.095170128126409
6911,4.816173986197127
6912,2.7229153833749282
6913,7.060431845396183
6914,6.588212354339409
6915,6.933572654161155
6916,5.570980877011119
6917,5.398649944059568
6918,7.324541029396549
6919,5.914700819899727
6920,2.039267536500828
6921,5.087708671303258
6922,8.529292006321208
6923,7.375421111451275
6924,7.369921670014002
6925,6.33080006835017
6926,2.7044710031843175
6927,6.420260322408034
6928,7.724539304553197
6929,7.407003604550284
6930,9.125359715402402
6931,5.3702273406636
6932,7.3311350996365965
6933,6.2251880460772115
6934,6.305230608411415
6935,9.305534519453289
6936,3.3821550858019496
6937,8.674325577694832
6938,7.90639978885041
6939,8.294781390838514
6940,2.9984610224491375
6941,6.655348142974202
6942,3.91671544449728
6943,4.071317360594481
6944,4.910695462553712
6945,4.676785926813192
6946,7.006456700074735
6947,4.810615556280185
6948,4.71298353734802
6949,2.980847802944898
6950,4.800502343350317
6951,4.508444914810914
6952,6.24001200458284
6953,2.775532959010256
6954,3.583548128642335
6955,7.008428935670677
6956,6.577032660601528
6957,7.318968859698779
6958,5.851435493926312
6959,4.003569828336867
6960,4.341462993606889
6961,5.504048378770781
6962,8.09537184854555
6963,7.391678964723916
6964,3.99894938721968
6965,10.0
6966,4.75523290839548
6967,5.573651502484469
6968,2.8462014352095233
6969,5.844116017238868
6970,7.205847501853755
6971,7.167984210945456
6972,4.3518090977743125
6973,3.3510541891898695
6974,4.366479833402679
6975,6.211597457154257
6976,5.661355540928415
6977,6.081781716088292
6978,7.608827979498406
6979,8.245086455247186
6980,4.378875855491319
6981,3.228604044423624
6982,4.653000359454038
6983,5.3619001418227
6984,6.348582798236963
6985,7.864875830853971
6986,3.7125451940015766
6987,3.2344545241457414
6988,8.956940416111859
6989,5.465555355026621
6990,3.724288834631773
6991,3.104704119878973
6992,6.736532573899288
6993,4.397603343709866
6994,5.9050125963602245
6995,5.119797358416553
6996,3.1968781982620826
6997,3.6228458474213263
6998,6.790428364022209
6999,8.035313304452249
7000,4.378928185732807
7001,8.103233041353372
7002,6.8024366003163985
7003,4.221756503686967
7004,7.859909875191444
7005,6.1004392802374285
7006,7.334505496932283
7007,6.411129863650347
7008,8.255277012465644
7009,6.92208891376167
7010,6.406179946594256
7011,2.5942729967013682
7012,7.083712254417495
7013,9.351528223717452
7014,3.410507311650579
7015,4.419065818634745
7016,6.384859629103629
7017,2.7617607064659606
7018,7.469098811650736
7019,5.819114140870113
7020,9.159398669494394
7021,4.110929092903877
7022,3.2044897354498247
7023,6.139055575449472
7024,4.868184075372671
7025,3.0611257565260277
7026,5.286037749613453
7027,8.11382787805019
7028,4.203788617968365
7029,7.695179689330249
7030,7.696928976878281
7031,8.740515437903337
7032,4.151678844574969
7033,6.581229784342324
7034,7.136593667507795
7035,6.1152377232388035
7036,7.471460016299267
7037,7.606524634253563
7038,8.25550931421346
7039,5.92743013683962
7040,8.80276472483196
7041,8.803210773915243
7042,4.80017972399323
7043,2.8915478799446355
7044,5.992286050682892
7045,4.685470928361684
7046,9.234807671872618
7047,3.4159617253604075
7048,5.033786967927828
7049,8.069375312106713
7050,8.827304939501158
7051,5.61870463766156
7052,7.247059785271279
7053,4.733438528155659
7054,4.78170522754543
7055,6.271410239997575
7056,4.251621718727616
7057,4.925824159756606
7058,7.15804827778811
7059,7.8955228496180085
7060,5.7862645064252645
7061,3.4776184525986267
7062,5.946997905639751
7063,7.792823229714877
7064,4.290524600601996
7065,7.302848152221798
7066,1.3163852031062926
7067,4.084214805561834
7068,7.252616345835807
7069,3.8998481720573364
7070,2.778127393113666
7071,8.357705330787702
7072,7.492187575577394
7073,4.639004901233948
7074,5.081721383181096
7075,8.38361387318364
7076,9.339697163780485
7077,8.168410979741745
7078,6.393769721884475
7079,8.382485290960316
7080,5.104505198123259
7081,6.537377105002497
7082,7.5366515867869905
7083,4.290307538027291
7084,6.93132525672865
7085,3.2337494003692857
7086,7.845029625263079
7087,6.3036053522573035
7088,4.298020005479389
7089,6.718714543654098
7090,9.591252079995497
7091,6.174414061791426
7092,4.463224235728061
7093,5.117068664418246
7094,8.837165075208654
7095,4.342189469704225
7096,4.407365176776424
7097,8.344630164275978
7098,4.9986327217350235
7099,7.809257092774488
7100,6.94607144139621
7101,6.036517432741627
7102,8.177171354183741
7103,7.163183577938882
7104,7.9479199392974476
7105,6.112006736367655
7106,3.334795278966957
7107,4.622068129027431
7108,7.32032499515989
7109,6.543155098646402
7110,4.059031248770781
7111,5.396917734112637
7112,4.120008176980661
7113,6.7037218115981565
7114,6.043152626515016
7115,8.370181012094754
7116,8.733746448165622
7117,5.030796719123278
7118,6.337847709285093
7119,7.556661695672299
7120,5.077305609702352
7121,5.395713415413529
7122,4.8514150699402085
7123,4.796485347454072
7124,3.6392211098986063
7125,5.144958334997586
7126,7.820050432335516
7127,5.422614790671541
7128,7.114278705277802
7129,6.663120927312501
7130,7.425505809972829
7131,7.174641991609507
7132,6.932669856017551
7133,7.444304254493277
7134,7.473665691284418
7135,6.385166520123151
7136,4.432275950180674
7137,6.006875366308472
7138,5.0503148367826345
7139,4.3800900105997576
7140,3.8830910215653
7141,9.74252431583032
7142,5.522168906979628
7143,5.203315646889348
7144,3.049465016530114
7145,5.307770012777672
7146,4.725346911237397
7147,7.882776921486462
7148,5.520783979914818
7149,7.141559081856965
7150,5.858141948068527
7151,7.868627463479361
7152,6.909004155118732
7153,1.8393481682051
7154,9.07663337330525
7155,6.80978769670602
7156,1.9222155946764294
7157,4.475254901957273
7158,4.061842197591449
7159,5.65178748108411
7160,5.429601318322692
7161,6.919579868005348
7162,6.1194135144409145
7163,6.488637347491331
7164,8.51060859139993
7165,8.633434637694323
7166,3.3443893391233366
7167,6.422972697034793
7168,4.267652993651723
7169,5.3246213844406345
7170,6.5892143461981325
7171,4.5274369089164175
7172,6.334343949339427
7173,7.742763070820009
7174,9.06763687212392
7175,4.301701266634019
7176,7.425850398336613
7177,3.775303441338162
7178,8.351868356409113
7179,6.4076189062742435
7180,4.81409719747273
7181,6.517752720709778
7182,5.983771497774501
7183,7.624955228984735
7184,1.8827734387487722
7185,6.434193440562118
7186,7.337730678970406
7187,5.199960627645116
7188,2.6502732448049326
7189,6.039711701093399
7190,5.1300334282611555
7191,3.041582106236023
7192,8.505513808194511
7193,8.357494430137647
7194,3.461560145594852
7195,7.707133225595171
7196,5.873321343856544
7197,6.972975622554732
7198,6.363487481592897
7199,7.866711943042523
7200,7.155265696257505
7201,5.649979113656715
7202,6.725495755446964
7203,6.320313257021739
7204,6.164799582705498
7205,3.1554434439823167
7206,6.669001171468263
7207,6.555426538669243
7208,6.284081725805042
7209,5.853455662733095
7210,6.852126010389398
7211,5.725492132277373
7212,5.202834588461952
7213,5.797498097381693
7214,5.891181785260941
7215,5.191486196070771
7216,4.091863624566296
7217,7.191848661047821
7218,5.613529577574784
7219,7.96206854856613
7220,4.135648446740386
7221,7.460235191432097
7222,4.818581345627132
7223,6.79812578680498
7224,6.115290025011646
7225,7.253429530892048
7226,6.844766035928739
7227,6.027359172475635
7228,3.5581380372410214
7229,8.652947677173891
7230,6.3454612559788925
7231,3.2761240502539537
7232,7.616895474696284
7233,8.337720849811877
7234,2.754432896695971
7235,5.499792154992667
7236,7.948499448105881
7237,5.882353724399327
7238,8.372148795320703
7239,5.847501217029104
7240,3.5383333665858347
7241,4.1617196845114615
7242,8.288452678552618
7243,8.746116036700808
7244,3.158375746111603
7245,3.8741151133267624
7246,3.3949071593070728
7247,3.968206897418834
7248,3.542083598365244
7249,5.719903362444672
7250,7.401503582505009
7251,6.018661076213719
7252,5.074400879483998
7253,7.482586732188966
7254,7.982116769998516
7255,3.9159949883155347
7256,7.117689353431265
7257,4.544437411540104
7258,3.025776454363687
7259,5.879166448790331
7260,9.682732438271952
7261,5.7730537131755595
7262,5.763991173544247
7263,4.700268358559889
7264,3.169509357309843
7265,7.90762064294943
7266,4.566912350883846
7267,2.932288598587453
7268,6.240469902124225
7269,4.940896135929147
7270,7.049593974919808
7271,4.009973785333018
7272,7.147921590160037
7273,6.588934821073477
7274,5.308201127100629
7275,6.462379949935906
7276,6.099791838284125
7277,5.30774189968069
7278,5.9773317126609475
7279,6.220574385361935
7280,6.3043384241042135
7281,8.843175955820286
7282,6.0410541038468075
7283,5.620077737310879
7284,8.684067083951431
7285,7.393065658885198
7286,2.7633263419838245
7287,4.81226178792713
7288,5.883819214210648
7289,4.84641843863025
7290,6.589735209292488
7291,3.7765569885193373
7292,5.4669623955682605
7293,4.636430402830328
7294,5.2160585155619605
7295,9.62665310346492
7296,8.015188986922016
7297,6.788252705036314
7298,5.647339801874885
7299,7.32191434064438
7300,4.3677240200754435
7301,6.9531163438962515
7302,5.300396621812795
7303,5.276115326130414
7304,8.51850146306581
7305,5.591599458141339
7306,5.211834428265048
7307,6.994920981306514
7308,4.9093421957948955
7309,7.760292965339948
7310,1.6907499452211063
7311,7.170929184798923
7312,7.746904315956419
7313,6.521957154641012
7314,5.653285662082708
7315,5.966840895081786
7316,4.436242749954586
7317,7.376499131940297
7318,2.7694016927609115
7319,7.0566562309504
7320,3.912260188568174
7321,4.551494964105016
7322,5.506807889651199
7323,6.287710678820467
7324,4.803427115925485
7325,6.448706237221997
7326,5.979945801105797
7327,4.214511069701348
7328,7.02858402864061
7329,3.3673186167179012
7330,7.8263007020890285
7331,4.042453335172503
7332,7.284162808635619
7333,7.841789944878371
7334,5.578333122610394
7335,6.001457853636447
7336,6.075359910046361
7337,3.9871828166584087
7338,4.658424788249547
7339,5.060245031189613
7340,5.677514156268075
7341,4.289437697325444
7342,4.9562245066320765
7343,8.079872627052287
7344,5.832631995904864
7345,3.2194293683769173
7346,7.724693112683978
7347,8.217814791779878
7348,7.380725059014435
7349,6.523270979504424
7350,4.528718013875787
7351,5.410125479824354
7352,6.277760830731123
7353,5.240508675264006
7354,6.877892829285694
7355,7.651259739533211
7356,5.624555403397302
7357,8.905961248680883
7358,6.672800712231924
7359,6.044413830457874
7360,7.865222116650809
7361,9.138671609836216
7362,7.246041950801626
7363,3.6653537353460903
7364,6.560552338184185
7365,6.250353042749795
7366,6.246740875537565
7367,6.09742147376531
7368,3.7998966986935363
7369,8.433172594010527
7370,6.167184415012971
7371,8.757956710698997
7372,6.605507955783883
7373,8.532065106346252
7374,6.670787068801653
7375,3.823431612509584
7376,5.52801487337406
7377,5.925686766295851
7378,3.061555496779799
7379,9.36981626806662
7380,6.884850135540235
7381,6.1811311961809885
7382,8.006878754714567
7383,3.366234797960732
7384,7.978383848837171
7385,4.751840003908922
7386,5.901901374130678
7387,6.534745177994342
7388,5.6367883659354
7389,4.785002990367084
7390,6.352547871575366
7391,7.035724225641321
7392,6.06549224509164
7393,9.504676497745868
7394,7.848703192434055
7395,3.3706670089920827
7396,5.9438158214092365
7397,7.70289356412919
7398,2.1292003528274046
7399,4.282669503380758
7400,8.113125079268455
7401,4.202220174061979
7402,3.3287424122263625
7403,9.26143430792643
7404,6.200451097865294
7405,5.11578379928477
7406,7.571481586245493
7407,7.596209711762041
7408,7.609740878159501
7409,8.307038859178876
7410,7.492700055418568
7411,7.883692821267579
7412,3.169426110083141
7413,4.925087908532315
7414,4.650369649252814
7415,6.45795312126501
7416,5.441959176197374
7417,7.025715826846323
7418,4.023179206169683
7419,6.2377592228043
7420,5.0890073060085035
7421,3.5334325887941644
7422,5.887455556069171
7423,8.518120002556762
7424,9.367638198963636
7425,3.0043623817034635
7426,5.338504336084659
7427,5.7513892062589935
7428,4.009016931441678
7429,3.8163064456210636
7430,2.0564270802083064
7431,6.033064405938042
7432,6.24894212400418
7433,5.1722508648662675
7434,4.283168606536132
7435,4.963253204493952
7436,7.607403967084941
7437,8.974935907314137
7438,4.9857423816467
7439,6.244022504245345
7440,8.145231226206572
7441,6.6034385385416625
7442,3.9934514145866684
7443,8.540892265273644
7444,6.048320297792607
7445,7.7946505252877785
7446,4.311131204060098
7447,8.554050306153563
7448,5.033635955628092
7449,5.389189703231333
7450,8.475619792479666
7451,6.210839574994494
7452,6.153037755813603
7453,4.283576751640309
7454,6.660387679995888
7455,3.9194626403400425
7456,6.75904913150278
7457,7.0749745497814445
7458,5.79633572723946
7459,3.8273929456375453
7460,7.506736112267851
7461,8.184098701748411
7462,3.1718157115376573
7463,8.016926122758054
7464,6.28734832620972
7465,8.721589281608576
7466,6.6722000000741435
7467,9.02908108921447
7468,6.585975497316937
7469,3.766071404007275
7470,6.246246091703154
7471,6.127994008525232
7472,3.3695596433455184
7473,6.203870119215076
7474,5.157568410446951
7475,3.2055612450808617
7476,4.939721951930782
7477,2.178482758509092
7478,6.448646410259022
7479,4.845419098224136
7480,9.004426829717987
7481,6.782277107970429
7482,4.752598668299251
7483,7.7370223530487054
7484,8.20352059369807
7485,5.096339794805142
7486,8.877225830943908
7487,4.714426183007321
7488,5.122741776365544
7489,5.454265826111037
7490,5.460343211315471
7491,4.31575674390568
7492,4.531573081098499
7493,8.347495112688804
7494,6.209047433765532
7495,6.789252526851688
7496,7.111729390201804
7497,6.692109208600729
7498,6.348541469108201
7499,9.445799666308941
7500,5.641783121062756
7501,6.258535135377755
7502,8.177308065880325
7503,4.602880705085834
7504,7.34137123415551
7505,6.044787408524788
7506,6.337115849275216
7507,8.586154783097943
7508,5.4092707986368636
7509,0.926904903272406
7510,9.068133612030465
7511,5.288028786854913
7512,5.55889222971649
7513,5.702995081864597
7514,8.096897520565808
7515,4.739041394192878
7516,7.479151609323133
7517,2.7006906833369757
7518,5.840861010907861
7519,2.832887120760932
7520,4.562225328113748
7521,9.241229525717927
7522,5.754454232540382
7523,3.4743296512016815
7524,8.069212722411882
7525,6.509300745348222
7526,7.546087081728968
7527,5.877930463254026
7528,3.408174003919787
7529,7.578040266902346
7530,5.642760685420836
7531,5.645004227911746
7532,9.450404405604264
7533,6.686168373515384
7534,6.813282186392985
7535,5.409200661597259
7536,7.719022301056453
7537,7.789244815239671
7538,6.460850971486833
7539,5.951096636384527
7540,6.118583095970606
7541,3.9769067409144547
7542,7.612075063581371
7543,5.158382006273738
7544,2.5786838371251792
7545,4.955490405209673
7546,5.377843020108143
7547,4.353763097470449
7548,7.2298928264658215
7549,8.026544530771167
7550,4.806769051587419
7551,7.959407092124736
7552,6.219862012768748
7553,6.749859778751415
7554,9.145842386662064
7555,6.605115495862054
7556,6.247540896318276
7557,8.029937012775495
7558,4.050056171836454
7559,2.6557442237941644
7560,2.51614340098583
7561,6.083817120349109
7562,4.651046007093832
7563,7.504687497388422
7564,6.517392980851069
7565,8.767406616905344
7566,5.396700297993084
7567,6.972878204673986
7568,7.424629850498761
7569,6.037853332554274
7570,3.0059133738091974
7571,6.523477112910345
7572,7.2998099854144485
7573,9.778645133399465
7574,5.777634561513529
7575,7.651083144815821
7576,5.045586754040081
7577,6.77564953357074
7578,6.322892363554938
7579,7.730317832446239
7580,3.921221295714098
7581,6.875815839702075
7582,1.9096705303429808
7583,5.837262441755036
7584,4.205950462116087
7585,6.105175494888684
7586,3.7655497424061
7587,6.4123616340220355
7588,4.261422645315647
7589,8.118967804539603
7590,2.3144287466334643
7591,3.183183217634611
7592,5.843863485883464
7593,6.710985206309691
7594,3.8291465794894637
7595,6.555646832196262
7596,3.1356062617644924
7597,6.523827907723411
7598,5.9634764187593
7599,4.049378056136497
7600,7.659571227098233
7601,8.918657036159898
7602,1.0616147892623344
7603,3.910948274170194
7604,3.635003826377479
7605,5.461130845045454
7606,6.333066130778769
7607,8.285893700137752
7608,8.796752827680796
7609,7.80282406970225
7610,4.73619540913389
7611,5.267069243707465
7612,6.7785625175118565
7613,7.722257706026237
7614,7.056299978795013
7615,7.883611819696085
7616,6.458196000523234
7617,7.2244512398962994
7618,5.732593320172354
7619,3.6289738636696227
7620,3.793451983878123
7621,8.107049685051765
7622,3.8888661548709047
7623,7.385417575160321
7624,6.703942116063227
7625,5.463626379760437
7626,1.6002749731551746
7627,5.182999145890633
7628,5.737649764756433
7629,4.109836694270465
7630,3.014772062581734
7631,6.298414603745903
7632,8.421888927604378
7633,6.967878904425142
7634,1.573228499438037
7635,5.012047414535983
7636,7.61315690124726
7637,2.47184291943654
7638,6.686825637963626
7639,7.559912954663238
7640,8.165565600264571
7641,6.6349508750640815
7642,8.898939915832525
7643,5.637899555979007
7644,5.725595172636486
7645,6.832425126724315
7646,5.290528571969865
7647,4.627257635000251
7648,3.3688577492544804
7649,3.9745102316623857
7650,6.540584039912651
7651,5.5177224832290435
7652,5.886288957895548
7653,3.1718996287642107
7654,5.9992099734392905
7655,7.572703172439013
7656,9.564681301259693
7657,7.2337401113118585
7658,4.680834597178062
7659,1.1367981908579838
7660,3.8001979817474285
7661,4.274112726854937
7662,6.907970296131871
7663,2.7241508373192977
7664,7.930353589797839
7665,6.388742464481245
7666,6.134353583313538
7667,5.15079261713684
7668,4.732894006218906
7669,6.759956025984483
7670,8.811146697166182
7671,5.876884318903687
7672,5.951479675749414
7673,4.848158059675439
7674,5.115616496688139
7675,9.074083622944709
7676,3.295408313264079
7677,5.133435198060778
7678,8.489618183195544
7679,8.065214250799134
7680,7.628157290693656
7681,5.786228751878841
7682,4.100280418298111
7683,5.199095181225795
7684,4.979797164011129
7685,9.756675593942369
7686,6.422719686413208
7687,8.681398731294799
7688,4.032312271734236
7689,3.0075690317021837
7690,6.549802994739461
7691,3.5783100301580952
7692,8.524363288839291
7693,8.284104820099419
7694,5.239592572657041
7695,4.829000729643793
7696,8.664679800454095
7697,3.517166552728792
7698,5.049642530930153
7699,6.735947981747038
7700,7.447930205752298
7701,5.208829046537867
7702,3.6381592064535075
7703,5.562126747291174
7704,5.042661377951113
7705,4.143563991866787
7706,2.2669064313935046
7707,7.263747803391735
7708,6.206845241269788
7709,7.596411756770948
7710,7.117588656673674
7711,7.789713872230365
7712,8.098786271914296
7713,5.249226827851309
7714,9.489888148379459
7715,5.519745464932599
7716,6.598576110547652
7717,7.055973120202782
7718,8.049845239906412
7719,6.344736808769712
7720,8.573434189936695
7721,3.5469828752308814
7722,3.7698535118885417
7723,3.861285879875881
7724,6.3499228549284235
7725,5.615077112264103
7726,5.034808624872765
7727,7.070306905941232
7728,5.557573294203199
7729,3.0368640492849637
7730,6.03572975793362
7731,3.6066594173450666
7732,7.614981761106575
7733,5.586723256000589
7734,5.873379719999156
7735,8.390554366529777
7736,7.030289850726439
7737,5.458970000698401
7738,6.338966706298173
7739,4.266475266222226
7740,6.538444457635789
7741,5.527636087113508
7742,4.816884522458611
7743,5.330317890496985
7744,3.272608335578346
7745,9.414124153449368
7746,6.169573333324546
7747,6.063794226204954
7748,5.983124352913971
7749,6.539592674787462
7750,3.845429231782382
7751,6.666068475134607
7752,8.143463258815114
7753,5.735448566952972
7754,4.9315609557737305
7755,8.29474869899877
7756,8.26862941887921
7757,7.517089518842169
7758,6.494552908457751
7759,9.03335482590124
7760,6.924399171714939
7761,7.621648646995604
7762,5.250257628382957
7763,6.188241129114828
7764,7.228605155233039
7765,4.959364006698667
7766,6.796807783897782
7767,4.672776023607181
7768,4.915808799585298
7769,3.5735976204831528
7770,9.050499597173122
7771,2.73244178558011
7772,5.341912547083407
7773,4.887505312962295
7774,5.332417586049143
7775,7.591493067583291
7776,6.243386601087562
7777,7.15891628169918
7778,8.100483945679954
7779,4.89585745556305
7780,6.4787702219133365
7781,5.374680037756377
7782,2.5898686996626585
7783,6.255779310015852
7784,8.198747018517505
7785,2.394320343867964
7786,2.0000153266236644
7787,3.0842743010463547
7788,8.74500868473419
7789,1.4371331869458241
7790,6.3305996581845925
7791,4.075998525074485
7792,7.624587882108171
7793,7.9818046438111505
7794,6.272814096439687
7795,6.859021668243018
7796,6.950056949541128
7797,6.1075387533279955
7798,7.870028736176251
7799,4.799551749192113
7800,3.919209706743074
7801,3.0518076265311493
7802,2.9592073953744453
7803,4.73682354876783
7804,5.238501033232344
7805,7.690270369245509
7806,7.530821306752883
7807,4.5663123910560355
7808,6.244557887104021
7809,7.694731392224121
7810,5.649786614573063
7811,4.539271994082047
7812,4.934264726086767
7813,6.522909401607822
7814,3.939160366945032
7815,4.221170995283017
7816,6.817505012310258
7817,3.6779403809512945
7818,3.229758336333683
7819,6.364719169920512
7820,5.428451719791048
7821,6.711920609172548
7822,6.526542849118778
7823,7.441458611285292
7824,6.411783990230006
7825,6.240319871487935
7826,5.811751278960569
7827,4.23003969553078
7828,7.801069900201697
7829,7.65473394637089
7830,6.980212000780025
7831,7.205780238060685
7832,2.9768103366120857
7833,7.650142953258409
7834,8.068944897896005
7835,3.9936674834656976
7836,7.339677122863494
7837,5.632262981503229
7838,5.239661582932626
7839,4.8325244304613335
7840,8.658456888861519
7841,8.306577865533507
7842,7.8471776726105
7843,7.32472126029289
7844,5.108021394526325
7845,5.647678079762664
7846,5.665320473679161
7847,8.983751984384178
7848,4.388222023947691
7849,2.5664644133747903
7850,4.035506123090262
7851,4.436683735180011
7852,7.860808483212454
7853,5.842460530107465
7854,4.407858733970901
7855,8.215866383679835
7856,6.603013877778555
7857,9.636108450387734
7858,7.098472771825241
7859,9.649797478574117
7860,6.808108781618596
7861,9.547567864091729
7862,5.016833354803175
7863,5.109925620402554
7864,7.534624382881586
7865,9.179468553910215
7866,6.41517867506808
7867,9.727239583216342
7868,5.052654473686809
7869,7.44017428118004
7870,8.656987398332122
7871,1.9766524583786171
7872,6.4393785590628285
7873,8.111391719621006
7874,6.965257971232712
7875,4.058842007432845
7876,4.036496882665684
7877,5.719599887813652
7878,4.596803274781754
7879,2.013944347305526
7880,4.13546776277114
7881,5.667036585771523
7882,7.582850088952267
7883,4.614655351570452
7884,4.023618194025873
7885,6.827699746490255
7886,4.627594335581106
7887,6.467418935214612
7888,7.308146827066607
7889,8.389867968018228
7890,3.9071326924692373
7891,6.075686192528318
7892,6.307330450615966
7893,2.7970797158520324
7894,7.36220588535594
7895,3.7078151592578568
7896,3.6273090751867985
7897,8.389150445895071
7898,3.5246506063902125
7899,7.63016338475203
7900,3.944115761810107
7901,7.10408581686635
7902,4.3772972882707375
7903,4.413430711947411
7904,6.214168834678139
7905,5.2674948337418375
7906,8.075348485988718
7907,3.7969793230901323
7908,7.799907650780472
7909,7.8280198871419175
7910,7.2327040364062825
7911,7.045596713661714
7912,5.973333354833425
7913,4.538454973261937
7914,3.666414539116408
7915,5.196789412897332
7916,6.7448729874984
7917,6.837380006382955
7918,4.288274823990021
7919,7.2794984208640985
7920,9.447333250532237
7921,6.271925452029013
7922,4.97872377855787
7923,6.352311031833222
7924,8.146326413692
7925,4.167962901070075
7926,6.230756015698527
7927,5.505386041725016
7928,4.611212431894304
7929,8.685080121045758
7930,8.203153061940933
7931,7.596365110420314
7932,5.553292314822859
7933,5.080364758792475
7934,7.921230430808954
7935,8.397201212728678
7936,5.666889905286003
7937,3.502617759771747
7938,5.921560287082717
7939,8.18778290880771
7940,3.642830884477291
7941,3.8572495282723858
7942,3.9075599963608574
7943,6.297799412264128
7944,6.207132618995685
7945,5.504150176911963
7946,4.6867545307599565
7947,5.085262143070869
7948,7.413682530413054
7949,5.762009271915167
7950,6.843135967295702
7951,6.824503414379576
7952,7.565632045279111
7953,5.859045188013875
7954,3.719868304406354
7955,5.189337860955935
7956,6.637522411140573
7957,2.920882604568801
7958,3.166967054684055
7959,5.237041761889004
7960,6.324448047793204
7961,5.651947145980064
7962,7.022466062868972
7963,7.104737933618751
7964,6.006389957611582
7965,6.222994043655767
7966,7.30000595170426
7967,4.813137639024385
7968,6.504255369330812
7969,7.317569141742479
7970,7.361607946389711
7971,6.351025064577601
7972,5.570148008658993
7973,7.6588090959873
7974,5.915061137027506
7975,7.163742302999377
7976,6.336263286963813
7977,8.037566511229329
7978,0.8837414466812654
7979,5.657151442539534
7980,7.696075413181323
7981,6.319312577950226
7982,3.191789609350509
7983,5.547694170593055
7984,5.95573688528436
7985,5.392616311921935
7986,7.088726383517093
7987,4.231512468618652
7988,9.914336829514458
7989,7.16438932823344
7990,7.983420796342571
7991,0.548652760928364
7992,2.5566982180748172
7993,6.59857202015726
7994,4.234656924318991
7995,2.829196288056738
7996,6.145734805592515
7997,8.122128851709315
7998,2.2852684223365607
7999,6.671895432904007
8000,5.641629713474666
8001,7.028377105576868
8002,3.3787232433560357
8003,8.343534071568222
8004,4.654228128036536
8005,7.703736772004236
8006,6.368956792141959
8007,8.848979068759855
8008,5.389849610838697
8009,5.580429050138951
8010,6.4465461316735295
8011,4.713282737876865
8012,6.5273063316441196
8013,2.183806109974787
8014,5.153181281309979
8015,5.3401360945458105
8016,6.514608299071217
8017,4.036794760956666
8018,4.343493975203775
8019,6.067676307789752
8020,4.214664799786696
8021,2.888142516022488
8022,5.532920859835431
8023,2.522893991007964
8024,5.747878649814031
8025,6.411594240256463
8026,8.78978762695144
8027,8.893356686135531
8028,5.439571799870875
8029,6.567571574360158
8030,3.2049155897615402
8031,4.742166189270054
8032,4.447297371733404
8033,8.630346890191436
8034,4.401724825082625
8035,5.101397720700014
8036,2.1056093397603015
8037,5.226476963210475
8038,7.076380505242592
8039,7.7694864377904
8040,6.215036322438908
8041,6.385230724668874
8042,8.014858399232555
8043,3.2778759114332665
8044,6.039011308467982
8045,6.138184372164876
8046,7.769553675304118
8047,3.586833456448303
8048,7.222909923699297
8049,3.340041570078049
8050,7.400568000663538
8051,6.870683213566798
8052,9.078252310020268
8053,10.0
8054,6.595965483703608
8055,7.83407966579203
8056,5.369506738752402
8057,7.048367760909467
8058,2.4207372266531415
8059,8.014253248631888
8060,5.169801411914008
8061,9.024921772339056
8062,4.708313159476393
8063,8.241789056974056
8064,9.070887592528502
8065,6.638659935861324
8066,5.973172687896551
8067,4.437885570560557
8068,3.1230325783395645
8069,4.747184072470013
8070,5.181535478404771
8071,7.81235417502128
8072,5.341660934582391
8073,9.088355434127397
8074,7.920197424946236
8075,7.367909710077606
8076,4.89771520918168
8077,3.755253736693063
8078,5.188982903372945
8079,9.831826992524306
8080,8.563371048456675
8081,7.97344629367581
8082,2.6065385696598167
8083,6.66561554223314
8084,7.635983091259799
8085,8.531825466577025
8086,5.988695684376135
8087,5.204395930851426
8088,7.497705790813266
8089,5.750484562089218
8090,4.914201049835473
8091,5.718786607501796
8092,4.582712354758479
8093,3.653039136513228
8094,5.62778894151821
8095,6.908322122482107
8096,2.7767267157641453
8097,9.050988193217414
8098,6.036110843628222
8099,6.949508598326936
8100,5.568044087733522
8101,8.064920004603202
8102,5.844678049478959
8103,8.85094181157991
8104,4.3326873200306055
8105,4.794879625913656
8106,1.1334868923426642
8107,4.7183940310108525
8108,5.238403587264705
8109,4.501980718215683
8110,5.138778083614592
8111,4.903021116468124
8112,8.434449413745329
8113,5.8731647669205245
8114,2.828610159913678
8115,6.017132932912621
8116,8.023033998095103
8117,6.546089564787723
8118,6.626893723678252
8119,5.702160273649159
8120,5.182174953570604
8121,2.4569031246446102
8122,5.701853467765913
8123,5.675502001463176
8124,5.6965881028995
8125,7.066263814451094
8126,7.9335133664480955
8127,3.662318960594233
8128,9.11083852606055
8129,9.252307679378823
8130,4.198878739181591
8131,7.348518963786019
8132,8.71592666338121
8133,6.338432475889855
8134,7.0532684903110745
8135,4.218406068276356
8136,6.153936489964369
8137,4.6818788939757985
8138,8.095009587409887
8139,7.677536922156034
8140,2.940310042851941
8141,3.011730588816894
8142,8.584385046625943
8143,2.8194388804784327
8144,6.475936413192373
8145,7.114844120491953
8146,4.59997177470747
8147,9.13721822949817
8148,5.131090632146551
8149,4.979032902965252
8150,8.658382878670775
8151,4.682135156003196
8152,4.148244754600506
8153,4.2713948501531105
8154,4.725420697713886
8155,8.540107955202005
8156,4.380414488157966
8157,4.484270242676946
8158,4.7408070738777415
8159,8.844123610435918
8160,2.0249386715541284
8161,6.436134489521638
8162,9.209079948834248
8163,6.376831942455122
8164,7.433324948516511
8165,4.669497174124668
8166,4.992628399844055
8167,5.868202273190093
8168,4.344225692181292
8169,3.3324631337892554
8170,6.704909883588955
8171,6.282460048549583
8172,7.443134366843658
8173,4.620322959177552
8174,6.476449069396158
8175,5.36028641037506
8176,7.151412642725369
8177,5.574949758819698
8178,1.8144253010064335
8179,5.873264442469541
8180,5.163249792680032
8181,4.696299512986891
8182,6.801979434062501
8183,3.7273113251568444
8184,8.110380882179067
8185,6.7113671721326025
8186,7.497516804296668
8187,6.14743638542146
8188,8.301548555605963
8189,6.883709515462435
8190,8.70157047201484
8191,7.877588064155607
8192,8.862894910134415
8193,4.655827304310604
8194,6.962184673617475
8195,7.041414716979682
8196,4.327216528805119
8197,3.5222925267667566
8198,7.132277922395841
8199,0.15532423202769846
8200,5.2945028741004645
8201,7.219154148357489
8202,4.312633264798655
8203,4.453130515905482
8204,6.097294632127571
8205,8.934902657993169
8206,4.521740872329001
8207,7.982666863809352
8208,4.584930333458084
8209,4.775699093211239
8210,5.085836869184738
8211,6.8892040042864195
8212,4.533681295512104
8213,5.326391948988427
8214,6.106529187297933
8215,6.191248873385951
8216,2.996155282398563
8217,5.886559831272936
8218,2.580479493699898
8219,7.065704190035006
8220,9.159478648324745
8221,4.3126353629156275
8222,4.557317662044472
8223,7.927894982312161
8224,3.7503933838475323
8225,7.081739659868978
8226,7.176698187004685
8227,5.495824327921298
8228,5.086510980872921
8229,3.988212997031962
8230,9.00000150558247
8231,7.456082932418369
8232,2.133930600487705
8233,5.124439705769627
8234,8.3880221172915
8235,5.069716749812797
8236,9.375982890001934
8237,6.819823612320721
8238,4.235062567111166
8239,9.81402283263729
8240,6.243685793752644
8241,4.951391949996706
8242,3.5133675435763814
8243,6.785396301156054
8244,3.439565325145124
8245,5.727030457778946
8246,3.3491893262467527
8247,7.576932452661491
8248,3.633854691414482
8249,4.826232519149914
8250,6.973900808381175
8251,6.357008707596314
8252,6.4015102055046755
8253,7.107308260661876
8254,4.982173427936862
8255,5.824879956415277
8256,5.288155007025885
8257,1.9414272646543322
8258,4.5370068729200135
8259,3.9179702784630726
8260,4.4577026351251625
8261,3.5433239013699813
8262,7.206869810836045
8263,3.536767990175835
8264,7.943705945282259
8265,4.84087499292892
8266,6.568867499295836
8267,7.7842593980271175
8268,6.237955233134358
8269,3.1683765574256895
8270,4.618038452141455
8271,6.793789537040818
8272,4.044091392068377
8273,7.777336026496081
8274,7.568478095066491
8275,9.694881520757644
8276,5.020004930583758
8277,5.268709516679586
8278,4.2419226837013735
8279,4.263316657982697
8280,7.325245880119913
8281,8.300785474355436
8282,6.823582596638628
8283,4.581376077289641
8284,3.7704123410590213
8285,8.310895203027872
8286,7.689812004074502
8287,4.844301896671672
8288,7.954125369935748
8289,5.066757239967065
8290,6.353260821179771
8291,5.149745414050467
8292,8.911259378312309
8293,7.127312870105054
8294,6.232868626458915
8295,5.407208948724584
8296,2.811859779680686
8297,7.332778238407773
8298,4.3383250847667645
8299,9.563951668345013
8300,1.5439422288305051
8301,8.209298190179714
8302,4.560374977931213
8303,2.865572616757031
8304,5.636630239107753
8305,4.521808678481696
8306,2.200250687045879
8307,7.719728629034211
8308,7.033069328877717
8309,5.915135311522869
8310,6.202490643931675
8311,7.291648290899344
8312,7.614773621046675
8313,5.344474334837767
8314,6.665734875260334
8315,2.544341427367505
8316,6.97737241054254
8317,6.874430331039241
8318,8.636592663359654
8319,4.115000566251731
8320,5.03177124615571
8321,5.356728203930858
8322,7.301217564026224
8323,5.916521029443002
8324,4.410228041678812
8325,4.64771586441673
8326,5.168766148935437
8327,7.676806886223993
8328,7.096414535371133
8329,7.843855966773458
8330,7.647174127178583
8331,5.933000956572847
8332,3.2370782682224104
8333,6.307394761734312
8334,4.4234184790141144
8335,6.144113506411275
8336,6.896357270322022
8337,4.3141869508030295
8338,2.1711981740926154
8339,7.982593021244203
8340,4.935300419021061
8341,8.821147452626526
8342,1.8446064030220084
8343,8.650576989630515
8344,6.1048518316353615
8345,7.351690186735716
8346,6.9455577644961
8347,7.32260007323123
8348,7.806176570900662
8349,4.981258491744823
8350,5.193046195993241
8351,6.474550728354942
8352,8.011260033024532
8353,0.9275497376488475
8354,9.426127508855359
8355,5.687564394936134
8356,6.757965122073799
8357,1.8138854184102586
8358,6.927985579586356
8359,9.19699251871646
8360,4.477918696135747
8361,6.452228118551961
8362,9.947177357698159
8363,6.957535147759328
8364,4.6534781954598925
8365,7.941021723152449
8366,8.932608433175066
8367,3.608311000238529
8368,7.03765216488081
8369,5.5357325634774455
8370,3.1023823242795183
8371,5.506985560997982
8372,5.719846920300507
8373,5.1708147818964205
8374,2.4978939131641673
8375,7.3105377175406385
8376,7.935517174253117
8377,8.213187015729183
8378,4.156850161111789
8379,6.457160841568987
8380,2.379082477987192
8381,2.0994822842210925
8382,5.570482314015503
8383,7.503370830967688
8384,7.974066703763569
8385,3.9357672796375227
8386,8.382830785764162
8387,5.024924058461207
8388,7.986220521858794
8389,7.19689864261365
8390,9.145655082019301
8391,9.662211183822695
8392,6.505818336823062
8393,3.873041283637379
8394,7.751906491070069
8395,5.69565165926228
8396,5.96428830756854
8397,6.277402998140099
8398,6.502372248735422
8399,6.066100245103515
8400,6.573578049840642
8401,9.026713976167494
8402,6.127642972681112
8403,7.326149414035314
8404,6.786507744542868
8405,3.756338164983087
8406,5.008201189622177
8407,5.722637557985437
8408,7.773503611337927
8409,7.624498896627337
8410,5.452021510735905
8411,6.187820704677407
8412,6.9277026436214335
8413,6.141439861830555
8414,4.381105850759205
8415,8.476122940505501
8416,7.349333867928208
8417,4.052581573780226
8418,5.5607851377639435
8419,6.556702962207733
8420,2.7200104786520876
8421,1.1952834643482917
8422,5.951779445628303
8423,6.336758445568879
8424,5.023139321545645
8425,4.451597843204251
8426,6.929826230070396
8427,5.4251598854163685
8428,8.857070427068235
8429,1.5327480143235404
8430,6.468079808995621
8431,3.9210667602447993
8432,6.65320830846834
8433,7.869493994233377
8434,7.8699129645663595
8435,5.671444195366914
8436,5.178500252535045
8437,3.789791901002175
8438,8.20442668538655
8439,7.080768882221259
8440,3.2314435050587687
8441,3.2616901491576895
8442,8.566593940332353
8443,9.946268526520415
8444,8.099786250221046
8445,8.67720810672787
8446,7.959816058456278
8447,7.123957596680081
8448,2.803883967245535
8449,3.6960578350521893
8450,3.39108870760967
8451,6.504198223818603
8452,6.599668095447344
8453,2.501505058679655
8454,2.820332656685029
8455,8.47864743384365
8456,6.271920219556018
8457,8.811197152503324
8458,2.492718383811884
8459,7.553547287258379
8460,8.847810847635735
8461,5.834947387709915
8462,6.0261499503115825
8463,7.789661285277536
8464,2.5436632094542775
8465,7.044593687171813
8466,4.098262282669825
8467,3.100684780212385
8468,7.555343541742839
8469,5.989056647836374
8470,4.7691133221368425
8471,8.314328232335264
8472,4.194958520058458
8473,4.965514012104362
8474,4.355057955199027
8475,6.2319544407214975
8476,6.379044868855181
8477,7.958227665252294
8478,7.017797075895148
8479,5.732357694947479
8480,4.5126964832761285
8481,6.563779397446979
8482,6.444397068873645
8483,6.131219646592575
8484,6.015565542757276
8485,6.219215810181651
8486,9.175185181493351
8487,4.321506560751548
8488,3.8052741952947517
8489,6.295129248614302
8490,5.0617990549762535
8491,4.5151805912373275
8492,6.013980523742893
8493,6.392735345162766
8494,7.057113205717037
8495,6.410771458750767
8496,3.12211976766076
8497,6.829248923306851
8498,7.259959108342464
8499,6.168940071064847
8500,6.114467336658958
8501,1.621750615511785
8502,4.669469435282521
8503,2.731473670753636
8504,7.197887532723809
8505,6.652165410716496
8506,5.6083383137845
8507,7.029148136955254
8508,6.8955185213703345
8509,9.335653912117074
8510,8.44253225357864
8511,6.773128335975495
8512,4.660666183664041
8513,7.009747479244506
8514,7.4057593394676955
8515,7.11196128590295
8516,6.951964505692126
8517,6.603180637173983
8518,4.966618672940181
8519,6.106034222233538
8520,3.4042108413367145
8521,9.811841683831881
8522,3.671579432257738
8523,7.7046767950782264
8524,4.644481283536781
8525,7.629453552637834
8526,7.7562866410816875
8527,7.298628225573544
8528,5.80169132106533
8529,5.261150318423743
8530,5.631984382569007
8531,3.501121054526927
8532,7.583318479982794
8533,8.855333777650241
8534,3.7591426794768577
8535,6.334545421645887
8536,2.7511943029846884
8537,7.9458326159589685
8538,9.610507226066883
8539,6.165873391742314
8540,6.999968958371352
8541,5.556196797640749
8542,1.4720603517684916
8543,3.4859878159109314
8544,8.451874524930341
8545,7.388545824491761
8546,3.973357555246598
8547,7.082438613842403
8548,5.506959594524414
8549,7.571757076097249
8550,6.6943195582804105
8551,7.6398505632839875
8552,7.274471443846556
8553,5.5613545857468
8554,2.285719302879135
8555,7.998296064660254
8556,7.012717244919049
8557,5.962144648038632
8558,4.916672194044039
8559,6.11074856605786
8560,4.053995990010611
8561,5.8621203560942075
8562,7.459925938765226
8563,8.918194920158909
8564,7.337760182743415
8565,4.879636634934128
8566,6.649932069700273
8567,7.667363083151301
8568,7.021280936839556
8569,8.190631116743413
8570,9.664856783266615
8571,3.2125168890227505
8572,5.338449456004388
8573,7.246149576113014
8574,5.131031564027418
8575,1.8823953639327935
8576,6.063330647745553
8577,7.3807518144649675
8578,8.430884309466855
8579,6.089195863913859
8580,5.223234050858606
8581,5.196844912054902
8582,6.836199199748242
8583,6.031787751722762
8584,5.7571069012079015
8585,7.588956420931179
8586,3.285755083651692
8587,7.901106027486361
8588,6.396665590926629
8589,5.104253537241837
8590,9.365443875873543
8591,7.148439960572203
8592,3.1511657476254498
8593,7.067404933680091
8594,7.454930868289954
8595,3.852185491205741
8596,7.964416528228722
8597,7.228238890531183
8598,6.170387260991934
8599,3.3853057485534648
8600,2.2764195387414468
8601,7.344923021071099
8602,2.6691459404494005
8603,1.9398752362873548
8604,4.864764778995214
8605,6.207973402470555
8606,7.005935437645813
8607,3.494026431524255
8608,7.671364472126987
8609,6.019292628995409
8610,6.214908539536433
8611,8.08456084995745
8612,4.5325087751595765
8613,5.100980763172872
8614,4.733093486445137
8615,7.621421427677737
8616,4.8764158066095575
8617,8.487760335943253
8618,5.13667704833797
8619,6.981697657966061
8620,7.9010911540060595
8621,8.74047366744019
8622,7.846296520925882
8623,5.980882463778799
8624,6.873780978334522
8625,7.283390738956426
8626,4.928559794907584
8627,5.6143918757853655
8628,6.644885091932889
8629,2.1776453826073903
8630,6.274491416165668
8631,6.9248770267841095
8632,6.6104372616621925
8633,6.631531368349732
8634,5.780143809097005
8635,7.613758725073882
8636,6.217317130494141
8637,6.37261103036351
8638,8.45972942107121
8639,4.594449221641426
8640,9.420969701229508
8641,5.198831930040767
8642,0.9640201337505621
8643,3.827449265476642
8644,6.613486893952299
8645,7.7956169731566165
8646,6.339751429048434
8647,7.540318374376525
8648,5.263682680338334
8649,8.261100136418762
8650,6.739893749439877
8651,5.443180620897451
8652,4.966171909093662
8653,8.045754440200133
8654,4.306482512665441
8655,7.6523775903791895
8656,5.541778208736984
8657,4.0855798095333515
8658,7.323612298612693
8659,4.832264995526915
8660,2.509462135117932
8661,5.02689994344644
8662,7.32555858811516
8663,4.826854480315357
8664,5.93776085725539
8665,5.89634087472854
8666,4.433805827407413
8667,6.866578626412194
8668,4.989907721423865
8669,6.057422319363799
8670,6.974689169695531
8671,9.033886448066642
8672,4.898983073315181
8673,5.78103425306625
8674,7.147980967633608
8675,4.289746284807715
8676,6.749862051999277
8677,6.383949416458501
8678,6.584924925293223
8679,7.379227958080319
8680,8.365614009024908
8681,8.23663048146458
8682,4.252746934040584
8683,3.705133173553598
8684,9.899582986191252
8685,4.32847462040238
8686,6.097010977713135
8687,6.889801866154501
8688,7.930781630743823
8689,7.1711155590034075
8690,5.649259739227517
8691,4.040436819481248
8692,8.192288120606648
8693,10.0
8694,3.3122140547226837
8695,6.052003336339256
8696,6.568387066518489
8697,3.144490502948618
8698,6.070258707957581
8699,4.775574010485126
8700,8.784042354795735
8701,3.65669763920588
8702,6.487545177509003
8703,9.746683500226023
8704,7.304184198678884
8705,5.720121920171101
8706,4.930024429728667
8707,7.654649680884533
8708,3.295907409625155
8709,5.344688016490783
8710,3.866890668584432
8711,7.236336701995734
8712,3.1263552692540384
8713,4.746536150099696
8714,9.425295436344689
8715,3.7190745973357995
8716,4.114871658070129
8717,6.144589224090576
8718,6.794357763705133
8719,6.011304823245615
8720,5.787875263962962
8721,3.8435596490947015
8722,4.382194586694004
8723,2.380315709869514
8724,4.748806525460166
8725,3.4064915613536035
8726,3.892909914548286
8727,7.9651785695314405
8728,8.975176168985511
8729,3.8205087493377623
8730,4.894484152909256
8731,7.557869943388194
8732,9.624243866933384
8733,8.533309851774836
8734,5.545564421882764
8735,7.249497638317011
8736,7.99950728332618
8737,7.997466710624897
8738,8.295779779570795
8739,8.0133852002334
8740,3.250814107775194
8741,5.672572434336097
8742,5.991432283487052
8743,5.266198069630599
8744,8.593820878974542
8745,6.466453611288115
8746,7.105087455591125
8747,9.291411609164618
8748,3.0564079108663655
8749,4.266451480866813
8750,3.1919682701915706
8751,5.079936402848434
8752,5.461797852831752
8753,7.6690572551371625
8754,5.278557399333408
8755,6.573315527852169
8756,6.820653109538554
8757,0.21861703523783557
8758,4.868435809777721
8759,3.3185326119822496
8760,5.034859198819236
8761,5.842050982894143
8762,6.308635984238849
8763,7.6685507603196
8764,3.1896646411020253
8765,9.038672431248747
8766,6.874671872807738
8767,9.080271801968763
8768,3.8490069065180137
8769,7.377416154014172
8770,8.799362700003941
8771,7.567112342665569
8772,8.428210234038968
8773,5.325503655459033
8774,5.567171835939789
8775,5.304421857466369
8776,6.583347799328685
8777,6.728589890885624
8778,6.748840497875885
8779,5.750393087238647
8780,6.686431741304968
8781,4.9614611699575795
8782,6.162138911250964
8783,7.0537856877055125
8784,7.740730416496537
8785,3.4347256904354726
8786,3.423994785600613
8787,2.743935239719393
8788,5.526015082624137
8789,6.509697776628585
8790,8.553692364036994
8791,6.974290200221298
8792,8.199348563718534
8793,5.446778644275942
8794,5.124577689469739
8795,5.062202404180842
8796,3.17232425505038
8797,4.249474752330275
8798,7.33582518887774
8799,5.560762964654783
8800,4.849931567630759
8801,2.8721155670065284
8802,5.5049608279272695
8803,6.56506637951158
8804,8.035389880049678
8805,6.994997173673482
8806,7.101072941240733
8807,4.393605105177422
8808,7.150348724233385
8809,5.887670476833481
8810,4.5531137446488295
8811,4.821268706288313
8812,5.808970864197705
8813,6.490300988406088
8814,6.82427307172467
8815,9.495122066408834
8816,6.6620385845291805
8817,6.39788324221437
8818,5.793149060853059
8819,4.773791944028842
8820,3.0186532135978674
8821,9.27173446942668
8822,5.228545793020038
8823,7.947345772825922
8824,5.9709608154223295
8825,8.175927817106778
8826,9.49059587191373
8827,5.522005214470153
8828,6.373208277883538
8829,5.9597874726790065
8830,5.153526998395773
8831,6.907382106292733
8832,8.84792404470662
8833,5.683645415773398
8834,3.1042902582515093
8835,7.899949832330757
8836,7.560347169081089
8837,8.19693808644357
8838,5.35591795930394
8839,6.737177316243449
8840,6.16867085504136
8841,5.660704992998189
8842,4.652021836794075
8843,6.05207239524937
8844,8.432482723038978
8845,4.030632233235129
8846,6.469800028090945
8847,5.221386303119302
8848,6.439459620544139
8849,7.7496528677113545
8850,7.0056371281288365
8851,5.8232557711771795
8852,4.577724634357933
8853,4.374742974038574
8854,6.542854216045096
8855,9.242312378913285
8856,5.006310159393663
8857,4.598931062652914
8858,8.553917761934809
8859,6.077175248708688
8860,3.9316666030953353
8861,5.769859129298121
8862,4.272332130483512
8863,6.626631002554866
8864,6.707973727451875
8865,6.236235259594914
8866,6.579847497089075
8867,5.196425493891294
8868,6.8340754909987815
8869,6.680813089403113
8870,6.698733413776862
8871,8.442784847352591
8872,6.526214931964906
8873,3.534550825598565
8874,2.9778160076308784
8875,7.0757588705544725
8876,2.262852435288872
8877,9.130537734122631
8878,2.414050214171081
8879,7.259393360436895
8880,8.878315454766176
8881,8.049035772581195
8882,4.958751735744269
8883,7.209847074289994
8884,4.0200055664638334
8885,5.202107537643031
8886,5.202371849114783
8887,5.016229408956813
8888,5.07988381533525
8889,5.6508533811528325
8890,7.853115362450967
8891,3.599998804284466
8892,6.482397908585932
8893,6.042325889892304
8894,7.784457841880982
8895,2.5194943565134764
8896,8.147573315799363
8897,5.532853786449175
8898,7.5821008995036125
8899,5.228707801569293
8900,3.9351170391747283
8901,7.635184836590774
8902,4.326479554545068
8903,6.388033119285543
8904,2.583558861890217
8905,7.2635565652689476
8906,6.626591332601562
8907,6.213087622541095
8908,6.606580351507603
8909,4.075973043762838
8910,7.905411016355617
8911,5.57484704192002
8912,5.200855612032866
8913,5.2750791407710995
8914,5.446376027922652
8915,6.46788905174681
8916,3.145591336156833
8917,4.79437218754488
8918,3.7477629086887814
8919,6.534753467146596
8920,5.022987588544409
8921,6.690277957694347
8922,6.72659148049773
8923,6.257157549817272
8924,6.053915777732602
8925,6.176283665696981
8926,3.5088748696301417
8927,6.712205837935688
8928,5.297533300582965
8929,5.644751604426263
8930,6.690411678008857
8931,7.161024497874104
8932,7.854292351973351
8933,7.890426191428701
8934,6.2188037079789
8935,8.620487036479211
8936,7.46652673550357
8937,7.837106071630333
8938,5.453538464117084
8939,3.460495521575983
8940,7.25885644518189
8941,5.800545693138642
8942,2.358890967071028
8943,6.784511753530096
8944,8.625579614105105
8945,4.998227361162253
8946,6.139573822593873
8947,6.49231936130836
8948,7.954982434365494
8949,5.982145017672379
8950,6.236698610079567
8951,4.777687560435174
8952,3.416092466725131
8953,5.9862403658979915
8954,7.400511879725496
8955,3.95655274633786
8956,5.3178504067967065
8957,4.967163281896258
8958,5.193006689347207
8959,7.018694484879689
8960,9.008830537727803
8961,5.891492533693391
8962,3.649627648665728
8963,6.709623041181559
8964,5.965359583856527
8965,4.885781577382766
8966,5.335720361751
8967,9.294613488652097
8968,5.022925865059585
8969,7.5991713961182725
8970,5.701718647569828
8971,4.238463764408836
8972,8.518533529356429
8973,7.910811705530956
8974,6.166108557749164
8975,5.154701216915792
8976,8.34428018691791
8977,5.773601228926487
8978,9.277849733853234
8979,6.686182009072478
8980,4.45974028822533
8981,6.564899780608998
8982,7.71118995365241
8983,8.592762639308622
8984,5.790201050610588
8985,4.127170836362939
8986,3.642951364450928
8987,5.2137635674602585
8988,4.258123778440046
8989,3.9851270490346655
8990,7.184980023113792
8991,4.787362544936688
8992,4.193871063089798
8993,5.818321395529512
8994,4.060909811765292
8995,8.315244430233328
8996,5.257031797372158
8997,6.821039072047838
8998,7.115218260159232
8999,8.258556567074766
9000,7.146505639197314
9001,7.347590697585123
9002,8.140827897002751
9003,6.185243035160821
9004,7.711579397477298
9005,3.23807054660317
9006,6.722109578072055
9007,8.798221382886037
9008,5.631486284498549
9009,6.289965065834308
9010,8.036550900881334
9011,5.075663441792068
9012,2.7002138780112803
9013,7.235244774151569
9014,7.218925271497308
9015,3.7402111108592346
9016,4.855396711445529
9017,6.749410167018561
9018,5.862377843269946
9019,3.4187000254402546
9020,6.4286369623997155
9021,4.5234190636731535
9022,7.828177696895028
9023,6.3256650372023175
9024,6.97934905895115
9025,6.2212923756014025
9026,5.561705717951247
9027,6.6053467356163384
9028,5.275566997596153
9029,4.455341031557556
9030,5.14532254295316
9031,6.0718033829804385
9032,5.271311115939718
9033,5.083389387951977
9034,7.323484580342116
9035,6.487784487198743
9036,1.5223282836704046
9037,5.748387055776528
9038,6.452080390862504
9039,5.446624385313057
9040,6.927538686596478
9041,4.604089050217383
9042,4.053294530328846
9043,5.832740235916584
9044,4.249030036141075
9045,2.230683082293015
9046,6.402963248512257
9047,9.535311433536092
9048,7.930213116905115
9049,10.0
9050,4.092287270714971
9051,4.385462199525797
9052,7.258858895292411
9053,3.535624331775244
9054,3.881602473910008
9055,7.7081217939325555
9056,7.932290265684116
9057,8.466588080495104
9058,9.355981890379283
9059,5.671849285819632
9060,7.3833306407408905
9061,2.580708289320159
9062,5.252625099763691
9063,5.070133174772208
9064,6.676026703549426
9065,6.443045524643371
9066,5.385715391645029
9067,3.704661819711986
9068,6.106988896135222
9069,6.502661796361645
9070,6.767566085177967
9071,5.753875663965778
9072,8.71611041242846
9073,4.296556086583526
9074,2.980927989239543
9075,5.9453642398302735
9076,4.813851991449037
9077,4.804162260559181
9078,6.087215605694114
9079,5.43195100797229
9080,3.6934225037919863
9081,4.058091581177141
9082,7.0719998895527105
9083,10.0
9084,7.039716369784762
9085,8.345623215199748
9086,4.767082676744074
9087,7.989651282499031
9088,4.252942567392292
9089,6.894646744279231
9090,6.476033639155534
9091,1.7938077150242329
9092,4.476559121891883
9093,7.960945832379065
9094,4.100013797585144
9095,7.162950464240989
9096,9.329774086796586
9097,7.220292692013114
9098,4.4181653071124005
9099,5.123285674427527
9100,9.2430059628306
9101,7.609066421390182
9102,5.390352265893224
9103,6.1521530623681295
9104,4.727980592666929
9105,7.34782205625098
9106,4.097464867024387
9107,5.033949035854073
9108,3.654462378514396
9109,6.67230858416437
9110,7.407073981219031
9111,5.293051255394378
9112,2.1302615254736406
9113,6.223159041662579
9114,4.6119337430106615
9115,5.8718212735404975
9116,3.615003158666632
9117,6.4358578180840675
9118,8.001864418671786
9119,6.734769233268699
9120,5.323247157339898
9121,9.404409707619102
9122,4.255556482480718
9123,7.735750952426253
9124,9.816693225576062
9125,6.252546522227897
9126,4.772971770643092
9127,4.011841259236732
9128,5.8946162870614005
9129,4.493144831144144
9130,6.138335690878822
9131,5.2348369171038565
9132,7.02400966754654
9133,2.5733306796703523
9134,4.8971266929883965
9135,4.448094262399574
9136,6.662986131195925
9137,7.649604831714428
9138,4.998180276310004
9139,5.338280370220248
9140,6.213999440901399
9141,5.667490340559898
9142,8.02163445424425
9143,5.809134364333107
9144,1.818477539530959
9145,3.9567813241126517
9146,5.985497933674177
9147,6.389028421034321
9148,7.28654056144085
9149,5.569222221065376
9150,5.623427560191735
9151,5.453422066103483
9152,6.655352811962932
9153,4.76887285347822
9154,5.484764851533094
9155,5.667100522450655
9156,9.112739239187047
9157,5.489519191645169
9158,5.185731485618603
9159,5.387847455795233
9160,4.717141343730782
9161,7.87086844013878
9162,6.413547594161311
9163,4.91871950868365
9164,6.822518127393118
9165,8.230420299795158
9166,6.269551566794331
9167,3.8026324264261038
9168,6.432348124046703
9169,7.398150007129843
9170,5.909280177379194
9171,5.174785899313753
9172,8.402458985192183
9173,6.414595915667218
9174,5.5373852298870405
9175,5.368325266800136
9176,3.953507350740289
9177,5.125111879922419
9178,4.233970072887744
9179,4.321137616162086
9180,7.2186047085030145
9181,3.853359908599666
9182,6.437627564356621
9183,10.0
9184,6.885702831247511
9185,5.5190998891869745
9186,3.8687379573792
9187,8.363019388297506
9188,5.005687585790841
9189,4.480805298190926
9190,5.4122483765073195
9191,9.619052533892079
9192,5.951544397825595
9193,5.102895688987481
9194,7.567395176909435
9195,8.346972530656023
9196,8.902084089292646
9197,5.4500534232194795
9198,4.117148644324064
9199,7.513079766493006
9200,4.7547905320108494
9201,7.01051739739362
9202,4.417087238054852
9203,3.7947619873165
9204,2.0750099271474953
9205,7.976771583922362
9206,7.165688836142381
9207,4.446517104543694
9208,3.4405013448210906
9209,4.444666553972996
9210,8.50117577865081
9211,5.598837804286521
9212,5.471348788532702
9213,4.18114279968879
9214,5.8644091462218375
9215,6.5845869275254
9216,4.153014565147409
9217,6.689230215310855
9218,5.710323608550218
9219,4.347011583558319
9220,6.460724405567892
9221,5.263046574874251
9222,2.504923188896277
9223,4.50667589684761
9224,5.983458305803588
9225,3.2166321062718635
9226,5.062017704801158
9227,5.900152319159967
9228,5.236918428714562
9229,9.504850213701534
9230,8.859020108264133
9231,1.0740086880473347
9232,8.843662514676806
9233,5.94537903704548
9234,3.6071074691783984
9235,3.01974548035264
9236,4.338411082034547
9237,3.648977322723581
9238,6.641251617853073
9239,4.08572468056807
9240,2.991266625135143
9241,6.78681019267497
9242,2.8444208986881856
9243,5.973243179165221
9244,5.7834916780218055
9245,9.190382395286893
9246,8.257383304351029
9247,4.332545742890394
9248,5.57634275755835
9249,3.718009017009207
9250,6.250414569834298
9251,5.622993101793945
9252,5.030785356417296
9253,5.917098371054979
9254,6.345521910153642
9255,2.8486548448614273
9256,2.8384969726192772
9257,4.324422714294654
9258,7.354726179801744
9259,4.078068786699638
9260,6.6905883229547065
9261,5.183961287061894
9262,5.499820248930731
9263,8.352433611983153
9264,2.81754365184883
9265,5.338490547773858
9266,6.30416731058942
9267,7.609581793920998
9268,8.73896898599697
9269,7.130488766894199
9270,5.899621651479066
9271,6.017162276230105
9272,7.2487661159118435
9273,8.480914956792402
9274,9.426831777177657
9275,4.7592472348167005
9276,9.38882284285664
9277,4.164292725175549
9278,6.359326481407107
9279,8.356066738926003
9280,5.887800233024583
9281,5.635829879792907
9282,3.445007970913077
9283,4.042686552105414
9284,7.12418049094765
9285,4.477878870052154
9286,5.936877741312754
9287,2.0413553065475574
9288,1.931151694180122
9289,7.46341441165905
9290,8.623657914695677
9291,1.9930524699544354
9292,7.445587694916345
9293,5.518292408975707
9294,2.388330322256778
9295,5.0418996580138815
9296,5.657808174714064
9297,7.375803412079052
9298,4.862641114357296
9299,6.233865465352441
9300,7.399650341955285
9301,3.845838496212317
9302,4.863289199845767
9303,2.548760911380261
9304,2.881612192956034
9305,5.612240272541356
9306,3.210906036862515
9307,1.9825727831699043
9308,5.319436605844972
9309,6.179647229468709
9310,7.977783396598314
9311,9.114181235438021
9312,2.485490106482988
9313,7.136411162613987
9314,9.329334003418593
9315,7.1122073922709825
9316,4.5374224873990885
9317,2.3061889917033165
9318,5.564848760722805
9319,6.423631852659519
9320,6.935589860228352
9321,8.27666756893254
9322,8.08916845076193
9323,1.8115919429601977
9324,2.6084791816362487
9325,6.179034423382894
9326,7.624847689812636
9327,6.713392720716298
9328,3.9206461333902847
9329,3.7881460055816407
9330,2.0177806108092717
9331,4.854829094058875
9332,2.529534662436075
9333,4.440524592852117
9334,7.301802955020921
9335,6.5060111757663845
9336,4.624536846370997
9337,8.878144941610337
9338,7.410618850284037
9339,8.935357908864155
9340,7.168639861611156
9341,5.647087053047547
9342,6.179690450573808
9343,6.4498676456148685
9344,7.550462536049022
9345,5.301382665143161
9346,4.826818656453539
9347,9.304047430930625
9348,4.93633295545367
9349,6.43771532046321
9350,4.910828147796891
9351,5.4523192137998215
9352,6.8340282831377035
9353,4.7469366121643155
9354,4.473303403308261
9355,8.45736680918124
9356,5.43920929041952
9357,5.541080233886428
9358,4.668344583008966
9359,7.846952338190907
9360,6.185034409888476
9361,4.822813314828966
9362,6.140624348356189
9363,4.733333164334637
9364,6.9089915755978115
9365,3.3631043189423555
9366,6.806170346758333
9367,8.742167969615565
9368,7.860660061790292
9369,7.693444181048627
9370,9.241303987722153
9371,6.238680367344659
9372,6.292649676593012
9373,4.893508568770324
9374,4.087945759581886
9375,4.491049318178934
9376,6.84694104726728
9377,7.350986296294225
9378,3.201253468625969
9379,6.796651913060999
9380,4.011589868804228
9381,6.589101494036623
9382,3.068459001857742
9383,5.0500971832773365
9384,8.31112688092022
9385,5.761218170695151
9386,4.262684451137149
9387,4.8359011486670855
9388,4.594705597505497
9389,7.8800143784764245
9390,6.314506533815435
9391,7.192967625313224
9392,6.163172471202532
9393,6.790431064573931
9394,5.23440178430449
9395,7.08616499615726
9396,5.098017936222828
9397,5.057989980953126
9398,4.979779949849917
9399,2.66521949149558
9400,3.958265496502815
9401,5.126026402833971
9402,1.2000308980487098
9403,8.227418859272593
9404,6.360460540975829
9405,5.682287312002739
9406,4.856893339395423
9407,7.049728449089352
9408,5.389527972103304
9409,6.481184891734828
9410,4.962203903299489
9411,3.434908798045447
9412,5.383334779240286
9413,7.193541386955366
9414,6.20102976351809
9415,2.8458190779230614
9416,9.701570090640937
9417,5.564158924857745
9418,7.802172791856176
9419,5.130954354298959
9420,3.145904328380984
9421,4.285107021927803
9422,5.712336169532563
9423,4.077620770597766
9424,8.281682507209151
9425,5.670264998364192
9426,7.132507050352742
9427,8.776638202583172
9428,2.0063863448638557
9429,9.060749160397906
9430,5.360246433189528
9431,6.670104198102064
9432,2.908333774777285
9433,7.41047069763011
9434,4.536242178545189
9435,8.341997930166547
9436,5.642573987133404
9437,7.544040752594177
9438,7.0974911493349895
9439,5.813121475173646
9440,0.8236396624647356
9441,0.9597360121854263
9442,3.9723659919096104
9443,3.995628553714556
9444,4.776745506692393
9445,8.089373252878366
9446,8.045437831329291
9447,7.549829778302244
9448,7.712897792732482
9449,5.444289506537706
9450,4.891502091113179
9451,7.80522987483348
9452,8.541687430282499
9453,3.3210094065443783
9454,8.712929354739124
9455,7.4319281079985755
9456,7.443055360658343
9457,5.5658911501501676
9458,8.294415438610704
9459,4.542823744610585
9460,6.910180055848515
9461,6.596055159232276
9462,8.00905811738049
9463,5.417375099003774
9464,3.1704128613364686
9465,4.226781847114494
9466,8.071268116772345
9467,3.7556861453144488
9468,6.3361235060249195
9469,2.911521148616844
9470,6.066744053239022
9471,6.709272116737272
9472,6.092482618771929
9473,4.979557249428276
9474,1.0816473908024018
9475,6.489209022525169
9476,3.715460224178701
9477,5.94109082924094
9478,6.852176462301218
9479,7.3385420992981
9480,6.520544392539465
9481,5.88160194483075
9482,4.520191286757882
9483,6.921602308640409
9484,2.976468827441669
9485,8.605168352200153
9486,6.084220030945997
9487,7.635980299293141
9488,7.602706128030518
9489,5.8772183804372595
9490,2.2022493361282964
9491,6.330431765766704
9492,6.541947377619427
9493,6.643980067814553
9494,6.544891322873649
9495,3.679543465363499
9496,2.981119448182495
9497,7.036898433195488
9498,6.2022120746338905
9499,6.025886896877642
9500,6.171987262014305
9501,3.5205558465669293
9502,9.08433596305442
9503,2.7082787883904023
9504,8.829284578345025
9505,4.593509102827309
9506,6.718943471698051
9507,9.374344152764944
9508,7.651509694343776
9509,3.0242869838368613
9510,8.406782423972988
9511,4.504477475668824
9512,4.652999190819109
9513,3.9846858637480636
9514,5.3445305789903035
9515,8.807175513629266
9516,6.261869637873408
9517,6.540682027950306
9518,4.892756625803791
9519,5.497300803166092
9520,8.406109480132216
9521,5.7854877189644895
9522,2.495501571674366
9523,5.0802384150931275
9524,6.043447784812458
9525,7.180838793819988
9526,9.040330185309186
9527,7.656862376233696
9528,5.73027106052438
9529,3.410449034679801
9530,4.831551627005459
9531,4.331836933814673
9532,6.720561418317389
9533,5.2264467412869955
9534,5.268248943824689
9535,5.41395322246152
9536,5.148127561799431
9537,6.300261666680558
9538,6.260855136014978
9539,5.956415335872287
9540,4.16088098971432
9541,2.9531120060277947
9542,5.479793216280609
9543,5.066044673060901
9544,4.257999934889693
9545,5.928154145661356
9546,3.3749780161059744
9547,7.48041560642424
9548,4.456323470759519
9549,8.702254555054962
9550,1.9724446916915772
9551,6.544108696126954
9552,5.347931423456245
9553,2.3150165026935445
9554,6.304170365390974
9555,5.432581853225058
9556,5.6371138898504665
9557,6.809362206605025
9558,5.150553108977131
9559,4.796993814964839
9560,3.820274851734795
9561,6.890399744112698
9562,8.63637085005
9563,2.495429349877553
9564,5.674935209723738
9565,7.715866308085565
9566,6.020244808717883
9567,3.5111331347199903
9568,5.923817819815245
9569,4.458688814253802
9570,3.4771821905502747
9571,4.594924687798904
9572,4.557165736582882
9573,6.911060007985482
9574,7.715359436412765
9575,6.727658862366655
9576,7.8810215115985045
9577,5.398286931299819
9578,5.948536189883133
9579,6.067011672974771
9580,6.574362536059579
9581,7.89503158448091
9582,4.831266429037425
9583,8.687230832326412
9584,2.9201221040685414
9585,6.462434079270832
9586,5.5817708358614695
9587,7.562869773174363
9588,4.132474369534384
9589,6.324431577123544
9590,5.82122435799764
9591,5.839148229977199
9592,7.687611121794396
9593,5.504923829169016
9594,5.671620856103074
9595,6.294582361294891
9596,8.967211030057777
9597,6.528252888119741
9598,5.554998159288825
9599,6.4392105857180955
9600,6.213863746391248
9601,4.387179197319247
9602,5.932586475809931
9603,6.366015510036884
9604,9.01917665281286
9605,5.233963472596237
9606,6.856200663721238
9607,4.882144498416488
9608,6.56458637961791
9609,2.8914851504246912
9610,5.851529717334429
9611,8.264324352582223
9612,4.1524896524573
9613,7.122278887880536
9614,3.78943293022753
9615,7.485064259438833
9616,6.9443838916557885
9617,6.035180864934291
9618,7.172433257135702
9619,6.128958412039173
9620,4.498408995460379
9621,5.18161506603271
9622,5.160362077776697
9623,7.7380095794483275
9624,6.079655263362974
9625,5.963721748760295
9626,7.306415477721676
9627,5.152375119533068
9628,7.525554262208811
9629,4.495121700166461
9630,7.534430151301177
9631,3.0266989186411615
9632,2.2459530937527634
9633,3.930580432528938
9634,7.184649286920242
9635,4.2080503029052085
9636,3.476714765366633
9637,4.375326540337004
9638,8.326782692715268
9639,5.537569449163513
9640,7.210343525883245
9641,3.8023132547779976
9642,3.620886890312258
9643,4.460240749956096
9644,6.282442606184953
9645,5.79781377779595
9646,8.015844130832225
9647,8.019691818529404
9648,2.5223434831710265
9649,8.54414350989983
9650,5.779696441176433
9651,7.736886410155698
9652,9.246036977663797
9653,6.024547322424336
9654,8.27895042307918
9655,4.297061707472583
9656,10.0
9657,7.90925078124606
9658,3.506325024784111
9659,6.722845606748908
9660,4.94626345071145
9661,7.820285181745925
9662,1.7683412767023814
9663,2.106491388275946
9664,3.3918317293093394
9665,7.837603199483553
9666,7.900309260620317
9667,7.968287247872565
9668,3.0463105121757788
9669,6.8806819382342415
9670,4.195275546028742
9671,1.9191365884511824
9672,5.471595107765736
9673,7.884353395320316
9674,4.205760783766566
9675,6.2587284998448665
9676,6.2924103513130545
9677,8.215820978279062
9678,4.86722799538166
9679,5.253113327604166
9680,5.004833176315976
9681,7.639280247402928
9682,4.225424163531131
9683,6.037295484162313
9684,5.806439964161081
9685,6.19170931001056
9686,5.8955401371912695
9687,8.321075006523897
9688,6.010020039972677
9689,9.241416039815
9690,5.948404996856253
9691,7.474365574049277
9692,7.472642690066297
9693,5.442345620306939
9694,3.4079579461916008
9695,6.021748422159121
9696,8.763711295014067
9697,7.665653361899228
9698,6.4980511254978035
9699,4.118591262709432
9700,6.104918215475499
9701,6.068461246242526
9702,5.129275519660341
9703,4.882877700579893
9704,10.0
9705,8.383712477463424
9706,7.3574221357586715
9707,6.108109450409285
9708,6.991445062389656
9709,5.414352802471355
9710,2.645844725560898
9711,5.689566438439062
9712,9.056946162053885
9713,8.407346941853008
9714,7.223449516792989
9715,6.922813677387
9716,4.5422145919538055
9717,0.9277668326531749
9718,7.185182493859296
9719,4.729640529279462
9720,8.540093427141343
9721,2.870916440747081
9722,5.979039231490567
9723,4.500475185485613
9724,6.732187049290186
9725,8.488761174445655
9726,7.013536723372577
9727,6.506975275479482
9728,6.74954107228093
9729,5.372047145230314
9730,4.610481281204142
9731,3.3411811722706917
9732,6.791951943735186
9733,8.645392426608359
9734,6.855215500456409
9735,7.6723099479419
9736,3.3721785675154017
9737,8.18509782507695
9738,3.438053772780431
9739,7.816812558298893
9740,5.76177185895618
9741,6.894153850763198
9742,3.3058468896720448
9743,7.084434803921835
9744,5.047877751831062
9745,6.095258511808516
9746,6.817170946361938
9747,4.541017136316943
9748,6.107134176067929
9749,5.468635657463827
9750,1.9754968852823274
9751,6.113745348835644
9752,3.9869329556442725
9753,8.97689085704901
9754,8.899010602851362
9755,6.592218195808574
9756,6.526769020152073
9757,6.6555101470421745
9758,7.367534908384867
9759,5.847409199573586
9760,6.94130994814988
9761,6.526536762156003
9762,7.079561884700983
9763,3.4917446611968437
9764,8.89341066108587
9765,6.214138499404121
9766,5.4688541229697005
9767,5.726929470092778
9768,2.437930991729106
9769,3.9422809470058735
9770,3.4042501719103915
9771,5.7337303663047186
9772,5.43620868854753
9773,5.726763676951367
9774,9.645753013426207
9775,3.3739794968274586
9776,4.720360400147775
9777,6.671595235511216
9778,7.845405029114192
9779,8.355297687737226
9780,5.492055253958318
9781,8.987934134538035
9782,6.710205492806235
9783,7.507917325126375
9784,5.378452649443994
9785,6.0504888376584285
9786,8.676771449513687
9787,3.3277097849128574
9788,4.004517967454551
9789,8.201517149219715
9790,4.6432764856711355
9791,2.353127237958772
9792,3.6227827850184426
9793,9.938692138300523
9794,6.390330862423272
9795,7.323847473573018
9796,4.348873097895172
9797,6.006039619418596
9798,6.88159882903712
9799,4.628567187624966
9800,6.309680290913962
9801,6.945344233719565
9802,8.6078997929011
9803,3.895715758269727
9804,3.424693013653219
9805,4.695386262316109
9806,5.637084514534219
9807,5.351040312404163
9808,6.419078791066822
9809,7.2313324221038515
9810,2.2897457076764165
9811,7.808023101710182
9812,3.494796736414787
9813,4.367007849936581
9814,5.6878899180508435
9815,5.4280720644728255
9816,2.543789206280298
9817,4.7085496278597105
9818,7.97346422697536
9819,3.148307014859926
9820,6.838288302604128
9821,4.926312797217472
9822,5.245521992442984
9823,6.49470236674064
9824,6.40877528192351
9825,8.344102715643068
9826,7.7687633659042135
9827,5.360227199217428
9828,6.6066636826883665
9829,7.143962542967601
9830,4.278401687397155
9831,7.018075358954777
9832,6.8628782827784605
9833,4.7743698311255995
9834,7.896396629079899
9835,5.5827230734789035
9836,5.683453552533708
9837,4.6926818378361315
9838,4.256149827828866
9839,5.042557104730812
9840,7.587768869572398
9841,8.934197552746038
9842,5.039376264567834
9843,6.277270170322285
9844,9.923276297526305
9845,5.226661385104262
9846,8.200209667983156
9847,4.46383823823155
9848,8.598150004942866
9849,3.426790542899333
9850,6.684822431268395
9851,5.814373655458187
9852,8.018055812839174
9853,6.428841931905849
9854,6.457989068714489
9855,5.910115507446187
9856,5.742761776530576
9857,3.635856955408802
9858,7.177225747960007
9859,8.211494358213866
9860,6.190064739085055
9861,5.42859078255477
9862,6.975549424115055
9863,5.651656636501826
9864,4.706538039835929
9865,4.9792621113436155
9866,5.852598805079566
9867,8.443519767945567
9868,8.743992422919112
9869,2.3716592048842484
9870,6.543241157936055
9871,2.9464053264803156
9872,9.600432075644353
9873,6.077285238301576
9874,6.755202510676046
9875,5.576961176393837
9876,5.172521775692874
9877,7.734656586600468
9878,4.786920226400804
9879,3.8956366780355043
9880,5.618869359098716
9881,4.768067012537342
9882,4.773284736455593
9883,7.018410738275729
9884,5.448513447698568
9885,6.784660228963438
9886,3.683410724546221
9887,3.786119078003063
9888,3.5547936573529246
9889,7.468373561023736
9890,3.7016150173819273
9891,7.933500384668849
9892,7.481498163894912
9893,7.429109410254203
9894,5.565276595548007
9895,6.807131428006807
9896,4.80760256248163
9897,6.820697140007254
9898,8.25773918884489
9899,6.700892737995212
9900,6.808739157995026
9901,6.708599672796815
9902,2.7928188956909055
9903,6.861768443219375
9904,7.1869244461624096
9905,2.3163214712647315
9906,8.04612328215056
9907,5.1642676096393565
9908,4.575833533206687
9909,3.8169407563880053
9910,8.420857923055518
9911,8.134000139199289
9912,7.576051830623507
9913,4.210337441198506
9914,9.407423521734401
9915,4.1373555131843105
9916,5.190340429578896
9917,6.958561570009986
9918,4.944356345541395
9919,5.155534856307135
9920,5.539152642221863
9921,8.271346701794773
9922,5.130390308667789
9923,7.209988852060046
9924,6.448718430739309
9925,6.777574917703161
9926,3.381201503917773
9927,3.706015619045745
9928,6.404910659307856
9929,2.6051582097977137
9930,6.4936771948627765
9931,7.111252287725705
9932,2.93596863601175
9933,7.64871165976909
9934,7.164078301685137
9935,6.661591797858464
9936,6.054066129218158
9937,3.4874358724091943
9938,5.835674837037638
9939,7.12373535392782
9940,5.288357642124619
9941,9.351027393562074
9942,5.0172422842896855
9943,2.6174426813176583
9944,7.211977804644951
9945,4.837633961808632
9946,2.069684100119921
9947,6.646678316810494
9948,5.461945958736851
9949,6.228026555918188
9950,6.60186169554856
9951,8.10650456478729
9952,7.182760142664597
9953,4.913158519035376
9954,4.753157719233628
9955,5.989820339364107
9956,4.0943763779877775
9957,5.766328316649675
9958,5.150081044461564
9959,4.489402348910619
9960,5.584018038223207
9961,5.709893572146974
9962,5.551728951722997
9963,5.986758186611571
9964,4.287554209477709
9965,7.747853370721705
9966,4.337510397937459
9967,4.335785427679966
9968,7.69630745996653
9969,6.7520580542877315
9970,5.0138460199041806
9971,0.7567393961927066
9972,10.0
9973,4.227872907613921
9974,6.17619586410547
9975,5.285676393195667
9976,4.018369588068735
9977,6.349522988696724
9978,2.125556755460339
9979,7.184194468146773
9980,3.6950196902005827
9981,5.7420826715717
9982,8.432099200736971
9983,4.961911891767656
9984,8.005501806380423
9985,6.766771897893331
9986,8.674402527701004
9987,6.986353045100773
9988,8.126855372520515
9989,3.1674374614550667
9990,6.313820486345074
9991,5.976104929097411
9992,3.1383629399438195
9993,2.832359993687861
9994,4.264056014197189
9995,6.1141400151986955
9996,6.727650478062164
9997,7.567864062899325
9998,5.68464290868213
9999,2.8994035252950874
10000,6.767851547735498
10001,5.111707216655632
10002,3.7637347849038094
10003,6.607291041045093
10004,5.448173911887879
10005,1.7498880423870156
10006,8.171856753773536
10007,8.700604595479211
10008,8.385767226801777
10009,4.711331979871124
10010,2.979701686265506
10011,6.191994229837603
10012,4.6201701317082415
10013,5.9447406798092395
10014,8.252326424192214
10015,7.167656826420566
10016,6.530691644598562
10017,8.172824247260936
10018,4.354536991109679
10019,5.325998324573555
10020,9.294213765608944
10021,4.599080274035754
10022,5.519678020671686
10023,5.533387726792635
10024,3.381541293539549
10025,4.072277991176923
10026,5.897255999462856
10027,6.1084339425272915
10028,6.838566593860968
10029,4.475642500162595
10030,5.587777214418706
10031,7.104154910124373
10032,7.816447967533809
10033,6.027787805693088
10034,5.578075372048527
10035,3.0406021012612023
10036,3.8713938851563157
10037,6.557845407431725
10038,5.4894840799237885
10039,3.8069674393949433
10040,7.166212998831678
10041,1.0564472055920262
10042,6.7550303122971265
10043,2.343040258802337
10044,5.18096940792057
10045,7.234003812113655
10046,5.776343617360934
10047,3.6098202571565903
10048,5.118012586117235
10049,8.229663321557181
10050,5.981415959963428
10051,4.832015498064256
10052,5.828344393238637
10053,5.01781096393419
10054,3.7466449428732975
10055,5.074444690322094
10056,9.50178035606939
10057,6.41999292800443
10058,5.553063618742289
10059,5.785009949170494
10060,8.368052423279591
10061,7.363589731780227
10062,3.645949834616133
10063,4.997782366422761
10064,5.9782220782298845
10065,2.8956502668523862
10066,8.574132936114419
10067,5.376129841050503
10068,9.242097402047893
10069,5.787042664331974
10070,4.755219989568343
10071,6.866485388122067
10072,3.5762936000885683
10073,4.397099878626855
10074,8.450966144884005
10075,8.320744722115354
10076,4.486776532134586
10077,9.06651145038907
10078,4.347313494736562
10079,4.75449111423599
10080,7.669913325649082
10081,4.385919397689979
10082,3.951071615197718
10083,7.487718951895333
10084,5.51729221893855
10085,3.640895801090468
10086,8.049822860991915
10087,2.528472492312556
10088,5.254203016368037
10089,3.650716044859382
10090,7.006955449985982
10091,1.7649444574083926
10092,5.526218028885845
10093,7.971582224693441
10094,6.622308220658089
10095,8.06337758352446
10096,2.614263997169641
10097,6.703491956960089
10098,5.070978084910125
10099,7.489361127579904
10100,5.149247407306565
10101,7.146373741159718
10102,3.6084318151439567
10103,5.494262914262706
10104,7.654461396511517
10105,7.045659337978466
10106,7.304493310549638
10107,6.726912752765574
10108,7.918358725002926
10109,3.3837616539614497
10110,2.771852276521363
10111,8.22362704901054
10112,7.255120857349337
10113,8.460210038046743
10114,6.943056527966253
10115,6.5835867720697765
10116,6.550386421282379
10117,6.9495873654288705
10118,5.490085707774148
10119,6.8168571368252415
10120,5.711373995456025
10121,7.112312542427042
10122,5.5155161195185265
10123,7.420226161736689
10124,7.728382435013897
10125,5.696124424680839
10126,4.853806559949885
10127,8.892586692463652
10128,6.951055782222319
10129,7.732165550601286
10130,4.77861239585882
10131,8.019844037386141
10132,5.511090091503652
10133,4.279042679683015
10134,3.4689010226664916
10135,5.699282207928109
10136,3.236492522103485
10137,4.243821263797154
10138,4.245149569649847
10139,6.444710597093399
10140,7.678827514231716
10141,7.950926676644167
10142,3.3334963735459
10143,6.388694623472708
10144,8.924242550429197
10145,9.912556478530862
10146,2.2806999332782665
10147,4.115832003486284
10148,7.599155986237852
10149,8.976785667110724
10150,7.236174277295455
10151,2.2441584052747814
10152,7.6038341343282685
10153,2.6743622583115747
10154,6.434034969045616
10155,6.002774055471153
10156,4.8573195443308865
10157,7.88245319831856
10158,5.298441958258901
10159,6.758811467844783
10160,5.888308607970055
10161,2.1246191771015255
10162,7.937338834324448
10163,7.203140428335634
10164,8.192501307592602
10165,6.934136953854233
10166,3.7236261167012716
10167,8.436898878219894
10168,5.1295352887590155
10169,8.781222323326064
10170,6.27646539197996
10171,6.188799404645304
10172,6.422091568257804
10173,1.9989049351670198
10174,6.599150679103551
10175,7.486078165271991
10176,5.545456001485939
10177,4.503841551120807
10178,2.6920753587525934
10179,7.325374814171623
10180,6.649734745795557
10181,3.847168770527846
10182,6.173473153701736
10183,3.351135265837824
10184,6.308735460823116
10185,6.530439460439693
10186,4.662703576724935
10187,4.572682522241566
10188,2.177429154253335
10189,8.618472484590916
10190,5.545500875380827
10191,9.668935369585835
10192,5.389677608521797
10193,7.068258575521883
10194,6.588572092048929
10195,5.4889769522074285
10196,7.029272636897495
10197,5.044794135293936
10198,5.761885460946564
10199,5.029337222213178
10200,7.28838305632814
10201,4.307714403854858
10202,1.598502624862569
10203,8.111557251115517
10204,7.715188084420387
10205,7.439970479080385
10206,5.589073252320367
10207,8.011730717770867
10208,5.310865106701845
10209,3.3631527241623544
10210,7.447508654993161
10211,6.714668833680662
10212,5.019063844110675
10213,5.77123412797928
10214,4.627366643829728
10215,5.182229095337956
10216,7.161162514600563
10217,8.341641137046174
10218,6.3886891572609965
10219,6.943404322317992
10220,6.915686072255542
10221,5.037134640396867
10222,7.306267427799128
10223,2.694343444572556
10224,4.699020921920464
10225,7.822471282360685
10226,5.690749457929837
10227,1.7296653304724485
10228,3.266126650407193
10229,4.066534153148569
10230,6.759933275929366
10231,6.250158748291963
10232,4.876642284888396
10233,3.7033040858338535
10234,8.066308417986432
10235,6.04474046464025
10236,5.709070164044156
10237,6.0445194983491435
10238,4.286039586256971
10239,3.8188916757552627
10240,6.174111843510439
10241,5.633878522028074
10242,3.20697755447957
10243,5.305656993063088
10244,3.3507127896993762
10245,4.439828999253027
10246,3.26759191443732
10247,7.33068843957126
10248,3.594985179030519
10249,7.76503517913522
10250,8.034961129909572
10251,8.550164838281786
10252,5.841339022282777
10253,3.6897657283255536
10254,4.903311561331919
10255,4.5680905906634095
10256,6.889738109093635
10257,4.732135001403567
10258,3.8695357487678503
10259,6.323983968794855
10260,6.146108541160172
10261,6.21326318567163
10262,5.485243480665
10263,7.929870497937365
10264,6.238497826989395
10265,2.929155843574995
10266,6.276792195439499
10267,4.687940196825682
10268,7.343413393370512
10269,8.0110602987018
10270,7.468791010885034
10271,4.350984687589987
10272,5.125977941964209
10273,8.449326200471116
10274,5.638526380069125
10275,6.1010675260217635
10276,5.13095635178406
10277,6.035104308813629
10278,7.638846647779725
10279,5.34363324142874
10280,8.674037027013
10281,6.9276883320249
10282,5.927104681929232
10283,4.58033749308427
10284,8.786942309745097
10285,5.6039426407514075
10286,9.164320826971899
10287,6.556734076431136
10288,7.183343890972009
10289,5.69328190361475
10290,4.613943106240995
10291,7.952563136146404
10292,8.028662861862
10293,3.601278557781298
10294,5.9818477362215745
10295,5.653761307936796
10296,9.120117659116232
10297,3.0906095329542285
10298,8.746058524382452
10299,6.337952720325702
10300,6.93180761132358
10301,9.436606503506958
10302,6.769752243761807
10303,7.048750806839349
10304,7.738808353797076
10305,4.368982313005484
10306,4.202797640277455
10307,7.466714536596745
10308,4.882287829180615
10309,5.740367973790232
10310,6.500436222303306
10311,3.044783806312312
10312,4.475807526055529
10313,5.170831406818059
10314,5.6026560220419235
10315,4.990400031233562
10316,9.337424358327782
10317,3.155259219541777
10318,3.4154624524039905
10319,3.712375795226264
10320,5.618700829833308
10321,4.260765805516586
10322,6.720232923711102
10323,7.83247147815452
10324,2.3955862810676902
10325,6.306109857893907
10326,3.993535039938453
10327,7.584251726314537
10328,4.762777968212285
10329,1.0530883521778112
10330,8.788186967775868
10331,2.9347549659987604
10332,8.997145687338527
10333,4.289237280339109
10334,5.565441982591309
10335,8.3540019297063
10336,7.745399419586953
10337,9.467621902338498
10338,3.7219831507874637
10339,4.141210011275972
10340,7.919037473848216
10341,9.799332691387754
10342,5.8255081806112825
10343,5.442306936437605
10344,8.700444505292445
10345,5.654774292729243
10346,6.235355351785769
10347,2.122184374141512
10348,7.105642309930442
10349,6.298884000828326
10350,4.419533490582627
10351,3.6279182247380777
10352,8.349101886640035
10353,3.9613031672532166
10354,5.861414131699008
10355,6.175206616633945
10356,4.908617317828267
10357,7.2953180750662066
10358,4.143949416466661
10359,4.5934452671143005
10360,6.433155020674223
10361,8.519677615239537
10362,3.669668991142423
10363,6.591314813958917
10364,3.473481055638354
10365,4.520224505472443
10366,3.640529567287457
10367,2.761723016578491
10368,7.035098909014984
10369,5.659637235296962
10370,8.95539779063175
10371,6.97361389501326
10372,7.611740008835187
10373,3.660213856235737
10374,4.833550763645111
10375,3.5669870586456236
10376,4.114658510692427
10377,5.014925387687233
10378,3.917410568762476
10379,5.301493721440172
10380,7.6919009076799165
10381,4.534085302535854
10382,8.007115843638514
10383,7.974072756845546
10384,4.335776228738729
10385,2.3357823343951147
10386,5.341275601789647
10387,4.129566916714271
10388,6.375467117832078
10389,8.270149387625311
10390,8.485569966347159
10391,9.538962445370462
10392,6.214260930598417
10393,4.939065351194126
10394,5.157797054198986
10395,3.9333750974225326
10396,2.0078472549829103
10397,4.0728657463169755
10398,6.889652699518614
10399,2.7146018608579423
10400,2.0715197231638003
10401,5.812475725641241
10402,8.156660730986493
10403,3.2495069258530798
10404,5.852691513014516
10405,7.453159057905722
10406,1.9934951155445633
10407,9.063478811204831
10408,3.3019583496114455
10409,1.9581212655057747
10410,2.9401502554674126
10411,9.85573312193742
10412,4.15210569157711
10413,7.865224337894339
10414,9.112855227072762
10415,6.355995661929733
10416,3.4459406562997517
10417,4.126491910102796
10418,8.480113625007759
10419,2.7178577113085485
10420,6.5905416947098034
10421,7.031747560622212
10422,9.125091338090131
10423,6.543204903584994
10424,6.195188784997915
10425,7.088255559704673
10426,6.580733729624432
10427,8.81632132647843
10428,6.250158173131221
10429,8.032898830841772
10430,6.667399541404872
10431,8.440699055997866
10432,7.992406144975341
10433,6.568477501497351
10434,6.122815534208967
10435,6.6765963969521165
10436,5.053105946815988
10437,7.858790433508014
10438,5.141657319112644
10439,6.965251021703439
10440,4.390158475684869
10441,7.974462757688316
10442,7.2206721851856965
10443,5.5306722894767555
10444,6.400411629404788
10445,3.4104691309880613
10446,5.945368214102583
10447,4.717599397202019
10448,5.225739212015066
10449,3.3506606230728755
10450,7.118034684763977
10451,3.65924121964022
10452,8.237500308505346
10453,7.0286337733254785
10454,8.15317319889455
10455,5.071054451816382
10456,6.022735255852527
10457,6.360163667614081
10458,7.373188706216344
10459,6.849060208345861
10460,6.3279284967583225
10461,5.860383118405777
10462,4.2405538351810765
10463,1.4268876603151601
10464,5.748386417980633
10465,1.7746381932179514
10466,9.33602200264901
10467,5.178258916914034
10468,8.93863341131308
10469,7.486994915795388
10470,4.116958752961163
10471,5.254397346670373
10472,7.435265974732444
10473,4.250260459740634
10474,8.443071150160842
10475,7.953086926897166
10476,8.035713657158915
10477,4.7858361733348245
10478,9.464259732733632
10479,5.214521824834448
10480,6.352749062891311
10481,6.278315608771003
10482,4.1162233447183
10483,4.949951684880149
10484,4.7446997997437546
10485,4.440907391562236
10486,6.9902863383014315
10487,2.762510110853062
10488,6.161743312090016
10489,2.7560054396225526
10490,4.077212583631357
10491,7.6206066921146975
10492,6.010508923518756
10493,8.313442714669227
10494,3.1627420120901863
10495,9.612325414427218
10496,8.643968659061404
10497,7.181392578575358
10498,4.535678887891147
10499,5.888987284736589
10500,6.102694268193401
10501,7.952172020411683
10502,4.007513008954859
10503,3.3940097026938503
10504,8.133858985954971
10505,7.401254248722437
10506,5.487425360163712
10507,9.394785013496158
10508,3.9613570541877445
10509,2.989236606171446
10510,2.0157203752460293
10511,5.009152413771979
10512,4.4923409559220575
10513,1.492406785433371
10514,6.04266321899052
10515,7.30997573274076
10516,6.229121813807023
10517,6.160302493790065
10518,5.295166285955783
10519,3.79424724393646
10520,2.4199675882130154
10521,8.060231960895443
10522,10.0
10523,8.1510624154381
10524,8.860657446239147
10525,4.606231777675684
10526,7.0744338620354785
10527,6.538350481703691
10528,10.0
10529,8.500757112170538
10530,3.742777332653693
10531,4.574757719993995
10532,7.063282732149604
10533,7.1059346684606846
10534,9.017683689362052
10535,4.8959831669200735
10536,6.819691886244065
10537,6.043411426032559
10538,7.248477555471124
10539,7.995661981770198
10540,8.238367470505148
10541,5.69860687702549
10542,3.227077400283641
10543,3.687973689697978
10544,4.754833636456792
10545,6.857501918743702
10546,6.291667158356263
10547,8.098234165851109
10548,7.602718534243429
10549,6.723029942415432
10550,4.046433161147307
10551,4.700425652780587
10552,6.958039756599314
10553,4.937239283169664
10554,6.205944799319501
10555,2.435502417570927
10556,7.745038905907674
10557,5.212743583735256
10558,5.849382323261458
10559,6.174594964602758
10560,7.35856330042099
10561,1.4855373567931096
10562,7.750889428057399
10563,4.869477838196696
10564,3.8011185252046755
10565,5.989735332705177
10566,9.700334967051777
10567,5.442930112071019
10568,9.351525782424629
10569,1.6541194569791475
10570,5.538177831806125
10571,8.31491421458072
10572,5.5829973957921535
10573,4.084672670230183
10574,5.433387988225994
10575,5.943185838663982
10576,3.5119534576515212
10577,6.883365436940194
10578,5.501347534855633
10579,4.544450396822779
10580,7.636203690552289
10581,5.983002622369022
10582,9.331765055974401
10583,7.283906506088124
10584,3.900362743603276
10585,2.379872078310038
10586,4.741358113230759
10587,5.887318727640651
10588,5.484410486064129
10589,3.7058427623892896
10590,7.178731270533245
10591,6.4128801476542945
10592,3.3426622928427823
10593,8.645095530666403
10594,6.935362029643957
10595,2.7178353684955248
10596,5.9984674704211045
10597,7.7941894848820565
10598,5.248291058971088
10599,6.407737169294068
10600,3.2932984108938212
10601,4.724405526103035
10602,8.066921995852585
10603,7.439257549579779
10604,4.48237447588196
10605,8.461919787978559
10606,3.97261293192178
10607,8.03674184493378
10608,4.5606341347160075
10609,4.285695005449977
10610,5.610911725835314
10611,6.840023997497615
10612,3.577441903000885
10613,6.529192240436158
10614,5.843016063830116
10615,6.527643712546824
10616,3.392437362610256
10617,5.551507875804444
10618,5.36169901142738
10619,7.3958126212938
10620,4.756008454377098
10621,7.562856162791731
10622,3.938046578357076
10623,6.837369751692323
10624,7.164845369829587
10625,5.908015125270634
10626,7.857650005914867
10627,7.747190311571035
10628,5.118237684542005
10629,6.424453608356567
10630,6.350286046324629
10631,5.626580238248487
10632,8.708851967984753
10633,6.09896532220401
10634,5.709183381938489
10635,6.733330218490102
10636,8.041381717298973
10637,5.4393188002537
10638,5.0727901244497495
10639,3.9466276292842366
10640,5.917833834263422
10641,1.9320255925450043
10642,8.488599001401942
10643,7.680933214243008
10644,8.989365785273973
10645,5.584000503004419
10646,4.033105379509076
10647,3.6477205991561044
10648,4.226947733447773
10649,2.9604824503379614
10650,7.4766729894215365
10651,7.495622599271672
10652,1.0622911172106986
10653,6.717971397143731
10654,8.358403757250215
10655,1.7960875580936602
10656,7.932328242628794
10657,4.584836981956438
10658,7.075645554843168
10659,9.652095245187954
10660,5.4103208895912624
10661,4.574109027867106
10662,4.047418542739523
10663,2.8079370447723853
10664,6.000036128631658
10665,8.150667803852672
10666,9.497291994136269
10667,6.394005619557616
10668,5.494491803955643
10669,5.77429071510245
10670,6.794959497565051
10671,8.499434659731826
10672,3.834656838948006
10673,6.388391391703861
10674,4.591200743050756
10675,8.793062765259416
10676,5.519481082397704
10677,5.686113897483694
10678,6.77413473556384
10679,2.601026557134204
10680,7.060534342802432
10681,5.412745981140067
10682,7.26451942711472
10683,9.152073904891642
10684,7.788291954011146
10685,5.8052149348425495
10686,4.906231921257656
10687,4.682166267986275
10688,6.126263109002219
10689,3.8504818542794115
10690,5.681399085702916
10691,4.127442259070327
10692,8.765010164449416
10693,6.1781855796393375
10694,2.0878934959065116
10695,8.591214768911447
10696,4.471836572337685
10697,6.400981604181448
10698,9.050175505504269
10699,6.765986156053984
10700,7.5954724520578925
10701,8.909012546656214
10702,5.789749682171566
10703,8.259379712839559
10704,5.03763046866166
10705,6.308830183651517
10706,8.836887010138392
10707,6.816874901038258
10708,6.448471275042156
10709,3.9648752967837435
10710,4.63703158011568
10711,8.1798545354283
10712,4.2118948221158865
10713,3.98490892975512
10714,6.338261830788339
10715,3.0803708470977758
10716,5.0108081728866285
10717,7.316484181314792
10718,4.1738177291579435
10719,5.753906083265489
10720,6.452009158844827
10721,6.695899813272362
10722,5.9451416009500555
10723,4.69503679132241
10724,3.967509324959938
10725,5.084586949736023
10726,4.8976821085659346
10727,6.773513969430299
10728,5.630263026372892
10729,7.786749761949099
10730,6.777678667901478
10731,6.356448718517187
10732,5.444780266981101
10733,8.099259483121049
10734,7.975569567301088
10735,3.821994432615348
10736,6.448072209404354
10737,2.7825541788316976
10738,5.129461597794155
10739,3.748845118966008
10740,7.09275579537632
10741,6.832689185546561
10742,5.893757954296385
10743,3.665896485624313
10744,7.530463795665376
10745,8.251287009968289
10746,7.379352441721643
10747,7.276421765171358
10748,7.9828649157757985
10749,2.8155977057599015
10750,4.689077179234963
10751,1.0757939992482533
10752,9.00809037309807
10753,6.439647095231587
10754,4.260795446606187
10755,4.48526951386729
10756,5.77063560980606
10757,8.704314128071152
10758,4.62333004958603
10759,4.80756302278373
10760,3.4754882100040114
10761,7.3409895312282885
10762,4.780517979432881
10763,2.788530678955066
10764,0.8682806190257137
10765,3.0957091007854594
10766,6.40375645221942
10767,7.721398069028857
10768,7.481036749411293
10769,1.4217338970100397
10770,5.1495210710057355
10771,7.547911286732097
10772,4.068495942209465
10773,6.770609728923406
10774,2.3261890274862433
10775,4.287127419643377
10776,6.483722439342665
10777,4.9462551120576554
10778,4.615343210413042
10779,4.866346793163903
10780,3.482396776704519
10781,3.9901664574668763
10782,7.377585088397398
10783,4.279886770676851
10784,7.676765667128916
10785,3.4507556411064675
10786,5.720998909635194
10787,5.2621789475523695
10788,6.831990752801566
10789,8.141763010470193
10790,3.721557739311583
10791,4.376959169894395
10792,8.375453566145172
10793,7.674507039294877
10794,6.377978200664056
10795,7.207555842920829
10796,4.709321168847314
10797,6.307833601827224
10798,3.061658845036422
10799,7.9499443073365645
10800,4.721997404726466
10801,7.665562136273695
10802,5.367853247880243
10803,8.794113055241903
10804,7.1774939139093386
10805,3.904714870169455
10806,5.206603220802258
10807,7.55858695118767
10808,8.78611499147788
10809,8.00924469348833
10810,6.1580705043566
10811,7.176137702689948
10812,6.113006262735767
10813,6.224784550244651
10814,6.224230933130061
10815,7.6419652511073295
10816,8.425191683416966
10817,7.701775410492713
10818,8.344733910691518
10819,2.8222132280303662
10820,7.894214021448616
10821,6.209037340702315
10822,6.615097696100715
10823,1.6653633305178073
10824,4.216822105640307
10825,6.013854098297695
10826,9.448008732625006
10827,4.585313058217887
10828,4.82746339344796
10829,6.794065248123896
10830,4.896574211706066
10831,8.231888790996233
10832,5.630743910097412
10833,7.607156701565956
10834,4.788165718433606
10835,5.921053446096193
10836,7.544532305667057
10837,4.033640214082944
10838,6.728548078721296
10839,4.989075746599142
10840,3.376562282594038
10841,8.214225208176083
10842,2.50191401823232
10843,7.159544486701755
10844,7.517992870958558
10845,5.2702799634217845
10846,7.45300388272405
10847,5.829218990801739
10848,7.335376815213491
10849,5.875487426843845
10850,4.771777281299758
10851,4.236021794664163
10852,5.668950816369693
10853,3.695915377219154
10854,4.464379616178253
10855,5.93380048942928
10856,5.348389955455373
10857,4.8504730176230355
10858,0.9369959236967289
10859,8.076121292030134
10860,7.3725736190786995
10861,6.0369120651858275
10862,5.8518949646455685
10863,6.558496831875872
10864,4.881340624393607
10865,4.11577537717055
10866,5.901004797338541
10867,5.821202262799638
10868,5.442011562555533
10869,7.096908210306441
10870,4.6861236228486565
10871,6.6120617798590136
10872,2.300360356467376
10873,4.993851230576802
10874,7.012979635369348
10875,8.666555101135607
10876,6.960141103606525
10877,4.63244583207563
10878,5.574857055702011
10879,6.571070234919095
10880,3.379488482926316
10881,6.678963466084233
10882,6.107367712295471
10883,5.457850587759964
10884,4.24572368908803
10885,6.282927982445305
10886,4.218308717725957
10887,7.150822521859286
10888,6.088173398863362
10889,5.451070249265612
10890,5.84456240102124
10891,4.04972897545559
10892,7.665097244884563
10893,6.800434932380715
10894,5.268007005202046
10895,7.0394794489993116
10896,4.78701369189688
10897,7.066686203477295
10898,5.512175359757669
10899,2.1037425794495297
10900,7.8692802254620196
10901,6.119667229510672
10902,6.380983777632717
10903,4.604049875106763
10904,4.426770609944803
10905,2.1844115261598347
10906,4.6567717152929475
10907,2.9826087814630693
10908,5.946971887545479
10909,7.3436152235667755
10910,4.861559561643576
10911,7.909764524803199
10912,8.211694408159246
10913,5.947062296369814
10914,5.852896839420474
10915,7.3027421449190895
10916,1.8589389857222365
10917,4.40630900555979
10918,4.23608391930803
10919,5.910723019289295
10920,6.275564467011232
10921,7.11601136076486
10922,5.01820060590301
10923,4.876262973179206
10924,7.521361235295243
10925,9.0415768088721
10926,7.581844348729222
10927,6.091637014681526
10928,2.2597804771402945
10929,8.050160316407478
10930,2.8705636179475644
10931,7.759343348655495
10932,3.2599072416572388
10933,6.515190691291646
10934,7.9696079964871185
10935,5.672778073926994
10936,2.0458669654624013
10937,5.87620873306538
10938,5.9675802862168075
10939,2.4453865594490782
10940,3.022193161669664
10941,3.195605230304105
10942,6.4024303029751195
10943,5.456051129578889
10944,4.468385428629032
10945,8.656717203561513
10946,5.439986156010481
10947,5.804143800059905
10948,7.3258155371791025
10949,6.6537262321491015
10950,6.440037493255735
10951,8.677364387490364
10952,6.441370271041423
10953,6.519584027861608
10954,5.9670996916022565
10955,7.019638046966629
10956,6.408659145121229
10957,6.584399306147279
10958,9.853040061352257
10959,6.318855137591372
10960,3.809199836783561
10961,6.244724511106615
10962,2.4319593918916405
10963,4.647746242096454
10964,9.064680012095918
10965,6.59601171920704
10966,4.806158811215715
10967,5.6264116265202935
10968,7.57160098298986
10969,4.383264413405286
10970,5.288338106367111
10971,7.346867847258587
10972,9.085232735821993
10973,5.809035937384825
10974,3.5697041320809637
10975,2.892823431371449
10976,4.986124953785362
10977,7.806102950766776
10978,5.0102525112818395
10979,2.8916672675386614
10980,8.972059939143467
10981,6.737504131926484
10982,7.139545813772438
10983,8.905132863720878
10984,6.59327724500041
10985,8.635362181667391
10986,8.639408477161378
10987,4.1431568828433365
10988,6.7057198912686955
10989,5.437428222354171
10990,2.6640348541434227
10991,4.665773136175879
10992,5.8989056404768405
10993,6.108845346075537
10994,6.765101807570536
10995,6.829869331995501
10996,4.97620444507117
10997,5.826472693908472
10998,5.13525277057713
10999,3.0433625685056573
11000,5.8222659027068895
11001,9.056242404043875
11002,6.805210657168968
11003,7.252026232261486
11004,8.47616425083277
11005,8.178769357627472
11006,5.7989838857192915
11007,7.338639361011564
11008,1.8785546294156767
11009,6.468946871039088
11010,5.549029078432092
11011,8.126325328161295
11012,6.177169088315537
11013,3.103670773158424
11014,8.027431750012415
11015,6.918031035856571
11016,6.4062524339355225
11017,7.465718352605236
11018,4.151314846072992
11019,7.149401964664533
11020,6.217817291858615
11021,7.572488205496071
11022,4.617653582636125
11023,2.1331674758002004
11024,8.093402889908225
11025,1.7160905865753933
11026,2.984002737076165
11027,8.159389891077527
11028,4.069698089123792
11029,8.427064386156708
11030,4.424471360450075
11031,9.269829556699142
11032,4.335531645951753
11033,5.593829625053122
11034,5.924738975518312
11035,4.92871040375975
11036,6.337198004628279
11037,7.490941539920535
11038,1.6500694121002473
11039,6.84672388297071
11040,4.432948530846438
11041,9.712205954079835
11042,1.8035307627936894
11043,6.4853141038433
11044,7.515160796815155
11045,6.860885505568309
11046,6.203183064239983
11047,6.523273901836612
11048,5.9626972976405
11049,3.142989387862058
11050,2.6432904939389967
11051,7.909386909379422
11052,7.724933494465205
11053,9.554047249591017
11054,8.076051399320237
11055,1.5440115177240308
11056,5.253120848200486
11057,6.252618092834569
11058,5.810372517962669
11059,6.055955591724764
11060,5.485400935548493
11061,6.23239525497775
11062,6.168105356547226
11063,8.780419737212927
11064,7.003208641773348
11065,6.723199957394187
11066,6.167861245112734
11067,6.903176488766713
11068,4.912766223624099
11069,7.456615757832171
11070,3.7947049860647235
11071,7.79440044341513
11072,4.927203554602283
11073,4.642498391492065
11074,9.84301734849821
11075,6.409184818221004
11076,5.860270301737253
11077,5.187383148724913
11078,6.9609898102604255
11079,3.29802533590515
11080,6.996502496022575
11081,7.725329017274565
11082,5.390356670945126
11083,3.7353574453050076
11084,3.6687430357896544
11085,5.719419811178642
11086,4.054578371321076
11087,3.696136130457703
11088,7.03447901414768
11089,6.307123685138476
11090,7.134071163228784
11091,3.0227010492013435
11092,4.275288984694648
11093,6.7173226289572785
11094,4.718514090452782
11095,4.0348979975929735
11096,6.501059453358279
11097,4.578511148367466
11098,5.169621654142975
11099,6.198274674599605
11100,4.472962004790162
11101,1.756311345110741
11102,6.189256871129203
11103,8.201935784272449
11104,7.240491860323299
11105,3.019579236509215
11106,7.225172535465582
11107,6.357930879645868
11108,5.637294170253769
11109,7.329147073088781
11110,4.036671630643772
11111,4.630453594729575
11112,7.55837039176154
11113,3.3998551553770113
11114,6.101519292794793
11115,9.70122304611737
11116,7.481095598108246
11117,6.714134413985413
11118,5.249559508766156
11119,6.919679074815906
11120,6.349180403140311
11121,6.597934351175959
11122,6.772532989287566
11123,7.2374288094868255
11124,6.176902471309479
11125,5.642378465493432
11126,6.7560563679897765
11127,6.12704485403936
11128,8.401430734159556
11129,3.1726476242859563
11130,9.885116212955133
11131,7.615163358164245
11132,4.469520789340765
11133,2.6391427431959156
11134,6.400733115198549
11135,6.253716609493609
11136,5.579661827131781
11137,7.423916340037239
11138,6.515189578082643
11139,6.240566674174283
11140,4.962514695729454
11141,5.031862953981632
11142,4.775360609879862
11143,7.711203742313594
11144,4.719083424940114
11145,5.084885651756115
11146,6.949318189494854
11147,7.07151907807207
11148,7.606568511799804
11149,7.443854028986118
11150,6.311832927546043
11151,9.40403138085665
11152,7.105042594105254
11153,6.908105483209637
11154,6.06469005528819
11155,5.0862575067028555
11156,6.7619966034440795
11157,6.208885287827876
11158,6.539248485304793
11159,6.7642375228731355
11160,2.4309513475966718
11161,6.304448516843465
11162,7.091847941509181
11163,6.1084177225264265
11164,7.70567824013084
11165,7.199394312323861
11166,7.332160228651078
11167,1.5506690641538705
11168,8.183787605899079
11169,5.542823686445202
11170,7.198570660941552
11171,7.842455597076899
11172,3.8014308001854804
11173,8.243294443622407
11174,3.3790046717680546
11175,3.099782073490285
11176,4.623543686008943
11177,8.892075755404724
11178,5.677987106463444
11179,3.1949303894744947
11180,6.995520864179093
11181,8.817658341939623
11182,6.397194493842067
11183,4.212013866529509
11184,8.7831793276084
11185,8.747019407324983
11186,4.785919469278462
11187,5.949786430797799
11188,4.16536806364671
11189,3.5034946342932445
11190,2.452210353695207
11191,4.850019904146936
11192,4.060279776394888
11193,7.089207475312273
11194,5.804728859531612
11195,3.6940237719129314
11196,6.670611877146702
11197,2.380161884457357
11198,7.836341467139181
11199,5.8448172585838325
11200,7.9322190143134845
11201,7.415340056929535
11202,5.389113258413689
11203,4.711275254761977
11204,6.026943576351536
11205,9.182794699393117
11206,7.276871439171697
11207,4.887979930105103
11208,6.065087189396551
11209,2.3657160893049314
11210,8.579327024164478
11211,7.296541397491874
11212,4.02943854257033
11213,4.471294084399882
11214,6.356003920029374
11215,5.642714052438306
11216,6.949541788520581
11217,8.701116380855833
11218,7.872408528620452
11219,6.999330933605415
11220,5.61943920163229
11221,5.539409885780994
11222,1.0080114648218534
11223,5.228936833319596
11224,8.576232469636578
11225,6.866515665567206
11226,4.251191525506633
11227,4.77484811714823
11228,7.445455453291862
11229,4.978103546058234
11230,3.9344446033340277
11231,3.4356518447785533
11232,5.607634844258481
11233,6.274169429409629
11234,2.5033732551792003
11235,5.368790037649788
11236,6.271199927900906
11237,7.838210477309422
11238,9.139451187351147
11239,8.916155805547735
11240,2.903846661818172
11241,7.642198761341563
11242,7.973809546191893
11243,4.035200909792585
11244,3.729688732017244
11245,7.2777101759243745
11246,6.530551818180688
11247,4.537506180602484
11248,5.116387158101176
11249,7.435362039821244
11250,7.9039389165533125
11251,5.799713478590132
11252,6.215905235614512
11253,2.084495525888508
11254,7.7132094547414365
11255,5.055238113661867
11256,5.172612291620415
11257,6.79680290971609
11258,7.351681688451913
11259,7.775422298995069
11260,6.338016406557655
11261,4.367116731659553
11262,8.272192259074137
11263,2.0543795011589965
11264,6.810576673286959
11265,4.569614357250645
11266,6.9862862272496065
11267,7.127841009291871
11268,6.70286418983071
11269,7.8232377391681345
11270,5.6788403738480655
11271,7.8029344626610575
11272,5.2391136612230325
11273,4.964258949053207
11274,6.570888900314657
11275,6.442388961425016
11276,6.382040749356297
11277,5.3485041756175375
11278,6.991408976644879
11279,4.61928276057841
11280,5.915161944495211
11281,9.641631252611287
11282,3.5724409070579743
11283,7.145664660121698
11284,6.42575652702473
11285,5.085681743110808
11286,7.290500908501256
11287,7.01939824873737
11288,6.496955542042271
11289,4.184038585400492
11290,7.499593213507783
11291,7.042587398392385
11292,5.7488926420186495
11293,3.623110605002734
11294,1.4056272322964505
11295,6.614452148725611
11296,3.8866181180409782
11297,7.620943728671864
11298,8.275732248934004
11299,5.004781706387667
11300,9.01089129154192
11301,8.26879138569339
11302,7.196529015385883
11303,7.096448382320275
11304,5.190584692141166
11305,6.865120219221973
11306,8.264016909357105
11307,5.850137545209003
11308,5.653967817044369
11309,7.010551021138193
11310,5.560343555850369
11311,3.0679955057117794
11312,6.393849738580507
11313,6.584145850965637
11314,9.12838141155944
11315,4.82912073999213
11316,4.599432747473499
11317,8.110957094383378
11318,5.789268351611753
11319,8.973799770864412
11320,5.469697977535468
11321,4.919068136073539
11322,1.922544127255281
11323,5.20528928850622
11324,6.37319252083364
11325,4.19760400941182
11326,6.826017152152702
11327,7.35925962753365
11328,4.265922372510412
11329,6.738687589582652
11330,3.3503891533894556
11331,6.147432708534891
11332,9.136725474425306
11333,2.395610482036512
11334,4.421361659520127
11335,6.321804943988312
11336,7.610185551675535
11337,8.12098013345885
11338,6.342313560465065
11339,6.7845605548074674
11340,4.509123673427927
11341,3.872747145328379
11342,7.23315205122955
11343,5.705062674638961
11344,5.313915271508905
11345,7.258295958299264
11346,6.520537625139967
11347,4.839574781487109
11348,3.4898742974379973
11349,6.129079784231434
11350,3.4135567033124414
11351,5.199057102939614
11352,9.408389327786677
11353,9.163209634175551
11354,9.201771437509384
11355,5.773427505547092
11356,7.824099564888857
11357,8.396617182294598
11358,4.504812356974305
11359,3.7441666438300523
11360,6.37289097793958
11361,9.26881377398133
11362,5.656462344202388
11363,2.9496276305804106
11364,9.015000198357875
11365,9.042700668508223
11366,3.39849812918699
11367,5.543215632878434
11368,6.3290320830463385
11369,5.155272853089626
11370,7.175400571943407
11371,5.013921139508039
11372,9.039524698596159
11373,8.275855342487231
11374,9.244262810063578
11375,7.217853883075724
11376,6.051459777970247
11377,5.853779156799759
11378,7.138295850038519
11379,7.891363469894964
11380,4.139661346120366
11381,4.236577255790766
11382,3.178785967521492
11383,6.5473549174461425
11384,7.249680377476419
11385,8.296164509910694
11386,1.7409615029952992
11387,5.130010289550052
11388,5.379847472796455
11389,5.703825550059403
11390,7.408118755764898
11391,6.999687595753947
11392,4.4653755371876995
11393,5.2288665474943805
11394,5.538900106751592
11395,3.990085615002864
11396,5.824096262091901
11397,6.454434264297993
11398,7.7643026210683495
11399,2.0396378886982673
11400,5.199426913903873
11401,6.953194952816458
11402,7.334333416520848
11403,4.790068143605817
11404,5.403962869537761
11405,7.144349480569414
11406,7.320792064627001
11407,4.484339180890013
11408,4.387814670833502
11409,3.9075147034553654
11410,7.587325412489857
11411,9.159231011795557
11412,3.488794335831353
11413,5.392079586686779
11414,6.0913013578316795
11415,5.176540165421596
11416,6.552700375565539
11417,6.397773120198689
11418,8.316638142759667
11419,7.278069517536575
11420,5.342821487895335
11421,4.06351158550951
11422,6.042621351056877
11423,3.644432902418666
11424,7.687101803982368
11425,1.086538224264183
11426,2.1301711977949966
11427,7.587112554265811
11428,8.650428881509397
11429,7.877036032170309
11430,3.8605607840384266
11431,2.5219149421321645
11432,4.369957057881608
11433,5.922291885893854
11434,5.94956045607986
11435,3.3760839694083273
11436,7.011666350711296
11437,6.292701065414873
11438,7.8571711379294795
11439,7.8485025037930916
11440,3.7137929773531226
11441,4.822748854606345
11442,3.9396230856795627
11443,4.925578921947572
11444,4.483867321479053
11445,8.583515166624702
11446,8.002452289040477
11447,2.0572150129396367
11448,5.8381182657702695
11449,6.837470813576511
11450,6.434446831860194
11451,6.656556166267611
11452,3.141789561435866
11453,7.998669376048689
11454,4.39341352934599
11455,5.822983346757967
11456,6.516504731612849
11457,6.605725339747218
11458,7.861418496588812
11459,9.08163719491715
11460,6.363443971228444
11461,5.935459151226273
11462,5.025825735426582
11463,4.593491973752735
11464,5.735418414831341
11465,6.345003485583647
11466,7.956390151893582
11467,7.126125385895154
11468,4.966537020108253
11469,5.9231144954781065
11470,4.9920409232308405
11471,7.906540020869247
11472,6.507919214626567
11473,4.3180942579674015
11474,5.20681556036243
11475,6.896780987104678
11476,4.916660165423973
11477,4.074049003266143
11478,5.9751883930330285
11479,6.191414362019231
11480,7.4211383415489225
11481,5.791888299511591
11482,7.118077589568559
11483,8.23958386000636
11484,7.243847571323129
11485,7.52054323506551
11486,6.882634601428484
11487,2.4760891785039956
11488,6.060062608475036
11489,7.551731888774718
11490,6.394119654720129
11491,3.1982137591654114
11492,7.285369242346006
11493,4.623541916935187
11494,4.564797527063952
11495,4.84897517475846
11496,6.2576263510889545
11497,5.69850099791956
11498,5.228897743077208
11499,5.951845617359313
11500,1.8622149585297307
11501,4.615222687361468
11502,5.360203196895073
11503,3.5675984035029416
11504,4.549677452982162
11505,2.9637976129452253
11506,8.361819090324003
11507,1.2542010993819879
11508,6.064947927283287
11509,7.012139866355948
11510,7.844692793006882
11511,6.402006620521409
11512,7.706776119885524
11513,9.909547708737893
11514,4.851445684295466
11515,6.019602752154592
11516,3.788407459197555
11517,2.291989492770255
11518,6.254737894319666
11519,6.152572678777878
11520,8.362610539752364
11521,8.854080007149724
11522,4.952454265237504
11523,4.662006675093709
11524,6.910691473827133
11525,5.2698596446924455
11526,6.364418267173068
11527,4.112621970086533
11528,6.415950630170409
11529,2.255650689380566
11530,6.90666819632851
11531,5.844141005434426
11532,7.0152884488139815
11533,2.743960167691767
11534,3.5618711801045007
11535,5.441460830288533
11536,4.109033528556746
11537,6.0066418063231275
11538,7.6131355534188465
11539,7.181835938739459
11540,6.377026684460172
11541,5.287170113695831
11542,8.293043069313185
11543,5.651224154614915
11544,4.705895544690968
11545,1.939829309804461
11546,6.850336774753563
11547,6.058621011436163
11548,7.561693247832038
11549,5.299419668228246
11550,5.620946188951522
11551,6.44823109349884
11552,7.991901662530003
11553,6.463324445705299
11554,4.486447040213307
11555,3.8524438384468596
11556,5.4040722175111355
11557,6.270795279045281
11558,6.3999537046211055
11559,6.586101809998372
11560,6.305288473922791
11561,2.4294836156037545
11562,2.9555552704646266
11563,2.187274159109086
11564,5.423987987006513
11565,5.544525544399691
11566,8.684003188936497
11567,5.292028474999326
11568,7.474957558981685
11569,3.8106553037256785
11570,7.089169990932249
11571,7.951626625127491
11572,6.473966444634874
11573,6.447163122038197
11574,5.308217914975958
11575,7.537389533512567
11576,7.2427765290721355
11577,6.082431298748533
11578,7.267064593663498
11579,6.165827066150847
11580,3.2232644844381744
11581,6.410869096914197
11582,6.079844868518132
11583,6.658375943073228
11584,6.668657687769135
11585,3.020619628539258
11586,4.8566270904692095
11587,4.353054237446828
11588,7.825743316830002
11589,8.85611644475798
11590,5.481669466332873
11591,6.80999954952282
11592,2.459682642231159
11593,1.9441690396589733
11594,5.998028442319129
11595,7.720516835908264
11596,3.840736982815913
11597,5.054429711245367
11598,6.955566553948294
11599,5.1075519903345485
11600,2.8054981874642495
11601,5.333849740029978
11602,3.9234529600090657
11603,6.25781652030008
11604,6.714780410832201
11605,7.234105951096837
11606,8.761581697116963
11607,4.651637242296992
11608,3.8872324352474634
11609,6.515214229215834
11610,6.482817489331078
11611,4.503936031833977
11612,7.413195614522159
11613,8.740123787769548
11614,5.268241275049698
11615,7.767473539776726
11616,8.102549735937803
11617,5.45063467414315
11618,7.0643876549431415
11619,4.419557285055358
11620,5.3140035058450446
11621,7.791372502534279
11622,6.736718853584394
11623,5.146551391609584
11624,7.485462539918851
11625,6.337742274011915
11626,7.061171798011476
11627,1.3928385321193137
11628,5.971223137823676
11629,7.678429053742668
11630,6.791106749549294
11631,6.831497351587919
11632,1.6469325001684096
11633,3.254111751217973
11634,8.664023477007458
11635,5.867492153347378
11636,4.59664016774991
11637,5.975849702199161
11638,5.770829039402905
11639,8.134764580782683
11640,6.026019637523405
11641,4.30835643112258
11642,10.0
11643,6.636490512945643
11644,5.779360950968295
11645,4.811886211568146
11646,3.8450852563194315
11647,4.66475654723921
11648,2.8067075741578327
11649,7.749807735042312
11650,5.72140756744787
11651,4.738077354584359
11652,5.368363610190988
11653,4.4356011104553374
11654,6.739417230797503
11655,9.211194582833997
11656,6.851098495596592
11657,5.014111429573846
11658,7.399001578786842
11659,6.783719546991995
11660,7.585372344111156
11661,6.913610140945755
11662,5.851107100591993
11663,7.946619506245598
11664,7.338415115288409
11665,8.397403698122716
11666,6.77709596603315
11667,7.825336103992891
11668,6.3807225892557105
11669,8.257107075639576
11670,3.9043840657080415
11671,5.1124410490075665
11672,4.163312261011981
11673,8.421947088301977
11674,6.382017632081304
11675,4.731100069784182
11676,8.034688152480545
11677,3.6473367827287846
11678,3.2801817326916622
11679,2.152805220913433
11680,3.916663714373286
11681,5.4867224844959415
11682,6.334918916735327
11683,8.85680769095542
11684,3.415013259890428
11685,4.158585631983084
11686,3.717065532163359
11687,4.319440518886981
11688,9.674800357842901
11689,8.035037315848486
11690,3.7121902672843374
11691,5.437789197829288
11692,3.320545889334769
11693,9.177036121052032
11694,8.045219641310915
11695,4.483241960650573
11696,1.828750868854386
11697,6.004727105074341
11698,9.469496102016764
11699,2.860594377154489
11700,7.074058917651065
11701,1.3587206348133694
11702,2.576063663663164
11703,7.159340333629877
11704,8.26845487902958
11705,3.105364688799603
11706,5.335126657997003
11707,7.545966710119889
11708,6.970140232221673
11709,6.3629860781913985
11710,6.761741193283298
11711,4.240307354829185
11712,7.650215518866542
11713,1.570810338801259
11714,8.189016638780108
11715,5.988312500328895
11716,5.589884235861309
11717,9.494337364715228
11718,2.8991680649010494
11719,8.711972228803319
11720,7.821287061269762
11721,6.923684876546384
11722,1.7185436297764747
11723,7.19872060596636
11724,9.173011209641995
11725,5.540175630184838
11726,2.291542501229208
11727,8.480381476438803
11728,6.704989952317561
11729,6.518756152358191
11730,4.1805506011381075
11731,5.833264955259273
11732,5.090065246198704
11733,7.488954767015139
11734,5.770906059267729
11735,4.952599632535829
11736,1.9629998116812908
11737,7.385391953298434
11738,7.561019752532667
11739,5.806089946693163
11740,4.485064947197112
11741,3.473031404919469
11742,5.1212551757158
11743,3.2652409982847272
11744,6.692556415846068
11745,6.5068374296371605
11746,2.3334573282413755
11747,8.144012277910834
11748,1.5225359637027869
11749,5.032774043432138
11750,8.196390535060676
11751,5.8678726324318795
11752,7.407713952390017
11753,5.037059468359821
11754,7.897648939974107
11755,8.330708611449605
11756,2.2904542794268354
11757,5.647106849227579
11758,6.38915673772577
11759,5.6806312596316495
11760,4.577295643004351
11761,7.414068577628513
11762,3.906530487464796
11763,6.406327240517158
11764,9.565106583106271
11765,5.386067516910642
11766,6.063595980195446
11767,6.9464315328191475
11768,4.732006285876195
11769,7.189750663546349
11770,6.8297312561217876
11771,1.8514898250696084
11772,6.317998908090905
11773,6.439335822771732
11774,5.641947462256515
11775,5.309507965872966
11776,6.713533412054629
11777,3.210894647578485
11778,7.426550811587276
11779,7.822331495472906
11780,6.330294581478539
11781,8.122061330124327
11782,4.40542337889663
11783,6.581290600241715
11784,6.563972209525742
11785,8.288624873607588
11786,8.935742968315362
11787,4.992317646422274
11788,6.886159424140164
11789,4.836238441059821
11790,6.383464516741784
11791,4.333934904947257
11792,9.530768405195694
11793,6.066108709391973
11794,8.238180737394933
11795,8.504672682369728
11796,5.071236021422562
11797,8.623305338813964
11798,6.722479854950602
11799,3.5083148700242734
11800,3.839106036786565
11801,7.112088701573856
11802,3.3915245169207813
11803,8.22372689043516
11804,5.697660529414184
11805,6.886327754066399
11806,4.856358316306122
11807,8.000476686917953
11808,7.355073784912756
11809,4.682347553025719
11810,8.411913463771745
11811,5.644144104489505
11812,4.775814852434856
11813,5.845841408389691
11814,6.4246256741737255
11815,5.913707322072623
11816,6.31319007486388
11817,4.285847151440961
11818,3.814952600585369
11819,5.089926550877308
11820,6.999066702094356
11821,2.910951578607181
11822,4.454956984127065
11823,4.837516293102924
11824,7.789358399754675
11825,9.784552712405157
11826,7.002170809478698
11827,6.295526188818904
11828,3.435031683300798
11829,6.061660619748444
11830,2.746344729890981
11831,3.3632993235809345
11832,3.723728557843442
11833,5.082409084719995
11834,3.024953438131416
11835,7.435868344758465
11836,5.347040424063517
11837,4.353608496865264
11838,5.370182530128451
11839,5.363988690181558
11840,6.890808117189152
11841,4.569855640007034
11842,2.9573381869582147
11843,6.2525563143812235
11844,6.781500789972879
11845,4.59776735768247
11846,9.324636092289204
11847,7.984654875420966
11848,7.989790282219334
11849,3.307980225361415
11850,3.7144673150102587
11851,8.962212792883934
11852,6.785375557406954
11853,7.97892881886844
11854,5.406071580891721
11855,6.310111808680779
11856,7.265207506745774
11857,8.137841437149621
11858,7.392416328811503
11859,6.320160148399538
11860,7.490152051937247
11861,3.504910492992877
11862,7.073305418417846
11863,5.89541472862732
11864,6.20259124888123
11865,5.345297466413473
11866,2.9634142103626577
11867,5.591043434744875
11868,5.514790987001006
11869,2.702229198354762
11870,3.0893966151410788
11871,6.98940799278023
11872,8.831253856916089
11873,5.2799033091146415
11874,6.762543709371982
11875,4.5172954734953406
11876,9.40462239947761
11877,4.668527066944375
11878,9.945680085628663
11879,8.76373845034756
11880,2.8996721308360485
11881,4.8267841800667215
11882,3.3616082867327264
11883,3.1559019284599708
11884,5.428602708586577
11885,3.914787097236012
11886,6.229502717603833
11887,4.887263495177651
11888,1.9690384917968158
11889,7.504785086413272
11890,4.858260888268252
11891,8.086865824048356
11892,1.241723812358402
11893,6.434274698017045
11894,3.7131160266855363
11895,7.538803685616628
11896,6.470400742721749
11897,5.659150043879564
11898,3.905756206145308
11899,6.838920183974529
11900,7.568687659489618
11901,7.02131883702577
11902,9.306552115022459
11903,4.942609236606052
11904,7.083775622409613
11905,6.528662295646984
11906,5.917087440745447
11907,4.543950705481175
11908,9.146359741301456
11909,7.172638509686484
11910,8.407767389038282
11911,4.957211300480872
11912,5.833539870918871
11913,3.0655015142346222
11914,5.1631215820851235
11915,7.011161025327571
11916,5.958036807378333
11917,5.693653819532458
11918,6.929918656693014
11919,5.316180358595971
11920,8.62314874475031
11921,8.340153365821639
11922,5.931372781738269
11923,6.0717363916027045
11924,4.2282170742172145
11925,4.36397589434755
11926,8.034309103727663
11927,3.7068605361059364
11928,6.248098326759572
11929,6.730270583877899
11930,5.834247766692605
11931,7.755525487328997
11932,6.853580536897706
11933,9.66826249928713
11934,4.952156201357957
11935,3.4056119836786274
11936,3.919255802323438
11937,7.368107727976126
11938,6.177220729851601
11939,7.002846168767744
11940,2.57399662915657
11941,5.5878583179757415
11942,5.995084191708401
11943,5.472071500887031
11944,2.07888326492547
11945,9.404220726174545
11946,7.847983573363202
11947,3.238762038130363
11948,6.002135258902101
11949,3.847402183053615
11950,4.4381292353043555
11951,6.57102242076596
11952,7.288378899691015
11953,6.302421899402572
11954,7.665156052408134
11955,9.965144530371514
11956,4.4933942493181265
11957,5.346635973199645
11958,4.999077995350371
11959,7.3391381908066995
11960,4.400823148649176
11961,7.127343804188139
11962,6.738957996043089
11963,9.915711410923231
11964,6.767217230512742
11965,5.493035203670472
11966,8.562968503634107
11967,5.839344638954957
11968,8.292058139769033
11969,6.354715249700847
11970,4.7335615030272225
11971,3.6525982260174086
11972,4.2634286805822645
11973,7.5016755377586355
11974,6.370804390935874
11975,4.222877584787073
11976,7.83405133272821
11977,4.46862471806729
11978,2.097396715991501
11979,5.76819512418594
11980,3.864166180194415
11981,9.461107696697503
11982,7.264814662568102
11983,5.569154740687454
11984,6.580173463380089
11985,9.260213663885557
11986,5.2339849819834425
11987,7.154001130581485
11988,5.212216908432125
11989,6.891525562708876
11990,7.617330017664778
11991,6.234513484371747
11992,4.743075527936985
11993,3.9408180226344327
11994,9.307564259380387
11995,6.799963756268724
11996,3.8069962378336983
11997,6.376691497106315
11998,4.613831218069731
11999,5.313773786623069
12000,8.544087070128656
12001,7.626224431244943
12002,5.340895832585235
12003,1.4961403238401754
12004,6.552472628742798
12005,4.216941461401471
12006,5.308879987972621
12007,9.121999482442018
12008,8.147357177934246
12009,6.375732937644394
12010,4.427181866468063
12011,4.302116800216599
12012,3.4989278175450886
12013,5.099447763606461
12014,6.649092667079786
12015,3.963193722638137
12016,7.979172499043165
12017,3.566713927681898
12018,4.482615602463216
12019,4.908206592174646
12020,4.972687568756046
12021,2.8918498228600376
12022,4.9263521278047575
12023,3.9538721276746207
12024,5.474947444051597
12025,5.207062223042585
12026,4.099170837673682
12027,4.913117658869866
12028,6.7235702176437036
12029,4.115041802783533
12030,9.326988291938303
12031,5.197926867473204
12032,5.221478508867816
12033,8.250605786605082
12034,7.7369557750584
12035,9.733476429857046
12036,6.918276575640593
12037,7.451778575544014
12038,9.584303957158832
12039,3.391734238427736
12040,7.750961542203004
12041,6.908632170886706
12042,7.321532984779601
12043,2.6426509319487095
12044,5.345575401774928
12045,6.221414206701429
12046,6.667259172355244
12047,4.181294931314164
12048,6.136457942853668
12049,8.189754741018023
12050,6.813883344591304
12051,7.824650251760212
12052,8.670558652628763
12053,6.94715882661497
12054,6.336143968467563
12055,7.632062141609101
12056,8.863145092039561
12057,8.846747599125447
12058,7.224048103328628
12059,4.022280756697301
12060,9.544474378464159
12061,7.815907821294797
12062,5.794165981945828
12063,6.590686802898661
12064,7.542284933986781
12065,7.60595162714895
12066,5.606375408977091
12067,9.941534042641779
12068,5.014474465052319
12069,5.8071164519506535
12070,8.299306835693345
12071,7.483951510518509
12072,6.48510045763963
12073,3.6383973297251297
12074,5.949190731242247
12075,8.481362509590689
12076,6.036736467144903
12077,2.863781317809887
12078,4.085197635104254
12079,5.4297665921915605
12080,6.339076428529533
12081,4.571546570388193
12082,2.068988910901727
12083,4.9771283090931036
12084,6.707530967629589
12085,6.463322933872696
12086,6.606300374613156
12087,8.066010028766192
12088,6.997484891799986
12089,6.331401152639788
12090,5.406108644075036
12091,3.601942278504886
12092,6.360858533450368
12093,5.865612551960119
12094,4.989748890812357
12095,2.1642031981154592
12096,6.301742182194315
12097,3.7311884992408837
12098,6.30592051266669
12099,6.068671619709079
12100,4.260386171707294
12101,7.952893626722455
12102,8.665041695918621
12103,6.095473477914018
12104,5.977586067762134
12105,8.317575248239436
12106,5.452752408652348
12107,8.142626612213379
12108,5.561814853412349
12109,6.868612507046533
12110,6.766672378037146
12111,6.23080780932709
12112,6.301002182244836
12113,5.828917530217291
12114,7.7215563447153714
12115,6.857365603327801
12116,7.053949366062778
12117,6.00552140579411
12118,5.488612041544428
12119,6.939765305604285
12120,5.808272697214481
12121,3.8069130932994426
12122,5.499941283303448
12123,10.0
12124,5.783204186423381
12125,7.98774779850299
12126,8.990488568208853
12127,7.075630626768664
12128,7.715126241049177
12129,6.609855156607216
12130,5.7546068661864025
12131,7.755519385066424
12132,4.7328931029613726
12133,5.714266247694673
12134,6.042672976005531
12135,4.628237811460402
12136,4.5450124248821115
12137,1.156525109982904
12138,2.8340048649381964
12139,3.3399569102120337
12140,3.8129973303742104
12141,8.989104752622248
12142,8.715268203851503
12143,7.569101109351744
12144,4.790037046991714
12145,8.538224135731827
12146,8.853649358071351
12147,7.68875017580963
12148,8.019941428741133
12149,5.7821637623026225
12150,2.6293342660131227
12151,8.123970303363086
12152,7.885180151679302
12153,8.651420808247769
12154,6.997317182796878
12155,6.319028988153878
12156,9.267342048207562
12157,4.315492042126428
12158,7.481964308596325
12159,8.524717406625145
12160,9.188969906984703
12161,2.4003896586487006
12162,2.7720645427549395
12163,7.483704929516858
12164,6.271881726718481
12165,8.020862409014512
12166,7.998982469403966
12167,6.227752440667238
12168,7.410308584428852
12169,3.430732074790762
12170,6.554590173502907
12171,6.055358139251722
12172,5.678506641993554
12173,1.4342708991733917
12174,2.5474895472127375
12175,5.966603323598485
12176,7.445557294156992
12177,9.682337686314492
12178,4.921112858246369
12179,7.220425064589507
12180,9.489005704657199
12181,3.3447386965540624
12182,7.05606363225749
12183,2.7133950429718694
12184,7.507878006544507
12185,6.6264128804370195
12186,4.282049814052252
12187,7.431250482585015
12188,4.458884562425726
12189,4.722903599516555
12190,1.7071749313786302
12191,7.545428462009233
12192,7.831040255024873
12193,8.377542201331984
12194,6.657299919629335
12195,8.231366673029422
12196,6.340986820774118
12197,6.883495134864522
12198,8.637927330976755
12199,2.8742445482124355
12200,5.400066965846089
12201,4.575473595146305
12202,2.1212821575833267
12203,2.566646211288367
12204,6.439219539255655
12205,4.444003028111577
12206,4.985280331389797
12207,6.094685347966112
12208,3.1240003413517257
12209,5.403685540185756
12210,5.24044623093124
12211,5.051112636495694
12212,8.151604867355454
12213,6.03947678682475
12214,4.2762228265987705
12215,4.272412260283329
12216,7.523309152803741
12217,4.987356298391038
12218,6.068781272870988
12219,5.224128315157739
12220,8.540453252883884
12221,5.629174040661749
12222,3.3421387310554556
12223,8.407601796058369
12224,4.690416187806406
12225,6.349043127757361
12226,7.366032585359123
12227,8.328909837966808
12228,4.516562622846616
12229,8.181175167604243
12230,7.3271757718740655
12231,8.04690730974846
12232,4.751143490572746
12233,8.19214298898093
12234,5.408338364363325
12235,5.8531251509433995
12236,8.57021783939061
12237,6.693625634700042
12238,9.397291833498048
12239,3.9478984807921482
12240,8.511395795651106
12241,3.077559556269506
12242,7.702651141700828
12243,6.106578664309336
12244,6.332307403859543
12245,3.7072108435659716
12246,3.430349561653165
12247,6.555276601426812
12248,3.4929595871840684
12249,7.278243602273154
12250,5.707119402315413
12251,9.124386417219124
12252,4.065068150724465
12253,8.93388277173118
12254,6.824106762727859
12255,7.719565697527814
12256,4.025675807658558
12257,6.063506239322003
12258,4.944910409709962
12259,3.8607840160132514
12260,2.6241914606495813
12261,4.1526987031429785
12262,8.119355696267004
12263,6.218476972918092
12264,5.294119919661904
12265,6.606433222723227
12266,4.9840402845562135
12267,5.812048868268648
12268,4.771732066846108
12269,6.7464711573547556
12270,6.655974769029128
12271,3.4406372390315045
12272,3.926992646890236
12273,5.652498171205625
12274,5.395464615041732
12275,8.614000288463071
12276,6.143638907141883
12277,7.138801671479996
12278,4.152590901910714
12279,6.8245641063516365
12280,6.188303666683834
12281,6.180823207472056
12282,9.175727261383633
12283,4.3018681919893655
12284,5.848907095785549
12285,7.580434246709103
12286,8.129414226992862
12287,4.707829165631076
12288,7.719985276494664
12289,4.09182998477025
12290,4.166916365042901
12291,5.115943614747966
12292,5.168195933445456
12293,7.263282520685119
12294,5.988163943682299
12295,3.355077565910924
12296,3.980443081184858
12297,3.9199159592769797
12298,8.237565735204006
12299,3.9236076269130615
12300,3.792217172942603
12301,6.788475513613632
12302,2.585612551247964
12303,2.1615518694705167
12304,4.1690864472934885
12305,3.878539404095178
12306,6.1861083884872174
12307,9.100348386372117
12308,4.683951665689819
12309,5.3837058974663
12310,7.333869224421437
12311,5.471187971631593
12312,4.917501111158319
12313,8.177645381270704
12314,6.573314718606659
12315,4.0876730231760385
12316,7.799531432302793
12317,5.712096901798569
12318,4.138578231137074
12319,5.317581659201366
12320,5.839361457829277
12321,6.671242116899341
12322,5.564070149170409
12323,7.540561884154892
12324,4.596856121237787
12325,8.087705692939695
12326,4.149143828886947
12327,9.211600095947633
12328,4.963775155603736
12329,6.808756859093191
12330,8.277530156701935
12331,3.917929537588573
12332,5.82665520708803
12333,6.886796136386809
12334,8.035359564785214
12335,6.408774782410789
12336,6.147533765768208
12337,3.1309640561640637
12338,5.866030719400758
12339,6.728319814993138
12340,6.437986678614778
12341,7.168380548208345
12342,7.21472597280573
12343,10.0
12344,3.306813300345747
12345,2.220768951653691
12346,4.663698075362834
12347,4.121111462785259
12348,7.652707745691686
12349,7.32346309787296
12350,8.922376636461173
12351,8.992147719465976
12352,6.320158572480687
12353,5.595914100748109
12354,6.965681488676651
12355,6.7359453436368
12356,8.924515458038492
12357,3.7676276971102025
12358,6.41174212948146
12359,4.840874064907404
12360,4.642767721110576
12361,6.068084151173365
12362,4.72859401218929
12363,6.700922060426292
12364,4.8881891544983365
12365,7.86916134174041
12366,8.176171826444914
12367,3.8602764541349077
12368,4.484335383601891
12369,9.04960844743524
12370,5.063030798255693
12371,5.60115640418908
12372,5.549017041661621
12373,5.87889011681567
12374,6.7150748059800796
12375,7.549906677616363
12376,8.958500527319295
12377,9.414617312783507
12378,8.965082202220021
12379,6.375391530232147
12380,8.228118505109359
12381,4.417043681975972
12382,4.838176105266077
12383,5.840244668416513
12384,1.0708995075354408
12385,4.258102660665168
12386,5.253461814672226
12387,3.9741091678690275
12388,3.1865347123830823
12389,7.115312288194025
12390,4.399706525302796
12391,4.832508774858545
12392,7.355317866287946
12393,5.488277004140849
12394,2.9869082082002167
12395,6.129286725380293
12396,8.857137476181087
12397,7.179268785591736
12398,6.368589099273924
12399,4.818121870443833
12400,8.329755707532536
12401,3.676507779008971
12402,6.91280572955455
12403,6.104810924067761
12404,5.893632139461791
12405,4.040595550531999
12406,6.2763231416706295
12407,4.926892982969899
12408,3.7540017614638588
12409,6.2291696811349935
12410,4.318906633192369
12411,5.4424202998199425
12412,8.816699085830825
12413,8.404474766183647
12414,5.824009341761051
12415,6.551802314097722
12416,4.109067578819839
12417,0.9049435862386922
12418,6.141102391848514
12419,8.802182923182588
12420,4.8826939400605704
12421,7.419807473267924
12422,4.912679437743581
12423,8.300061416452149
12424,3.2747495488260756
12425,6.793250038441574
12426,3.281435087498059
12427,7.9945041442059726
12428,7.572927464738674
12429,4.731292636805386
12430,7.709398712449364
12431,3.928173041742909
12432,6.035015185354421
12433,6.340563665791844
12434,8.835817571805958
12435,7.885358368337622
12436,5.132451240698969
12437,9.948883227466805
12438,5.470763240141702
12439,6.245338539863797
12440,9.469515349597119
12441,6.870335834001189
12442,4.446897549711357
12443,8.235337707862719
12444,6.2707886791509475
12445,6.41727318801673
12446,5.388725474097853
12447,6.815415101412165
12448,5.885462365210921
12449,6.587492476468187
12450,8.49587838251441
12451,9.11683067825086
12452,5.792292502828929
12453,7.465113866616289
12454,6.877516010290314
12455,5.159840559850886
12456,4.516642037931407
12457,8.479091249290084
12458,5.899477735281053
12459,0.3059735638980622
12460,5.94312156673556
12461,9.451642533007822
12462,6.040454116006373
12463,4.406342241168102
12464,7.492628763696811
12465,6.837591527795744
12466,5.438076491380628
12467,7.631227986234727
12468,7.504859493133148
12469,7.936118394330883
12470,6.430255758334329
12471,5.263202582879785
12472,5.29663764539537
12473,5.580425936893366
12474,7.814089255769672
12475,3.53611257777534
12476,1.4873453929236389
12477,8.653363951961703
12478,9.243925302775903
12479,5.470771456671882
12480,7.630801795354749
12481,4.828560524253327
12482,9.695374073008272
12483,6.436696674114348
12484,5.0156769650822195
12485,5.1666160394011325
12486,5.994030197201146
12487,6.365729541809046
12488,6.352014330991454
12489,5.270560876888569
12490,6.937404568020295
12491,4.612858312661001
12492,6.163841183055626
12493,5.667139700466881
12494,7.518715187314997
12495,5.943361322990797
12496,8.203486783664111
12497,7.435130286878538
12498,8.400804423656126
12499,1.8711531521813984
12500,3.3337398922700854
12501,4.065034981793139
12502,6.582739856638798
12503,5.581443211773694
12504,3.8908023040340014
12505,5.033672661765868
12506,0.9507752894003517
12507,7.313789068401623
12508,8.196510786588314
12509,5.2501941163367
12510,6.918309175419024
12511,5.591552193595395
12512,9.37997967769983
12513,5.97573319109626
12514,5.4622766393448
12515,5.8517415779047
12516,4.355929077670978
12517,4.403662187570368
12518,5.640422816626906
12519,5.855247012408701
12520,8.05181419891561
12521,5.059234252462497
12522,6.411332542694888
12523,4.212800181683078
12524,6.41384594065865
12525,2.2101863468083662
12526,3.8578421841358304
12527,6.856545154510059
12528,6.7272889302744
12529,5.484214303481847
12530,8.783355716957905
12531,6.191035541033002
12532,4.584611516371698
12533,6.514584288119931
12534,4.193277767055405
12535,6.858672721338332
12536,4.249602003012345
12537,4.567902182496513
12538,3.2925953450934493
12539,5.27182857765454
12540,8.335784997059907
12541,6.965106339551951
12542,8.750281671211713
12543,5.718587995221977
12544,9.377631098584546
12545,6.334476273042121
12546,6.5582164490771
12547,7.216697475343739
12548,8.177993003065499
12549,6.1435585672480215
12550,5.493106369526233
12551,1.692416630926169
12552,5.038024183186853
12553,7.198137220657267
12554,2.183667126478122
12555,9.879999987920751
12556,8.37867138254975
12557,8.265939337342054
12558,3.4701927454270978
12559,5.790776219805478
12560,5.181306140193672
12561,8.799587811424756
12562,6.564548425559504
12563,3.5073024942174937
12564,7.728430850839104
12565,6.757234372690501
12566,6.264743702614067
12567,3.7875596235928564
12568,6.150203606934708
12569,6.179673824470544
12570,6.271243579430448
12571,8.673032356582214
12572,5.042094123495374
12573,2.9389139694264013
12574,6.774640565373486
12575,5.7837476207347684
12576,2.520654323238914
12577,5.452999045051132
12578,5.909753661804172
12579,6.508282727841811
12580,6.245513562128203
12581,5.991144937003449
12582,4.125397564811155
12583,5.931299286782769
12584,7.542193087171069
12585,4.039929373868001
12586,7.289337543009342
12587,7.99948441921606
12588,1.9896928899877042
12589,3.325940911193593
12590,8.767217919259506
12591,7.370296246427299
12592,6.39464509566084
12593,6.570882114096913
12594,2.8130799725254385
12595,7.065064554922701
12596,7.781617012673543
12597,7.255488044494783
12598,4.841987636072887
12599,6.204582099815984
12600,4.363309311406948
12601,5.881839634924819
12602,5.70827271281976
12603,8.630069498726687
12604,9.51970659334313
12605,9.676257930330083
12606,6.297362855426237
12607,4.666665750070183
12608,7.247924082904333
12609,4.391896858072373
12610,5.099268732558328
12611,4.557412464975377
12612,5.781255184868198
12613,8.54911110951353
12614,6.455151586306388
12615,4.916051434084987
12616,7.964452597610234
12617,1.949000512153993
12618,5.020966530409574
12619,6.424143739553295
12620,8.294755370871263
12621,7.964044550275037
12622,5.569265164600922
12623,6.7678799261738
12624,6.57736992808255
12625,7.180971302057322
12626,6.189261969734202
12627,5.562626379119808
12628,7.723028873206669
12629,8.330838786561044
12630,7.6892484943524675
12631,5.921059249573406
12632,3.918888338950094
12633,6.74170682137704
12634,4.809949914816747
12635,4.904599335487213
12636,8.387730240310807
12637,7.546167986457036
12638,4.272753652506339
12639,7.2802882609156665
12640,4.607735616151981
12641,6.065447837742468
12642,5.805049457582433
12643,7.417046439143805
12644,3.014501435717196
12645,6.1812693813339425
12646,8.245956428084547
12647,6.894022175489002
12648,7.656918425346667
12649,4.427408118832359
12650,4.250127057495234
12651,4.873762956698265
12652,6.566829079322861
12653,5.960227089961862
12654,3.6377307258137557
12655,4.962667390682415
12656,4.673111865388087
12657,7.035140786643465
12658,8.217713376751423
12659,5.914191491310339
12660,6.114586465087077
12661,3.3447045808246267
12662,6.2571687579509065
12663,5.538333079213343
12664,4.308450477871395
12665,8.45872924813756
12666,4.970770863850635
12667,8.500843272635407
12668,5.463872737341744
12669,6.408055687548592
12670,5.427997956398518
12671,7.725566352690576
12672,6.8283315776334
12673,2.7735057889369026
12674,8.675774359798687
12675,4.449283017810306
12676,7.945723264709977
12677,9.903403039807856
12678,9.077209783868733
12679,6.102589506580518
12680,6.650799412826812
12681,6.691016097557367
12682,7.2863411246755785
12683,6.570244275203763
12684,6.897944107513846
12685,7.348171839852403
12686,7.357183771832408
12687,8.287522718073053
12688,6.047596529331044
12689,4.765401385697497
12690,8.904079422344216
12691,6.019299520252483
12692,8.188321402834351
12693,7.918117924897382
12694,5.400959858274661
12695,4.763920922719781
12696,4.575748528137798
12697,3.9667669817257676
12698,8.021609963024817
12699,6.400842847195851
12700,7.931795985691194
12701,5.428333763170819
12702,5.266936820233788
12703,5.94828919240045
12704,1.5507210040484924
12705,3.2429933874632924
12706,6.733334404576555
12707,2.590264790949236
12708,5.826118373487359
12709,7.782054759899049
12710,6.684065654381937
12711,2.0172645403083127
12712,5.3364764919235945
12713,5.703562017694323
12714,4.2447763492199035
12715,4.927075795137725
12716,7.64546701556561
12717,6.056305422694697
12718,5.241194665702937
12719,4.742742128076867
12720,6.045000238065944
12721,8.777752255629121
12722,4.70337189476462
12723,6.416015114783149
12724,8.353244920137552
12725,6.340390827865235
12726,7.093168251104406
12727,4.7304929626230825
12728,8.494487569534256
12729,3.8883245214542974
12730,7.445625512701413
12731,9.084279730012044
12732,5.358063329730131
12733,4.34548988712629
12734,6.717828376169801
12735,7.242212658331918
12736,5.751054932397353
12737,8.343798878283053
12738,8.13684306984881
12739,8.58453674008861
12740,5.128096343558729
12741,2.3000451486001054
12742,5.971811049336769
12743,8.606775342246422
12744,6.342319475710652
12745,8.747066270709583
12746,4.136991645101854
12747,5.688348333425552
12748,6.214484471753919
12749,4.044516832594076
12750,4.758507378795266
12751,3.948909498006295
12752,7.077514611452251
12753,7.811173445127337
12754,3.28082169106285
12755,8.809298314117616
12756,7.197930780867313
12757,8.479546656685276
12758,5.5481129346139255
12759,6.56166529051071
12760,8.392594662430223
12761,3.6019753792938123
12762,8.734307762574746
12763,2.0728177157253027
12764,4.7618634370470625
12765,7.012056287182021
12766,8.179371995773048
12767,5.186739271371715
12768,5.539535238131949
12769,3.940360991504252
12770,6.321197340711722
12771,6.544121315656222
12772,2.8889120428972057
12773,1.4758265061549116
12774,7.693770273767742
12775,4.980923866925596
12776,5.0928785204869484
12777,6.938412861565507
12778,8.03791320878085
12779,7.988984831846871
12780,7.377246165620257
12781,3.614166560881745
12782,4.816407166542876
12783,6.87238372896343
12784,6.35093907745291
12785,4.543660759217873
12786,6.687543830063475
12787,7.609151145273308
12788,4.178564039397573
12789,4.419758715024514
12790,8.641842998314175
12791,6.189292952854122
12792,8.358387585518832
12793,7.385604058757226
12794,6.75079131492188
12795,7.12255254130206
12796,8.145878013158796
12797,4.58110668728604
12798,7.487081101063472
12799,5.960312010714421
12800,3.2292027169444752
12801,5.940468793060549
12802,8.763954893866815
12803,4.000101749425177
12804,5.60609931747404
12805,2.872516251035412
12806,8.473124329087437
12807,4.383931806960499
12808,4.837792731521437
12809,4.765393477963085
12810,5.651172533581773
12811,7.509745859227564
12812,8.718550201408613
12813,7.7531552737005285
12814,7.938070998421962
12815,7.4748896873365664
12816,6.428254704996638
12817,5.195067588770487
12818,9.126054171759709
12819,4.773890411920216
12820,8.43112475680541
12821,3.300096931607607
12822,5.904115429438193
12823,4.8695644789345724
12824,9.626722296927278
12825,9.292428592680912
12826,8.495148904726882
12827,6.402508889031575
12828,6.406215574165748
12829,6.280288598438406
12830,9.13036125245573
12831,6.266926683934489
12832,5.26861452980593
12833,7.673701533873857
12834,7.2805180910347005
12835,6.321315305342842
12836,8.835574138391841
12837,4.937148688973687
12838,6.589593845658323
12839,4.23334564031095
12840,8.757970637323758
12841,5.060663331934081
12842,3.9558272836777424
12843,6.77344449924556
12844,5.3872717666863075
12845,1.9115874058833549
12846,7.496648978810719
12847,4.148205053167624
12848,4.955788464520183
12849,7.565752558748878
12850,7.001894504230892
12851,4.809188248723593
12852,5.601996335586971
12853,6.223039473415296
12854,2.9746040030778325
12855,5.731746131925401
12856,4.449745479305716
12857,4.604204689217615
12858,5.273643279003405
12859,4.8470629435666455
12860,8.524578834691457
12861,6.882966086781562
12862,6.31604312156105
12863,9.046053791411264
12864,5.139662089934927
12865,6.464784923105954
12866,7.4224222189346465
12867,4.394211362717935
12868,6.0074814879857845
12869,8.78265047302582
12870,4.89009923906115
12871,7.083176447555344
12872,4.372065864745317
12873,7.851805690308628
12874,5.3665115740767275
12875,1.6772145986170544
12876,8.096717051894109
12877,4.722844616253694
12878,5.105269712075353
12879,8.936204778347875
12880,7.176239199051717
12881,9.388496330855672
12882,6.40411464608922
12883,7.7697595974452405
12884,3.8561620870891082
12885,7.75865642397623
12886,8.29008047320311
12887,6.722515405487362
12888,5.276941243176433
12889,8.452676271620712
12890,4.127126652201577
12891,8.483171550088448
12892,4.685710567139494
12893,6.8963295083315606
12894,3.4417416468357396
12895,5.573387254644355
12896,5.819861654351696
12897,4.080384432906339
12898,6.531328399420056
12899,8.160458179795802
12900,1.7434370704116895
12901,7.582120956351108
12902,6.246700968391204
12903,7.462583895692175
12904,4.8169823293228795
12905,9.197892829678379
12906,6.6518716459763105
12907,2.1248986685007916
12908,6.6039904857291445
12909,3.5431377602761525
12910,8.888012655045321
12911,5.783549648829602
12912,3.020524930522715
12913,6.830487438950129
12914,4.718309777368811
12915,5.316960125956419
12916,6.8941740337665145
12917,7.66598014351682
12918,3.5206219782169503
12919,7.229447805693865
12920,6.361409405786262
12921,4.739282036353325
12922,6.724097406993564
12923,5.623960870476513
12924,6.7276019033404415
12925,2.395284118799522
12926,5.431710449186324
12927,6.11843751339859
12928,6.512099147743889
12929,8.305590146438025
12930,3.86377692004787
12931,5.293246453829612
12932,8.351471265633277
12933,8.118271752498357
12934,4.377628281454194
12935,7.710856593863166
12936,4.765620423931185
12937,8.406398181137435
12938,8.053172036674036
12939,7.26588413186853
12940,9.604571894501246
12941,4.043092626272576
12942,3.806071910564921
12943,8.803214434910167
12944,6.449281870095762
12945,6.056472785207108
12946,7.015349341378638
12947,5.39273073071475
12948,4.724908842231636
12949,9.055092859731284
12950,6.521407668486898
12951,2.315004661531417
12952,5.712299209480209
12953,6.235780747451242
12954,8.943930210331512
12955,2.1702050447893475
12956,5.304877034972103
12957,5.908236051593927
12958,8.768077596985593
12959,3.4713529585140153
12960,2.415274460829111
12961,7.3732122296995275
12962,5.3673909904829635
12963,5.240458443665721
12964,7.858493054750981
12965,4.526847654271135
12966,2.8764124345479023
12967,5.441271961870914
12968,5.02985967871146
12969,4.979045068267542
12970,6.137036765160195
12971,4.507609352633961
12972,5.572465468358079
12973,6.890149700276375
12974,3.0191478694007183
12975,5.439516332238244
12976,7.272637441962733
12977,3.0891016518690537
12978,8.33396451107477
12979,7.969769856194739
12980,4.896236291606266
12981,2.9051428082408384
12982,9.865877439232278
12983,6.407463881525202
12984,4.896374426503478
12985,2.8352821521674736
12986,7.856368170141196
12987,8.26702971732353
12988,7.446685799796447
12989,4.174959727198385
12990,5.899626128993761
12991,4.4948148086097515
12992,5.311274751765003
12993,3.970223274391002
12994,6.781561374878233
12995,6.830835492026342
12996,4.542363542722357
12997,7.1841871444126975
12998,6.464696031599862
12999,6.277909153129644
13000,4.521635313485924
13001,7.778213992788343
13002,9.57909134115185
13003,4.853495397500138
13004,8.996367872228754
13005,1.6317604981278648
13006,3.7913821474947347
13007,5.072238715639061
13008,4.298455328782136
13009,8.580771815005178
13010,4.819400272749636
13011,7.399787678160808
13012,8.007077394388377
13013,5.240551826508784
13014,5.296448298061249
13015,6.0848045949529315
13016,6.747139352566822
13017,5.927711168757479
13018,2.511978532114113
13019,4.632019324263009
13020,4.76287611826511
13021,7.110465344984538
13022,9.196878292617228
13023,5.86159277246879
13024,5.343969575148705
13025,5.729641266774411
13026,5.276602357268199
13027,7.3246678980849875
13028,7.906273657675841
13029,4.779946515659525
13030,4.8409324155853275
13031,4.731939819735324
13032,3.2604008398634314
13033,7.001151285926721
13034,4.303836620185309
13035,7.688705184105191
13036,7.2200551991718696
13037,5.348846475212971
13038,6.961546266397248
13039,6.594556044888717
13040,5.162934426354434
13041,3.0120885031513507
13042,3.8695395438820617
13043,1.6619937750716025
13044,5.551696521470893
13045,4.764100442859361
13046,5.257036719311811
13047,8.66352359527218
13048,7.684362781920289
13049,6.894549654457764
13050,8.40134593043818
13051,4.347377776521494
13052,6.649369900776561
13053,7.009259858420571
13054,8.998813190240043
13055,5.23565972837994
13056,3.536814710690417
13057,2.0588191480013363
13058,6.49305059298075
13059,5.9351146290327925
13060,6.045589786965565
13061,4.474048643591062
13062,7.200522493684723
13063,9.159638659028893
13064,1.7423286596060765
13065,4.318940393793142
13066,6.865758753095983
13067,8.94180225655019
13068,7.2491595075627275
13069,7.397307434292653
13070,4.297913252589842
13071,4.52375676199752
13072,6.033575533450932
13073,6.449538835358203
13074,4.0601048976112235
13075,3.4947995748051253
13076,4.8194118677064735
13077,5.786901103646161
13078,6.497814990007057
13079,4.1898300984724415
13080,7.559117176459551
13081,6.089908513517256
13082,4.314428673748131
13083,3.440101338590366
13084,5.0938270998926765
13085,4.403394958498577
13086,5.645507163105934
13087,3.365960497536223
13088,3.1091097623420842
13089,9.022784196756806
13090,7.791902622403535
13091,8.002391962949673
13092,7.515509992320458
13093,6.122130312952787
13094,2.9550807232654233
13095,5.568764145143513
13096,5.844508330957752
13097,3.888342441778841
13098,6.265611135051184
13099,8.564144117337477
13100,4.226738691840608
13101,5.883157063786274
13102,1.362983655336316
13103,7.0879546053694025
13104,6.822542592764322
13105,6.83653716301199
13106,6.215369815249618
13107,3.6282324899177216
13108,8.358056867189589
13109,5.557742862606642
13110,4.676988877240297
13111,5.683587676054452
13112,7.349943544024253
13113,5.941619049447656
13114,8.726265733744281
13115,6.3688898566478915
13116,8.075084195864399
13117,1.8565486564178295
13118,9.671162556632853
13119,6.437939434626235
13120,3.017370731453712
13121,5.566367497705471
13122,6.711775009714878
13123,5.777351670049214
13124,4.076786248041313
13125,5.470374012866714
13126,4.339877037529787
13127,2.1090704555004947
13128,7.796521749861938
13129,4.676479547898585
13130,7.4565453938202815
13131,2.068363116516257
13132,5.965014596824905
13133,5.174854835391457
13134,7.272082198637951
13135,5.087297949784792
13136,2.242329394761538
13137,6.975518760777434
13138,6.689983721142962
13139,4.882025537614689
13140,8.870638141075531
13141,6.539122637213527
13142,4.515659006876345
13143,8.2082774461981
13144,7.725012494266167
13145,6.075127224106655
13146,7.0863444611625885
13147,6.5787431280301485
13148,6.2087994677991025
13149,7.454763618959144
13150,3.8984882508649528
13151,2.9458096701113847
13152,7.137770633895158
13153,3.570407470605941
13154,4.5794171052912365
13155,7.23549952077064
13156,4.995342519683437
13157,4.6715684396901205
13158,4.930349132639566
13159,6.639089574263055
13160,5.618912608124183
13161,9.859681618614593
13162,8.231401627463969
13163,4.376910501388483
13164,7.461317643860835
13165,3.900256334176698
13166,2.7376985747395404
13167,6.3056656210447946
13168,3.6315615978880316
13169,5.47124596831064
13170,7.80579230806625
13171,7.062935243092824
13172,6.207893368199708
13173,9.456965804166916
13174,6.305987374583639
13175,4.526912078697296
13176,5.65558823188937
13177,7.691198260775273
13178,3.5164408523509105
13179,8.542034050989358
13180,4.617258194264172
13181,3.5816032205701878
13182,8.135033186023374
13183,5.708785920090048
13184,6.46746550123702
13185,7.2883672221487465
13186,7.849955643906412
13187,7.255406658703144
13188,4.582771946093967
13189,4.402139984949448
13190,5.809972350789888
13191,3.1010830770575457
13192,8.53045523510357
13193,7.64962869765233
13194,8.392513867339368
13195,6.057994277330474
13196,5.527464973360351
13197,6.024211896529449
13198,7.489626965276484
13199,6.113379895210518
13200,9.117346442140834
13201,2.6606244438390187
13202,5.165263586849059
13203,6.786599904976422
13204,4.610273626144657
13205,6.0754683572530706
13206,4.354654691357453
13207,3.3063131342731196
13208,4.235848489487412
13209,2.6793651149422537
13210,2.7607365577826934
13211,2.698293407096898
13212,6.918517817636417
13213,6.865552773061989
13214,5.127664546621918
13215,2.9116651927831776
13216,6.055658151298488
13217,6.212810758074555
13218,7.768755236420066
13219,6.047571185327607
13220,6.462270194131801
13221,6.215105421209949
13222,9.400466154217265
13223,4.805372197922711
13224,4.1235027013246155
13225,7.878386588799159
13226,5.853901269147371
13227,5.457099691400543
13228,8.762011861241705
13229,9.1766176387906
13230,6.325264479863932
13231,4.458686697056393
13232,7.603121303372728
13233,0.37733178395373157
13234,5.31009660716426
13235,6.600794479404298
13236,6.329055175048496
13237,7.376765412641189
13238,5.592452510168155
13239,5.202053507592117
13240,3.590607804074966
13241,7.741675185750832
13242,4.913906580858359
13243,6.819928306056676
13244,6.083694957002528
13245,5.055849474398961
13246,7.2203484655350625
13247,8.321705590799288
13248,4.836580301310121
13249,4.665836956570752
13250,7.969568392391145
13251,5.475350134086027
13252,7.8922923467225825
13253,5.615058163382848
13254,3.3292080168917764
13255,5.498167540833254
13256,6.731253434041143
13257,7.196687509453006
13258,8.154582250075725
13259,5.265967738200108
13260,8.675403256543177
13261,9.434433159594706
13262,4.271822025566386
13263,6.426193022675333
13264,3.3531593409043126
13265,5.546485053603737
13266,6.632819983004663
13267,4.0529978917354
13268,2.7510936529923335
13269,7.067011044391639
13270,7.566183028277011
13271,5.149287257710437
13272,8.509675493436777
13273,7.740614963072426
13274,8.271967734773268
13275,8.037656714776414
13276,6.3973974559699025
13277,6.892377506569452
13278,1.1153468458789093
13279,3.7987547649450057
13280,5.08888003336517
13281,6.234283318106591
13282,5.465485464340583
13283,5.31231801861481
13284,4.946947870549765
13285,6.971443603438836
13286,6.540247747560688
13287,6.774763264938138
13288,5.208117766133924
13289,6.904383695785839
13290,8.7448014586062
13291,2.777860542947003
13292,4.830736179836282
13293,3.7608633945835135
13294,7.0190468578966865
13295,7.712366278008433
13296,5.7527531898359054
13297,5.71518710303608
13298,8.3691033539365
13299,5.585373175505646
13300,6.2829954486206985
13301,6.176007176658571
13302,4.714102760643531
13303,7.120207772993959
13304,6.030077257923386
13305,4.316501295092232
13306,5.968270449078322
13307,6.934366906953231
13308,4.6267596525085
13309,2.8562668821520107
13310,3.1235390120541546
13311,5.6587828311735375
13312,0.8703335536556605
13313,5.511483205273803
13314,7.578924946707193
13315,9.093149019799316
13316,4.769068793719707
13317,3.414214041288454
13318,5.188836010854528
13319,5.741886540877117
13320,4.966630334379257
13321,5.980344192776709
13322,7.364663814115052
13323,7.8308519716143685
13324,7.03250129401013
13325,3.123123783584282
13326,7.990823778863301
13327,7.041675356914324
13328,6.62220377946039
13329,7.41949394385176
13330,6.782334208224506
13331,6.196351858580028
13332,2.0376414056473346
13333,5.292076872874889
13334,2.4872957886843254
13335,9.925970123420498
13336,1.6299862015536613
13337,7.037919454236755
13338,8.377205135013078
13339,8.51685623580238
13340,7.992221484255129
13341,9.043761280712438
13342,5.613181394684078
13343,6.0842695947414995
13344,2.799152980692148
13345,3.4201171364547127
13346,3.9755657286149644
13347,8.914603000706865
13348,3.9018196254006057
13349,2.881981971081216
13350,3.353135093164979
13351,2.4768230900686654
13352,5.383579709305016
13353,8.12080555773061
13354,8.153254036634607
13355,3.17332805032312
13356,7.204680571566075
13357,3.9207145312468947
13358,7.966209580043272
13359,5.519870563518107
13360,8.22595009469272
13361,6.560964244313668
13362,4.155276571349037
13363,6.893812684167733
13364,5.3614109623374615
13365,8.342958040446067
13366,8.334035307003912
13367,5.104666492659747
13368,5.672147227226711
13369,6.5465890389523675
13370,4.2660293397804265
13371,3.474360057935323
13372,3.7309047836590574
13373,8.086601734977855
13374,6.683849976141391
13375,4.319391635647185
13376,5.017974872347293
13377,6.558743983239826
13378,8.721306676524577
13379,5.073490482414266
13380,2.419647625706725
13381,8.87308336752672
13382,4.108745101262042
13383,7.4788800767489585
13384,3.4442755033841532
13385,7.7312161498183585
13386,3.0916070621795546
13387,2.900036203359946
13388,6.267935662656191
13389,6.095554618077951
13390,8.469490372354656
13391,6.548417067330267
13392,8.254434696312256
13393,5.410475391165728
13394,4.631585398722615
13395,8.941367219846653
13396,8.779991679317744
13397,8.041688766861094
13398,4.77167186769889
13399,6.9315634614006765
13400,7.830923443559934
13401,6.217862255177157
13402,4.2130909796848295
13403,8.436604921971206
13404,5.874393748424749
13405,10.0
13406,4.205800856784246
13407,3.285773626006227
13408,3.813368184997762
13409,7.5210933113661
13410,9.281401926488579
13411,5.321605792186604
13412,6.161985448380429
13413,8.739469966614136
13414,5.464554214219699
13415,7.005439165409904
13416,8.400614628926757
13417,6.139401287371862
13418,6.556786321700701
13419,6.9826601884234565
13420,6.764229993941023
13421,5.030156413281718
13422,4.85447247506244
13423,6.443551673812468
13424,8.544234267248125
13425,6.6361073827936305
13426,5.59902422501999
13427,6.49758513039885
13428,5.4181249499391555
13429,4.194765371405733
13430,3.967392852990971
13431,7.926794528396296
13432,7.782133818459573
13433,5.295952847690242
13434,5.713423199383745
13435,5.980131416910115
13436,8.75757135834393
13437,1.8930296652538061
13438,3.191522999033824
13439,10.0
13440,8.109896680709852
13441,4.301910366555517
13442,6.728113923571017
13443,5.657168671217405
13444,6.056025441756399
13445,6.829869731697026
13446,9.078869290524429
13447,2.1973949414704554
13448,2.8490351626186463
13449,5.558409198155483
13450,7.696831976873206
13451,5.589064016141496
13452,7.415376096949232
13453,5.180255222943493
13454,8.445255759621666
13455,5.0661808949004135
13456,2.6789872434611026
13457,8.037156645998168
13458,8.048143122825387
13459,7.298627186876428
13460,6.345967883178875
13461,4.289021814256155
13462,4.375212122451073
13463,3.219168896117845
13464,4.097623320759952
13465,1.3103580082296749
13466,7.962692747902944
13467,3.982115122614297
13468,7.065461783931751
13469,4.988156903118781
13470,6.2549325794078
13471,5.268330972150646
13472,3.7915218933492945
13473,7.307735590421434
13474,4.87476129078797
13475,7.387758005231697
13476,6.71501820849235
13477,3.9887834783226417
13478,3.1436543742214638
13479,5.105524171023726
13480,6.449480746985276
13481,4.933705222578428
13482,7.519499260083423
13483,7.604251803131525
13484,5.928171940531482
13485,7.108956357688131
13486,5.692529323729064
13487,5.023705693980294
13488,3.2617871845718582
13489,2.3140631796704456
13490,4.415000311531836
13491,5.935882779364123
13492,6.405540513610678
13493,7.5596178098485325
13494,4.086944676665252
13495,4.6566361600943456
13496,4.902536816838563
13497,6.082935248955791
13498,6.53139429557382
13499,7.40254310914248
13500,4.722177654444387
13501,6.768242299943259
13502,4.880358008513463
13503,6.817961601663214
13504,8.358196150413674
13505,4.637964671213595
13506,9.262293629201883
13507,3.6682994450438238
13508,3.3592173971529835
13509,8.195163270907088
13510,7.570337850607301
13511,3.87444576123098
13512,6.916457937090522
13513,2.792450770812687
13514,8.352632895176248
13515,7.667161914266812
13516,4.368544009914888
13517,5.7330884026924
13518,8.99096399350873
13519,8.474492043502917
13520,5.987864918373555
13521,5.35234519758048
13522,4.331273229282975
13523,3.783798549952774
13524,6.364775292315926
13525,6.0156881808099705
13526,3.4880751012057556
13527,4.269137165921128
13528,9.272791637419017
13529,7.349091213500384
13530,2.015455691570961
13531,6.653538294049875
13532,6.9022415428366
13533,2.7220688491966265
13534,6.035702096452335
13535,2.896507098515639
13536,4.776543538920413
13537,4.827778467254271
13538,6.2817378381211535
13539,3.967745170189745
13540,4.90938372601816
13541,8.811175822940374
13542,3.489819933537807
13543,5.351779328313914
13544,5.1765267762990215
13545,7.551811134092349
13546,7.701041487516984
13547,8.160007561538167
13548,4.198528135534175
13549,2.878208641418216
13550,4.899019784005168
13551,7.557186264303883
13552,6.671342890671311
13553,6.433344886356799
13554,4.410942099914164
13555,6.790055246902471
13556,6.252363604173271
13557,9.772747525654967
13558,6.8479292677464
13559,9.254660163502555
13560,5.589154453519367
13561,4.286364550051545
13562,5.183059412094923
13563,6.669452427881894
13564,6.543150633063301
13565,6.3104169285795955
13566,4.358195720715766
13567,5.459955490182548
13568,5.46133686853479
13569,2.6635732840897153
13570,5.12768762669109
13571,6.170247030077613
13572,7.048450495284849
13573,7.258441946378227
13574,9.310601014808048
13575,7.940297321863427
13576,6.060693784057337
13577,8.905894398262866
13578,2.592812925051968
13579,4.3152815846854145
13580,3.76809446837615
13581,6.097361659125869
13582,4.555229792693587
13583,7.8342109482919255
13584,7.232843644758908
13585,8.832509259999982
13586,3.317490610994467
13587,8.048455853088646
13588,1.4718575082965464
13589,8.475232257468829
13590,5.386762578121079
13591,6.141105289112354
13592,8.836421798572475
13593,6.183616446229299
13594,5.3179365660296085
13595,5.530131532772254
13596,8.380168659242344
13597,5.110237438714582
13598,6.705294690399928
13599,1.5847522231936977
13600,8.784721289958373
13601,4.753151289389538
13602,9.438470315888011
13603,3.297554829931525
13604,7.642419723293171
13605,8.228293862915287
13606,5.845169140469606
13607,4.693648682264332
13608,1.8353496840042058
13609,3.416247001179304
13610,6.158790333737993
13611,5.4100743254986146
13612,9.603500086634568
13613,2.1452348595166684
13614,4.868648974696764
13615,4.743279741524383
13616,4.4451455000479125
13617,7.19965249640063
13618,7.822299048861846
13619,5.895958349083771
13620,3.438459110329081
13621,1.697288963361561
13622,6.225726348984877
13623,6.237453386355095
13624,10.0
13625,5.169811634374974
13626,6.147592340186853
13627,9.436737378148672
13628,4.829269337392484
13629,3.6255793567792445
13630,3.9362301032524356
13631,8.496208960900038
13632,5.130395682974239
13633,4.701273964569897
13634,6.835851269817215
13635,3.856471966064349
13636,6.153467444644497
13637,7.2827496828762115
13638,4.663033421822767
13639,5.08011019093129
13640,5.683259945219264
13641,7.412566061820594
13642,7.281829736501497
13643,6.797905588226803
13644,3.3768639691130358
13645,3.7473597711339686
13646,9.26270372231956
13647,3.798133005229159
13648,9.018216852850856
13649,4.86820017550054
13650,5.397208997831326
13651,7.436025380722871
13652,6.596911832388277
13653,6.66900339773847
13654,5.655818297888547
13655,6.530674472884395
13656,4.407176066941993
13657,4.103342274624211
13658,2.9120468655281346
13659,4.9261651118639564
13660,7.6358895381932745
13661,7.374763130035767
13662,4.686462818550945
13663,4.890026638517077
13664,7.125922660030505
13665,7.141803328391008
13666,6.759354695365544
13667,6.90776045877507
13668,7.247018665839035
13669,2.7607477957177617
13670,8.222400759998049
13671,6.337402524809437
13672,8.907267569628889
13673,7.122367529278059
13674,5.3302772508187015
13675,5.799192860784631
13676,7.2914705563658835
13677,8.86399186166496
13678,6.530271673585817
13679,3.6369417176531167
13680,5.022416984205642
13681,5.5891331395321755
13682,5.196922709164782
13683,7.571519460125063
13684,5.408264673832449
13685,6.736009141154989
13686,5.670296162262906
13687,7.252349257257939
13688,7.059838789410596
13689,7.64229808827637
13690,7.331886548858152
13691,8.746727628220738
13692,4.415903053190196
13693,7.126259236418595
13694,5.314034809727786
13695,6.221856202581968
13696,7.7524941178754885
13697,8.083950120987089
13698,5.215657278497337
13699,6.136279733150354
13700,5.207597914368265
13701,3.778005669478118
13702,4.5805060485501645
13703,5.84265247460607
13704,3.3508978534857166
13705,4.441006644994154
13706,8.425158795644696
13707,5.657966736915904
13708,7.68067932671962
13709,8.570956286366332
13710,5.454423635511006
13711,6.749948934021004
13712,5.205888588970377
13713,6.401331139509735
13714,5.063962291050166
13715,6.612666517606917
13716,6.13088879145109
13717,2.379967049258222
13718,4.347169709055579
13719,6.940229439672484
13720,8.074780717515356
13721,9.121485679596457
13722,5.032239675580731
13723,3.4052639429006275
13724,6.885345838108415
13725,6.306967012181543
13726,1.944324865463752
13727,6.575050964514879
13728,4.185508895644443
13729,6.716464513643398
13730,8.43345879451174
13731,6.503066588270094
13732,4.24183625637026
13733,8.628839074808468
13734,2.396149423085479
13735,5.115709410294518
13736,8.054195781786266
13737,3.389440324610066
13738,5.219691322859085
13739,4.7941210616362815
13740,9.411255701635513
13741,5.687118560639715
13742,6.637657148532199
13743,7.6755271676679655
13744,5.953805102363482
13745,8.166929555350418
13746,6.760106974036097
13747,9.132605022518327
13748,5.918536620149895
13749,5.194328423694308
13750,6.079535065830901
13751,7.691179767794815
13752,5.262043302327607
13753,8.599049393977355
13754,5.364637790837223
13755,6.0672296980174085
13756,5.368959502541183
13757,6.840575163257401
13758,5.241433465106276
13759,7.274450490278965
13760,8.475014298179303
13761,9.387669780901293
13762,4.812872820811798
13763,6.67659092880495
13764,5.8671445147436625
13765,4.111637749016213
13766,7.798361222513519
13767,4.154252700066471
13768,5.339981791274575
13769,4.136951777493535
13770,6.576108727991161
13771,1.1797761474935526
13772,7.124684712963539
13773,8.092890333126537
13774,9.149914799416855
13775,4.726786079850037
13776,3.3831198625889045
13777,6.801367227499645
13778,7.799254781745637
13779,7.484976438606167
13780,7.524892087496393
13781,6.010566199341293
13782,7.6972985722021035
13783,6.585456504703285
13784,9.404138044985029
13785,3.7597121243721325
13786,7.108808392536346
13787,6.95766724137118
13788,5.654661349571002
13789,6.155076681318517
13790,5.232974195502329
13791,4.971247245029316
13792,7.1585586473072595
13793,5.588404322290791
13794,4.916749437526682
13795,4.942393497856445
13796,5.241341752728226
13797,4.683628823467407
13798,6.475510669544052
13799,7.182582832488398
13800,4.835863721314557
13801,3.6765109529242332
13802,5.68298740024056
13803,2.4628721270126275
13804,4.243292519043026
13805,2.8440160741343337
13806,8.26192833552611
13807,4.271153696816752
13808,5.518532485416533
13809,4.3375879416935845
13810,6.851462815160219
13811,5.588192159316438
13812,7.066518061301652
13813,8.105693724474946
13814,8.35513858897203
13815,4.0554548975300175
13816,8.368175359355522
13817,3.81613730105621
13818,6.332270567101571
13819,4.945049532727142
13820,8.191017736545168
13821,9.261280251209595
13822,7.084495740095316
13823,6.551749242100241
13824,6.3568352237511805
13825,6.64690601630053
13826,5.280752341145973
13827,4.826937872816312
13828,5.9930188934891415
13829,7.6760439391279665
13830,3.5569068021585144
13831,7.6127536752043055
13832,7.8923360871714445
13833,8.1284990596568
13834,6.308728720320582
13835,2.666557933533811
13836,4.381648491996365
13837,5.823200967596638
13838,8.526905760245556
13839,5.8552159781655995
13840,5.4573043723184975
13841,7.913907832708686
13842,8.381053463000915
13843,8.252386751143815
13844,8.767764581224082
13845,9.577950031233696
13846,2.071785130758029
13847,6.537507810968293
13848,6.485428311015246
13849,4.9783541801714595
13850,4.763428272087209
13851,2.470793265292049
13852,4.72618687512456
13853,9.632799674216862
13854,5.242147933088093
13855,7.048330115366024
13856,3.3900826746080988
13857,7.417664632082845
13858,5.379612215669402
13859,7.685346796105132
13860,8.986043985214776
13861,5.517419632676535
13862,4.673839626494556
13863,8.673692635609948
13864,7.102294899492941
13865,5.762915862052065
13866,6.801072286222613
13867,4.311400626761692
13868,5.1728028786885325
13869,8.196410540495833
13870,8.759104195894125
13871,9.082846770111585
13872,5.869235097291549
13873,9.528778861869638
13874,7.439777862779183
13875,9.119795541778366
13876,6.747460389737681
13877,6.30570598260563
13878,6.307752380637242
13879,5.464390573453287
13880,7.55977091431177
13881,5.729291964390084
13882,5.883007394007075
13883,7.753350162548144
13884,5.678162664884024
13885,3.530397823492801
13886,6.19394857579646
13887,7.073662918770498
13888,8.252591480375113
13889,7.854907303761171
13890,3.0043249532658045
13891,7.277385310875732
13892,6.259608173526359
13893,9.352745760407785
13894,7.0765195619999055
13895,6.492200288342429
13896,5.805165655014769
13897,6.667862569367423
13898,4.713016156645493
13899,7.530550376145013
13900,7.007893040584742
13901,6.7375582452051805
13902,2.258071892410406
13903,7.033299386587759
13904,3.0857199829756805
13905,5.530745849663456
13906,5.948094900867546
13907,5.550059059143128
13908,7.22048906635795
13909,7.797141353428695
13910,6.580419831544835
13911,8.048057413288797
13912,2.5910799422031023
13913,7.337741277668463
13914,0.800699837960692
13915,5.738152698655309
13916,7.367772478630286
13917,7.760972177799198
13918,7.804430066152757
13919,7.210271081394823
13920,6.444100463033421
13921,2.7603781243993097
13922,5.243686697051289
13923,8.577798362131233
13924,7.055020110994356
13925,5.41743944708321
13926,7.5787929843660935
13927,8.280692573781407
13928,6.700369071543847
13929,6.6221133451226635
13930,6.262167185157345
13931,6.912749684112319
13932,6.869221152482291
13933,6.280837627117311
13934,7.236734901063372
13935,3.1724720989405357
13936,7.228944868820188
13937,4.066732504672196
13938,2.7936706963489226
13939,7.156927788378459
13940,6.705839818235199
13941,4.455682909663066
13942,3.9166126308913416
13943,5.0726941332562365
13944,6.864019138425054
13945,6.581191150756719
13946,6.461168626976939
13947,4.606488125408543
13948,8.377220789434478
13949,1.4939423216920327
13950,7.37657840712403
13951,6.939167815821239
13952,4.618543515608096
13953,5.055004338076116
13954,8.125908666969769
13955,4.1320325889252185
13956,1.8046405719776901
13957,1.9205549769812702
13958,8.218817380372585
13959,6.197168941193337
13960,5.247356431450803
13961,6.928280124908326
13962,5.652184029447262
13963,8.137782983433336
13964,5.386642024771676
13965,4.665411901778865
13966,5.1680566782094175
13967,4.394049142961419
13968,5.955181667482385
13969,5.674189543233293
13970,9.450820889110615
13971,6.2697441572624975
13972,8.758560174052388
13973,5.786044972563435
13974,1.626698194508231
13975,6.38038810076227
13976,7.36012235123699
13977,6.124183942637061
13978,7.263136890422883
13979,6.484981106675589
13980,8.689895897367546
13981,6.532156780277703
13982,5.207102347331234
13983,4.9204786617435206
13984,3.3015144105609555
13985,7.490328158936028
13986,7.80735680361796
13987,7.28518336588014
13988,5.655922515237262
13989,6.500097376678849
13990,2.238267185869305
13991,5.334520393676449
13992,6.782518447448283
13993,6.827052473743714
13994,3.526273419881425
13995,8.124187469504417
13996,6.064250102070914
13997,6.796890154442792
13998,7.274585527115362
13999,4.3929795957754445
14000,7.897454559931651
14001,9.123940090998092
14002,4.958453304931804
14003,8.879486718425841
14004,7.531964293436872
14005,7.173288839107615
14006,2.8833198856452196
14007,7.91332699627313
14008,6.656466185109646
14009,3.3361951540455186
14010,8.352623295313377
14011,3.4735339868514776
14012,3.58427931512473
14013,6.632568284011099
14014,4.265976376646118
14015,3.2114900619720683
14016,5.578763929299569
14017,5.81177726985977
14018,6.012603736270229
14019,8.296969196233443
14020,9.00076200899224
14021,8.405783558742456
14022,7.24940943084303
14023,7.162829654477436
14024,5.041883424213108
14025,1.3576225868582108
14026,5.981473814779536
14027,8.571149347574549
14028,5.966894933943699
14029,6.013161340982725
14030,4.728053836225873
14031,1.9719529747194475
14032,4.57302120849744
14033,5.702533241620766
14034,8.052024954896485
14035,4.2484897159703765
14036,8.41166318098482
14037,7.566128920785466
14038,5.835922147831823
14039,7.5969598987200415
14040,8.303354453671535
14041,4.772013842143567
14042,5.1965705237689335
14043,6.182439860784718
14044,3.1984301371712824
14045,4.067438066454263
14046,5.136298342985224
14047,4.260550124847905
14048,8.304683239467467
14049,6.3421893037078
14050,4.806612280305999
14051,7.758540075206687
14052,5.879236644536551
14053,3.1947916631465705
14054,9.11638520247765
14055,7.068418989570466
14056,6.704568939025741
14057,5.232792915028515
14058,5.08570162483203
14059,4.492213597611582
14060,1.2470378188063156
14061,3.941081388824801
14062,4.5436159089622175
14063,4.3685450015488225
14064,2.2739705039446565
14065,1.5195589790229147
14066,8.944535767631125
14067,1.8971560004149595
14068,4.541916172445684
14069,6.492323072679018
14070,6.805368682029438
14071,4.859281215335775
14072,4.871194157642931
14073,8.075162765874335
14074,5.299961982917263
14075,4.861987164861994
14076,7.175899350049247
14077,3.55501724340135
14078,7.24436651688866
14079,6.213467393766433
14080,3.873108931691361
14081,7.527073128983702
14082,5.980267134841084
14083,5.319025029481483
14084,2.891813741006664
14085,5.847688628240116
14086,5.524481321045217
14087,8.246909551600073
14088,6.2585298541992795
14089,6.109785224733368
14090,2.2297396036937394
14091,7.179237771524789
14092,5.636957650024977
14093,2.8797145019485773
14094,4.203025388083959
14095,7.2002952455807945
14096,7.425239249850817
14097,6.080139636828599
14098,7.151277322568994
14099,7.749035773940811
14100,7.269681243695643
14101,4.648405888272606
14102,4.368586316705866
14103,7.459069486794739
14104,6.5733976781806795
14105,5.262254305181564
14106,5.710621398796981
14107,5.734851038971588
14108,5.105144487550837
14109,7.257849210770125
14110,4.684691911549698
14111,2.0347802571722204
14112,5.932269880700757
14113,5.037357150303571
14114,9.979476895417621
14115,6.380244045084827
14116,6.5040769395224185
14117,8.308349872997322
14118,6.945116827563123
14119,6.256961242276994
14120,6.286108269886242
14121,3.5012429516658847
14122,3.7815895392652146
14123,4.836852788627177
14124,5.158883881019682
14125,8.03606192806833
14126,7.127081605256157
14127,8.232641417445052
14128,4.738343143118414
14129,3.0919701945595377
14130,3.860934882651549
14131,5.994624974400191
14132,7.363982634539331
14133,9.930632877923225
14134,6.527443420244785
14135,6.058299134744321
14136,6.398776530090864
14137,6.386236619831031
14138,4.334754130278376
14139,7.626484028096805
14140,8.753910317756299
14141,7.284657633816269
14142,6.40126278545813
14143,6.270011931299227
14144,6.38361880655837
14145,7.803478395585903
14146,4.293671520134739
14147,4.891536556897096
14148,7.660404238095482
14149,9.575034768949962
14150,2.9325242389870154
14151,5.401725001593249
14152,3.0568014185730803
14153,9.627530245957312
14154,6.4322311828494945
14155,7.2419919870255525
14156,7.793874951550722
14157,5.951145642664018
14158,7.092403690783486
14159,5.223584854536964
14160,3.711458374701357
14161,7.040686728032147
14162,4.483821285109233
14163,5.0737797759320635
14164,7.781236493338275
14165,6.152004921385628
14166,6.909706616821631
14167,9.004337078474679
14168,7.006940366411564
14169,9.269339867242657
14170,6.311739340186034
14171,2.4123762328195455
14172,4.006314267794658
14173,6.598824570244677
14174,6.513024238777949
14175,5.237749399336443
14176,7.631001475914591
14177,8.471608639111157
14178,8.098865389551236
14179,7.116228495954998
14180,4.874758222165174
14181,8.74423853865441
14182,5.515222742024735
14183,7.659546451308766
14184,8.382727475125447
14185,5.517286124237763
14186,6.340610961380286
14187,6.063338008338379
14188,7.022894562560496
14189,7.155659348999682
14190,6.17610272387628
14191,8.179113261637271
14192,7.197108898328046
14193,7.370834912800366
14194,6.778318360073245
14195,4.849264671308192
14196,6.706792836617652
14197,5.831674027406815
14198,5.435888020285689
14199,5.494444129641496
14200,7.960252311791144
14201,4.0142623391399495
14202,4.39866822475819
14203,5.857715937547572
14204,2.9127596052172553
14205,8.594345719823904
14206,4.993358105081278
14207,4.1322176565184625
14208,6.608420855790357
14209,8.943877461085666
14210,9.215506005407509
14211,6.309045532023668
14212,6.722353672699652
14213,8.46916930263088
14214,7.8665595260115975
14215,2.6972753582589224
14216,6.723723426841843
14217,8.945218825585597
14218,9.244345458413797
14219,5.531820280994263
14220,8.407288057478707
14221,2.6553200636632512
14222,4.821875842776531
14223,5.300451337534034
14224,5.547778590986853
14225,7.387713266324582
14226,2.206862725921554
14227,5.978168363612286
14228,6.4208129064517445
14229,5.930648529500415
14230,3.555890241044416
14231,5.250878164226406
14232,7.243179071962563
14233,5.271264132421544
14234,5.666606286657647
14235,3.8363668132185533
14236,3.714139385725426
14237,3.5441662555332827
14238,7.119653347944954
14239,9.0733574145443
14240,4.544090960853251
14241,8.247045519455936
14242,5.032735067050754
14243,3.576011118163829
14244,5.516092563021753
14245,5.4993211785533616
14246,7.338638922722444
14247,5.165814175680497
14248,6.604300487171685
14249,5.3185441147650065
14250,9.096173482431015
14251,3.3526066047951897
14252,3.5229919319878746
14253,9.910515178783005
14254,6.971046444987016
14255,8.100966181020121
14256,5.477419711198366
14257,4.445057101331205
14258,7.840915824202923
14259,6.093363963417252
14260,1.987968412983721
14261,7.502860960159453
14262,5.402430467136815
14263,1.8627236235603066
14264,9.495835428409798
14265,5.4162573429253795
14266,5.552369070491513
14267,5.590407260631233
14268,4.5843038805355665
14269,7.297571544154438
14270,2.707280278631223
14271,1.782406201026658
14272,7.406128139571002
14273,6.899296938034805
14274,6.427710922471159
14275,1.7773006284700568
14276,7.509848640787235
14277,8.194999437810027
14278,7.840332914427346
14279,7.205313395161105
14280,6.2401108916374515
14281,4.813016061712374
14282,1.9310604546952717
14283,4.622098537850738
14284,6.705711545746818
14285,3.9673841536791583
14286,4.627193066702554
14287,8.690701282658383
14288,5.22646352232422
14289,7.887030105152544
14290,6.818469703115781
14291,5.93109968797679
14292,5.9944823747349165
14293,7.650679861002109
14294,6.276327275443559
14295,6.603509597564052
14296,5.8263355518427975
14297,5.104488666930568
14298,4.825895153084172
14299,6.232657670448743
14300,8.379554390482113
14301,5.358091366680992
14302,6.417373837074655
14303,6.735529505654976
14304,2.2963279292578864
14305,7.050397701580985
14306,3.2578214631421174
14307,8.280215258966242
14308,3.4406973369884484
14309,6.235083707839771
14310,3.8835592441648012
14311,7.78892326703692
14312,4.416681552446985
14313,7.613322146775674
14314,3.589666826588406
14315,4.261246274236559
14316,2.7677775586089433
14317,7.671338307788883
14318,6.393658791759342
14319,5.792257249766461
14320,6.410728840117833
14321,7.175113648194896
14322,5.944641287741936
14323,4.497160565835776
14324,3.665174816178542
14325,5.346296970578324
14326,9.671528103096795
14327,5.065297319432248
14328,5.579703073452866
14329,4.508815073997021
14330,6.799467508279531
14331,7.981046331378937
14332,8.364175708106725
14333,9.109093143374354
14334,9.62916491099645
14335,6.494871061604648
14336,5.70397111969373
14337,4.169766033011962
14338,6.732778729349915
14339,7.652069559999734
14340,8.960386784622067
14341,7.092790377662791
14342,9.304357347819808
14343,7.223380883622807
14344,6.513650557749916
14345,9.589576317920132
14346,5.549532959583082
14347,5.242146575597662
14348,6.566385370624387
14349,4.21891347374045
14350,7.105872162211365
14351,4.3639301291304236
14352,8.214720398183209
14353,4.7691668296626
14354,8.481403884914034
14355,6.478667209318893
14356,7.67383052128603
14357,8.319477432985945
14358,2.7277066353310055
14359,6.906669154641162
14360,7.851313503686465
14361,8.371571108672976
14362,6.3624822165919435
14363,4.752513848254691
14364,8.467863334295181
14365,3.0093137218012487
14366,5.625649704361498
14367,6.7044424402334135
14368,5.257978682165461
14369,5.036128732427187
14370,7.51602773390448
14371,4.5223555419975705
14372,7.42109180217372
14373,7.598695667317121
14374,6.708376042522532
14375,5.726981729951936
14376,2.2420564706360038
14377,6.077930498669548
14378,7.158796373271681
14379,3.764410895033556
14380,6.729260441231402
14381,8.796875939946101
14382,9.128110756143307
14383,7.5046360901308455
14384,6.945242286616309
14385,9.314048437141928
14386,8.951451204090496
14387,7.150767729844441
14388,6.925289549874521
14389,3.6505760188158627
14390,6.251818912587992
14391,7.456346190157508
14392,7.240497675637658
14393,2.510082720225926
14394,7.813580099324262
14395,8.684822769908946
14396,5.279619282255927
14397,7.205319147022669
14398,5.2288045568548585
14399,5.5319217849555775
14400,1.0845402710023488
14401,5.625983728357185
14402,6.092404846039191
14403,7.836609810235709
14404,5.804610105998535
14405,9.148149361554095
14406,6.435601391485964
14407,8.252451255650724
14408,7.705117490330142
14409,6.370460217159793
14410,8.073783958183872
14411,7.727667391940558
14412,6.674811126856425
14413,3.121096100294415
14414,7.481320203708108
14415,6.813771293149764
14416,5.629559332248292
14417,5.670833882808657
14418,3.58127388198629
14419,6.3108244060980105
14420,5.2863959698221805
14421,7.991636108507059
14422,1.2172751386326721
14423,4.329317758669963
14424,3.379812873213799
14425,7.167554988583574
14426,8.310132934435241
14427,5.520086052468072
14428,6.407107610087789
14429,5.8011319672617185
14430,7.383926853763891
14431,3.69764970508139
14432,3.2022759304489448
14433,7.167661841583546
14434,5.367882763969591
14435,8.570695322421601
14436,8.061500723986914
14437,7.514343666166076
14438,6.810382692898496
14439,4.93784982150709
14440,5.9180927148123645
14441,3.7040065646117504
14442,2.7662951439607415
14443,7.750773206797636
14444,5.521594369391909
14445,3.4422241958210322
14446,1.7252321680512523
14447,8.151422323942205
14448,8.292004312361447
14449,3.354519074844969
14450,2.7427928481660855
14451,6.429408031601428
14452,3.1263336462675912
14453,5.060666101195537
14454,8.561648266961612
14455,4.061963402240076
14456,7.640846374921575
14457,6.888219535920012
14458,7.153275746343003
14459,3.8072310572420327
14460,3.634229965176888
14461,8.876208041859222
14462,4.065105632598851
14463,9.435441723899785
14464,5.369908366976549
14465,7.2343250431712995
14466,2.2157001732441
14467,3.727765173939023
14468,5.373774374384425
14469,6.679187733908907
14470,8.923787885298864
14471,4.853749258936402
14472,8.862649712616427
14473,4.661583575668167
14474,5.220517814614039
14475,8.930960682108779
14476,4.300610059096894
14477,4.490592643819671
14478,5.769374415180429
14479,8.014739291332416
14480,4.763238863600234
14481,4.5040152044259045
14482,0.5984226968026081
14483,3.846738496635032
14484,4.919067028202181
14485,9.287384214644378
14486,4.894181352793779
14487,9.259510105390294
14488,7.450868672538288
14489,4.054035546709762
14490,3.285154553203964
14491,5.603132462470077
14492,5.78581097253442
14493,6.417113508802264
14494,3.458116905316171
14495,1.6515294246891634
14496,1.9786819897870207
14497,3.97250142694036
14498,4.243716597630156
14499,9.43979078213032
14500,8.201769528996216
14501,6.375991719634076
14502,6.132780878630212
14503,1.6439146768041788
14504,4.786293952218117
14505,7.342448510789993
14506,5.190854252735204
14507,7.509610178533597
14508,6.709595159151379
14509,7.8682805603081665
14510,4.629123338980074
14511,4.845185261222726
14512,6.023064193285433
14513,9.219072923294858
14514,5.942878185950311
14515,4.442814655654132
14516,6.852091265364612
14517,4.1855666976940356
14518,3.407253480956467
14519,6.109673366333182
14520,6.251892591228538
14521,8.298925640040546
14522,7.479450882336161
14523,2.504518429709645
14524,2.348140019097927
14525,3.115268252339577
14526,4.292098608768268
14527,6.9220321729480645
14528,3.488138746527806
14529,5.555409609198948
14530,6.691745577573101
14531,9.079792947887933
14532,6.485550777966864
14533,8.396382733112944
14534,8.722721007790218
14535,3.2975820632780466
14536,4.865717805699572
14537,8.169579568329027
14538,8.154731419727108
14539,7.279254397579822
14540,3.795967440120828
14541,8.169411116558592
14542,7.777256004400941
14543,7.240014720455897
14544,8.235846834526146
14545,6.2984128450930665
14546,3.705951537528369
14547,4.486700486896234
14548,4.866416698158196
14549,7.21206994268863
14550,5.271936672324026
14551,6.023019412191843
14552,2.1516808546412256
14553,7.153040595605011
14554,8.201080170824815
14555,7.308957138681605
14556,7.091882027370119
14557,3.644697881178131
14558,6.037294205468961
14559,5.930181233426984
14560,8.053412363361412
14561,6.837821666120433
14562,1.967681007284098
14563,8.707780397552803
14564,6.049608915364007
14565,5.480748568603461
14566,6.592718304989246
14567,3.450702850076988
14568,3.4694706261873463
14569,6.433098070484569
14570,7.475184950451449
14571,4.071782328617444
14572,6.097056861026364
14573,7.958793033850945
14574,9.049179988148483
14575,5.511946937881506
14576,1.857084092211128
14577,4.360151987580028
14578,5.980525031420067
14579,4.375454886684311
14580,7.290756807878329
14581,1.0235063135061577
14582,3.5918787137078203
14583,4.745843495804367
14584,4.890271976804942
14585,6.908396182982104
14586,5.184704299800644
14587,7.351303172080271
14588,4.002693789836581
14589,5.769624784988188
14590,8.91913109829873
14591,4.3593481265405
14592,5.488578405176932
14593,3.7821976276158247
14594,8.898119004024052
14595,1.853415851531967
14596,2.8566524229518366
14597,7.9059480543683245
14598,3.4855056231805275
14599,9.024175117650541
14600,4.3393849236985735
14601,5.6744370377992475
14602,6.992731865137726
14603,6.729462108901633
14604,5.908206006654499
14605,6.292390687253214
14606,8.597680543155528
14607,8.363080848282536
14608,5.680473389529645
14609,7.390429095203816
14610,4.425837592975239
14611,8.185595944751547
14612,7.538519524239494
14613,6.616735685631183
14614,4.331175825505271
14615,7.518379499871328
14616,4.04831095190512
14617,6.341789659449517
14618,6.719421734314993
14619,4.806430155910522
14620,4.497561134115261
14621,4.965102724502306
14622,7.498418381927925
14623,9.472742087285368
14624,6.132943259855211
14625,8.447681709875585
14626,1.9965214010595775
14627,7.368687605281172
14628,7.414665946903858
14629,6.618248948721938
14630,5.751984298530264
14631,7.765721831912604
14632,3.5593904947085586
14633,4.537272400544075
14634,5.035923675003579
14635,5.505395345330711
14636,5.739935353131826
14637,2.853223606070032
14638,5.982057399724816
14639,6.413093159043141
14640,4.899447991874777
14641,5.6107681496288935
14642,4.910028501298792
14643,5.480621354040749
14644,7.737362387905839
14645,1.405420006813037
14646,5.492506922591469
14647,3.686445476721456
14648,7.460812782999776
14649,1.6378457550033663
14650,7.500819771935646
14651,6.258024409457868
14652,5.872504442667643
14653,2.527508579905072
14654,4.1524873751808435
14655,4.59080643595578
14656,6.32246330211337
14657,6.0711132574794915
14658,5.233527677164539
14659,8.296636138849076
14660,9.227343137949108
14661,4.681842110006436
14662,3.6951384992747083
14663,6.640743563224451
14664,8.87765260686128
14665,7.808721762520001
14666,7.97121299548972
14667,2.783746677825886
14668,8.429520324600881
14669,7.729644943071257
14670,4.819237547770326
14671,8.482234536677089
14672,8.93930704710758
14673,6.794933503203438
14674,6.043220617195023
14675,6.936503003209545
14676,4.471251658655282
14677,7.263561989808351
14678,1.3126340659703024
14679,6.89924799479057
14680,6.598480585078467
14681,6.079174141074962
14682,4.7028127233328325
14683,5.162664849437123
14684,3.6131778959716243
14685,6.211261983061126
14686,5.371410757484222
14687,8.262072070592588
14688,9.781736685690136
14689,4.89210644874907
14690,4.512602850814552
14691,4.423427214670236
14692,6.219139469594609
14693,5.28921523022432
14694,4.774945508256444
14695,8.281063474352312
14696,4.143802310421126
14697,3.1852526517816373
14698,8.65886434148688
14699,3.947692751942342
14700,5.216451499028676
14701,5.830462475515034
14702,7.107355325193128
14703,3.8262446423800336
14704,4.750289916871426
14705,2.4428211311494046
14706,3.280862847518492
14707,2.560951487984799
14708,6.0079158730849676
14709,3.8733595251492567
14710,4.362211631054895
14711,8.120739241325467
14712,5.320771899908769
14713,5.871639807956453
14714,6.315344783551269
14715,4.931493530805039
14716,7.402914547364531
14717,4.398500703181964
14718,3.2054043348047503
14719,5.803677038243466
14720,6.934039725405947
14721,6.4046798101447
14722,7.889500371522865
14723,4.434514173497031
14724,9.342523453546583
14725,5.929180095396853
14726,7.910374961331975
14727,8.57732817091076
14728,6.527566902678274
14729,2.926877751658573
14730,4.668524080981483
14731,5.672744868328344
14732,3.3745862619038607
14733,5.294857091286316
14734,3.8382794386995793
14735,2.0073862061705126
14736,7.478833072466088
14737,8.15715544946589
14738,4.177232839908225
14739,6.387090725155138
14740,3.394650749068513
14741,7.101972675036791
14742,8.20177154538839
14743,0.7078351108681098
14744,6.114964547491854
14745,6.971915416082772
14746,5.3714159529065695
14747,9.014057349523718
14748,7.1961794031566635
14749,5.898415290633487
14750,8.530847483347214
14751,4.180734089661151
14752,8.521621157014932
14753,4.704329315827181
14754,7.0436574740227424
14755,4.9742349651181135
14756,4.706186579957613
14757,5.454364280323923
14758,8.197183817228973
14759,4.395111798763141
14760,7.1852081787930295
14761,7.184576722873599
14762,3.0978501351415146
14763,7.8731177386063145
14764,7.483558552617252
14765,2.9878048156286017
14766,1.5840625859951354
14767,5.30368806802146
14768,5.67429879125698
14769,4.0720438231904055
14770,7.5705378356500095
14771,3.238082892897905
14772,5.165099910557669
14773,6.140637620640198
14774,4.885756381553685
14775,6.0201890607211626
14776,9.246198080877425
14777,5.974836775066346
14778,4.623032849437806
14779,7.421174632411517
14780,4.8018097636390165
14781,6.533084749270573
14782,7.577204389459417
14783,6.814173646085995
14784,6.296341157657542
14785,7.71205610339841
14786,7.793577941245574
14787,6.622923822164456
14788,3.8364249974819797
14789,6.216184115793722
14790,7.087405736798653
14791,7.27258449544104
14792,6.1668938974152
14793,2.009799410280541
14794,2.332501379470743
14795,8.445228643953307
14796,8.0820085990921
14797,7.6958711573266125
14798,5.471540854817743
14799,4.902387302625491
14800,8.399906621558973
14801,3.1902081192189247
14802,2.1423848532973597
14803,8.782797407073547
14804,5.219013114401219
14805,8.415481028150996
14806,7.284788019079672
14807,3.917377040675131
14808,8.452703334776954
14809,5.829965055731432
14810,6.825654576401518
14811,7.160823640524972
14812,7.7723075853492745
14813,2.423097321557163
14814,4.591262927490816
14815,6.415768044623663
14816,5.064724519992392
14817,2.1004022913257834
14818,4.399602612546741
14819,4.989166309959495
14820,7.935210543416382
14821,4.544638463698813
14822,7.956011328958844
14823,5.512036502679528
14824,4.895165053465875
14825,5.046298695959631
14826,4.249678745372719
14827,5.82943156581416
14828,5.073531604687452
14829,7.433973909834019
14830,4.579261680386066
14831,7.9729273228847894
14832,5.997534954231024
14833,8.037035864878627
14834,3.9642978172374654
14835,7.459370970160718
14836,6.0592444711372835
14837,5.96759425166874
14838,5.028452395287528
14839,4.4542299207200555
14840,4.562830123750384
14841,4.330724750305023
14842,7.879705466822529
14843,6.468809141542695
14844,2.3776912692541217
14845,7.02277575523819
14846,8.47154455617279
14847,5.876493640507898
14848,5.717755850519793
14849,5.320925165311855
14850,6.279758760850882
14851,8.857959789313668
14852,2.3108844852315498
14853,6.984836002079818
14854,8.231909979558093
14855,3.0830269376485457
14856,5.658421908879288
14857,4.461511588742694
14858,4.904899276575917
14859,3.8671077278504713
14860,2.3730440610944687
14861,6.573260669262671
14862,1.2985439598939261
14863,7.737934016895766
14864,6.411945913039941
14865,6.929183165454752
14866,6.976002338413741
14867,4.419953796612828
14868,5.9850936341460965
14869,3.3675014748596315
14870,3.9401758728810194
14871,6.99262689632483
14872,5.350254244887117
14873,6.885491451665352
14874,6.8664711896072195
14875,2.465702413618514
14876,3.562025534195497
14877,5.898603393243148
14878,6.524886177360244
14879,8.655857275653855
14880,2.104248669824812
14881,6.733931173924117
14882,5.240062540771704
14883,7.295792251703622
14884,4.29556384958839
14885,4.749992849407254
14886,6.555213514650384
14887,4.888789079555047
14888,7.4682786772442755
14889,7.846571108228672
14890,3.0066905109056856
14891,7.366007482806194
14892,4.836695198173736
14893,5.322871946175148
14894,4.802675377854376
14895,7.993244946355739
14896,3.3649942078186776
14897,5.612277118769429
14898,4.518950727249978
14899,4.5914916689047685
14900,4.060320989317626
14901,9.576456785457527
14902,7.106250538850387
14903,6.7471137814105795
14904,6.804588787264528
14905,4.998087271873636
14906,8.416356192774545
14907,4.6392811911315
14908,6.084237213151376
14909,6.918591362289671
14910,5.404819004073754
14911,7.137097629871388
14912,4.762389148538484
14913,8.648965102094708
14914,6.120229077627226
14915,7.57134038472183
14916,5.773430515929559
14917,6.938707783642398
14918,1.920405451208033
14919,4.906702830772892
14920,4.986981375718195
14921,1.434115176215814
14922,6.135685341000055
14923,5.91116637095615
14924,6.230745287420161
14925,6.811660663818636
14926,3.447928788729958
14927,4.489949218257525
14928,6.618392604776357
14929,7.283065953853226
14930,4.386493754520913
14931,7.608184768704391
14932,5.4732413574268355
14933,9.432647326646222
14934,8.774710453939605
14935,4.575911850006338
14936,7.911321984995797
14937,5.658791335715192
14938,4.941931842388405
14939,8.371197816221942
14940,7.967873420576201
14941,7.289135435718557
14942,7.537234406649971
14943,8.460531224641388
14944,2.8186047419964853
14945,9.340520692596797
14946,8.061874185031202
14947,5.5071243548504025
14948,5.501938182232194
14949,4.823189291814353
14950,9.497605520765587
14951,6.705263871046507
14952,7.086463808732659
14953,5.931894786697471
14954,4.488117323765721
14955,4.241207543512933
14956,7.3554094547563675
14957,7.505535793345111
14958,7.536467904760088
14959,5.876643702977581
14960,3.4290049972020835
14961,6.135563781457693
14962,4.939586400310858
14963,6.973184250876
14964,6.435695423255917
14965,2.9122426102048657
14966,5.617594788159883
14967,6.0039865965133465
14968,3.998131181051968
14969,8.508436266700299
14970,5.952172229310504
14971,9.44893133592422
14972,7.282321994638886
14973,4.915758854951507
14974,5.999607039075452
14975,9.493703588047854
14976,5.541087692773984
14977,6.100760066890606
14978,5.794489876004962
14979,7.902797851278453
14980,3.8900837323577164
14981,4.169512725666101
14982,6.60817537569817
14983,6.986526845872699
14984,7.023292196205107
14985,5.622190657336153
14986,4.758070332394724
14987,6.708938018592146
14988,1.9081907384718746
14989,9.324553074897782
14990,4.2264191503482404
14991,8.544378357005236
14992,4.2723293542869
14993,5.23939044147914
14994,3.699673178369106
14995,7.816803108111433
14996,9.222656088425676
14997,6.522817588852086
14998,7.266483711822691
14999,6.033673010673575
15000,5.33884467091794
15001,4.8867901286424145
15002,6.869856260149818
15003,4.730881071770367
15004,8.96319938236048
15005,7.800199032013672
15006,7.2900349061007255
15007,3.3274403362745097
15008,5.857572446102633
15009,5.361063104577512
15010,0.0
15011,7.082277533790408
15012,5.893171629173013
15013,4.917917095993966
15014,8.43800721100825
15015,8.21247816927998
15016,6.446202736382107
15017,2.6774591459461945
15018,6.718033890494013
15019,3.332973111349158
15020,3.584629812262731
15021,8.642963042521682
15022,7.352732997352213
15023,4.231349682296381
15024,7.318579314981814
15025,6.7983515146311
15026,5.736963902713519
15027,7.8173897191475765
15028,7.960552029829801
15029,5.549096558987392
15030,8.851603348114159
15031,7.179612352481268
15032,7.389549017881504
15033,4.83365381541812
15034,5.475300856400733
15035,5.3152474654114314
15036,5.8701747155613475
15037,4.338369871614413
15038,8.830674973751485
15039,5.226372957076142
15040,7.369133070800533
15041,5.854413341479134
15042,7.4020261973768084
15043,8.267700669311298
15044,4.894020275876379
15045,6.853658283806247
15046,4.999626305032969
15047,5.6183582626574
15048,2.644454021567591
15049,0.9189325764709313
15050,8.821551125746343
15051,4.950180224824632
15052,6.514548554487419
15053,5.3161726927798965
15054,9.459280607200348
15055,9.222513928608134
15056,6.1344722938118315
15057,5.399745992798695
15058,6.760653256906865
15059,5.732128500014541
15060,8.19922349199239
15061,3.9963477246643193
15062,6.602165914175554
15063,8.314982559140693
15064,5.591600232395011
15065,7.747651614327981
15066,5.732343119832795
15067,8.599203490643205
15068,6.517547956880182
15069,6.315361976684876
15070,7.668267758296706
15071,6.194019094878927
15072,6.892681702869194
15073,6.643037009294825
15074,4.984162506010506
15075,6.020095076149439
15076,7.788764562553121
15077,7.276766393698116
15078,7.152876878987178
15079,7.603054449007993
15080,5.907084261703573
15081,6.545914872266148
15082,7.533425579210398
15083,6.374388949183938
15084,2.217170059934643
15085,3.9266495346470403
15086,5.533505499132212
15087,5.108246673549093
15088,8.020313612130785
15089,6.83887036718637
15090,7.247002035117235
15091,3.351987112941492
15092,6.541991355840912
15093,3.1399240952524416
15094,4.034277310990662
15095,5.438990635591426
15096,7.335581347204835
15097,5.905630932313644
15098,7.133703615870663
15099,6.195242410049707
15100,6.116097064256798
15101,7.048724160646825
15102,8.109004145835474
15103,6.393834284609343
15104,5.15466460486268
15105,2.5369279510006644
15106,4.1416817526297365
15107,6.679095652540381
15108,7.6237437528885446
15109,4.7277969442463865
15110,4.636234808308991
15111,6.666031377507731
15112,3.3377446345659547
15113,5.571668239458978
15114,6.392557432555443
15115,3.896316263460153
15116,4.693457297087249
15117,6.272898710535184
15118,4.316363645984785
15119,8.646323740546674
15120,7.616811860614661
15121,5.510150568654819
15122,8.93073554644572
15123,4.475406091386208
15124,6.447366093973699
15125,9.579005322350962
15126,8.562084331942563
15127,6.8780246322377545
15128,6.981077277620905
15129,8.159762464746533
15130,7.382876901658147
15131,9.88944330661434
15132,4.854917416656591
15133,4.331351468643568
15134,7.422044634380606
15135,6.398215364989051
15136,6.1187400491655515
15137,6.872395812954726
15138,6.349218450360814
15139,4.562882406250162
15140,1.2241176429013685
15141,8.78460097143817
15142,6.362688931107676
15143,4.827287530108993
15144,6.975083693493974
15145,3.513207953822002
15146,3.261460668514161
15147,7.527446659554417
15148,8.046839080264943
15149,4.420931033551517
15150,4.148839961713271
15151,6.42371373106276
15152,6.581836469374785
15153,3.915527351511686
15154,6.2183887030891825
15155,7.875621634299708
15156,5.414825408250942
15157,5.2665121478394195
15158,6.329280008323735
15159,5.968179148831812
15160,3.996569087970316
15161,3.1309095679529313
15162,8.382823256546574
15163,2.159614106812804
15164,3.3111749519865623
15165,5.165425980097131
15166,4.196095717770912
15167,4.623571115698288
15168,8.367270492898529
15169,4.641600445038731
15170,3.658991094478764
15171,5.940005665444865
15172,8.939165730080042
15173,5.5017432850805985
15174,8.383751083189356
15175,6.92476198870594
15176,4.680995323549229
15177,4.769287647627062
15178,8.550504831717802
15179,4.010357696507931
15180,8.391550934577284
15181,6.205662552904401
15182,4.469980187708831
15183,9.03287192701906
15184,2.919372239717935
15185,7.104308061797387
15186,4.303531722624799
15187,5.538184451180012
15188,5.173285999197716
15189,6.01753688757135
15190,7.94408357574489
15191,8.80316085835317
15192,3.331116838515136
15193,4.896095548639655
15194,5.4816275708762126
15195,7.093054938062725
15196,2.5078433718105106
15197,6.9523954707980264
15198,5.615678195511371
15199,6.893813568876656
15200,9.21382487982384
15201,6.055946665259444
15202,2.222435958922379
15203,3.911179854873542
15204,4.888464725962032
15205,5.908709137202338
15206,4.9411371084886815
15207,7.355504294898645
15208,2.861406212955335
15209,6.718212847711934
15210,4.005328173950829
15211,4.436995114662304
15212,6.939772766760623
15213,7.133409528859119
15214,8.382183765339397
15215,7.806199864749129
15216,4.185432758398538
15217,3.7495442998957715
15218,4.527767259383726
15219,3.732213010915916
15220,6.127357572873681
15221,8.544227745268671
15222,6.915075063573458
15223,5.2056065086853245
15224,6.050016931356943
15225,3.651574901841736
15226,4.3550371665575485
15227,7.485524052410907
15228,4.954494529477858
15229,9.11763827161892
15230,2.872088074050099
15231,9.347186224182224
15232,3.7076916346973654
15233,2.2783470981629543
15234,5.568783418908335
15235,6.704800481136242
15236,7.310945160517356
15237,7.097232994704857
15238,4.014243245807989
15239,7.037967868388362
15240,8.346997130005171
15241,3.1716568612400766
15242,4.009454830000581
15243,3.5259760084822047
15244,4.820226753456508
15245,7.2262918898570785
15246,8.187965069976507
15247,5.508223689075375
15248,5.04754584408496
15249,5.667378554065532
15250,8.89156519774021
15251,8.790450381423012
15252,6.216389409171403
15253,8.819037074725177
15254,6.1974482728027285
15255,3.4051500717365313
15256,3.403347414758937
15257,3.1358921485151425
15258,5.2423806706925795
15259,6.58524081119951
15260,6.517507239930095
15261,5.899510059509427
15262,6.129060006510379
15263,6.01718288887627
15264,6.91846864484039
15265,2.9720130092855213
15266,5.4630888881110415
15267,3.209172140567628
15268,5.877365406133553
15269,7.45307660396803
15270,6.925209437889952
15271,2.9877613756336507
15272,7.634192646587478
15273,5.676240131262363
15274,2.153244921734376
15275,9.03516476969033
15276,3.8699649972506243
15277,6.810866147825857
15278,6.2111902916205
15279,4.222511006097946
15280,6.751764494649032
15281,8.01576681802325
15282,8.088158508902822
15283,5.544194733027721
15284,7.26030508162081
15285,6.694196907560882
15286,4.768447686161618
15287,5.29091731707565
15288,7.942728572836587
15289,6.391256842433493
15290,5.238106269757511
15291,4.022772605379143
15292,4.054325665509686
15293,1.6472328835216192
15294,6.660227305090011
15295,6.498401168443081
15296,4.834607780783135
15297,8.181139597827634
15298,2.0139062134608183
15299,6.6988800132423805
15300,6.183066471263522
15301,9.605090828324968
15302,5.5370690392772834
15303,7.609532286904861
15304,6.710806845127902
15305,7.60449205396162
15306,7.042372788914509
15307,9.495142850071035
15308,5.839463230883163
15309,3.0285849170101597
15310,6.55659843909644
15311,4.949524829811494
15312,7.058723560550585
15313,7.9207963129188235
15314,6.919512411549661
15315,4.9873627554696816
15316,7.144490101515882
15317,4.766988853453899
15318,3.7718856000262764
15319,5.3037830157856
15320,5.828215112897983
15321,7.372036394504844
15322,4.9283693836301765
15323,7.0168177542315515
15324,9.183094149498897
15325,1.2872681128284733
15326,7.4713236653749115
15327,6.734800884848027
15328,6.310774230337344
15329,8.535712620589136
15330,4.31709943014091
15331,9.085922857385517
15332,5.036542118948154
15333,4.944089023827415
15334,4.7498726931029625
15335,6.471748947067366
15336,6.494261635075521
15337,6.515411196355035
15338,5.781214568905069
15339,5.866234662224311
15340,3.3463417801521764
15341,5.5275326815434465
15342,4.913399855025513
15343,4.297426143613138
15344,5.345475474085181
15345,5.29443782446365
15346,6.713659518167097
15347,5.2369069446934295
15348,5.184612712786399
15349,7.117906791205031
15350,7.0807365456582705
15351,6.667309460040518
15352,3.516205144541615
15353,5.035983752202803
15354,2.363690899713632
15355,8.487824828670156
15356,5.082397161193702
15357,6.274937329955248
15358,7.937969764910379
15359,7.211744327211958
15360,6.654063764189842
15361,5.711986840488293
15362,4.6164475082747956
15363,1.129299198949158
15364,5.521614112929914
15365,6.3869961864118
15366,4.484668426190696
15367,7.958818980699652
15368,5.194377541689807
15369,4.97382243843501
15370,2.2326831245390153
15371,4.327029687803726
15372,4.22822622322776
15373,3.176324210445288
15374,1.8965081580803458
15375,8.251395183699511
15376,8.093912555344616
15377,5.653468550138181
15378,4.516581404490765
15379,5.590584399678558
15380,7.895767402822218
15381,6.930099798759174
15382,7.230177594711071
15383,3.9005922986975055
15384,3.705011049453433
15385,5.831314062194767
15386,8.859262533657263
15387,0.23355140660356533
15388,6.693946417370329
15389,9.208577969292891
15390,4.336072961513054
15391,6.11461477715739
15392,2.9303848694008177
15393,4.733396089516069
15394,5.3797675869693755
15395,6.747458507894544
15396,5.191339667970398
15397,6.6966895526011045
15398,2.776407036146271
15399,3.119924046077222
15400,6.0666443705597155
15401,3.236953523522455
15402,6.422216334073741
15403,7.190193250592293
15404,7.802678195255176
15405,9.373428947200352
15406,6.452021799233577
15407,6.023143635605196
15408,3.948329663359858
15409,4.791715521918096
15410,5.431305777261662
15411,7.41801281109784
15412,6.1485520337289605
15413,7.626828673768018
15414,3.458070625867039
15415,4.005375652328272
15416,5.86689411962194
15417,8.812749270232127
15418,5.783077769955025
15419,6.501971688251488
15420,5.3422482715977315
15421,9.938780285729962
15422,2.3702823072023804
15423,3.835443188810972
15424,8.306354472107227
15425,1.4291174327443492
15426,7.178423658129763
15427,7.695534194050275
15428,7.553493519643097
15429,7.471371665338796
15430,6.42089939832679
15431,3.7540997737637944
15432,6.673840939552041
15433,5.483063901527104
15434,6.022753481158755
15435,3.474663725833625
15436,5.635241795151107
15437,4.669563721166671
15438,7.670764237999883
15439,7.745749035897503
15440,4.842115478873421
15441,7.9368762420086565
15442,6.888777668770764
15443,6.995376123765969
15444,6.835419277891385
15445,5.983901449812066
15446,3.799924012901219
15447,5.505932567716251
15448,3.452507748762235
15449,7.865009335293429
15450,4.299606101852408
15451,1.2175798925793884
15452,5.392127680272133
15453,6.166953742478778
15454,4.294323991750808
15455,7.629656009097758
15456,6.284939416514359
15457,9.311720888546933
15458,4.697036203625049
15459,6.683505289072789
15460,5.197227183276427
15461,8.970445139226078
15462,1.1028607243013573
15463,7.389846959568764
15464,6.432286531409521
15465,8.351323386437539
15466,6.09429937682054
15467,9.225200888502442
15468,5.645853701282471
15469,5.426178537483672
15470,4.078001598299835
15471,3.4908869862145893
15472,8.559816573472686
15473,6.654924424450925
15474,8.137159194451133
15475,4.154082719715957
15476,6.006760753264015
15477,4.244921868468544
15478,6.451254304873961
15479,5.075864271784946
15480,7.987891471439433
15481,7.709639742700208
15482,6.446289397941276
15483,1.4035581318195198
15484,9.752178858548508
15485,5.976866126098845
15486,6.5303569745671854
15487,5.142881286114994
15488,9.251860057319119
15489,8.397583291455778
15490,2.9176903779625203
15491,4.509459829428598
15492,4.50723534344716
15493,4.528680216799209
15494,4.141256708185324
15495,4.920213410508363
15496,8.67359673905865
15497,4.396911364672221
15498,4.0503436713843435
15499,6.732114193232296
15500,7.165276307120004
15501,5.0079039190528
15502,8.068740296146263
15503,7.027618076003612
15504,6.856575959965594
15505,5.289010970606253
15506,8.192771604616091
15507,3.9223368578247015
15508,7.387250945351415
15509,4.318983886056759
15510,6.2672946321215255
15511,5.614490988416736
15512,3.224290928683342
15513,5.093695876885367
15514,7.296733590064416
15515,8.106567801439917
15516,4.206215479645867
15517,5.52147328452458
15518,7.034601107764376
15519,8.040145298532874
15520,2.8405894352371344
15521,3.869987751573515
15522,4.38531669843566
15523,2.275314260656538
15524,3.8477920288344327
15525,8.096757385904315
15526,4.437549339037189
15527,6.9426292841581905
15528,2.0793674062168273
15529,6.107291826347061
15530,3.1957779257192844
15531,4.522113842332005
15532,2.470379255372229
15533,7.890512405654355
15534,8.409298926833493
15535,6.516470676215016
15536,4.934324709490833
15537,5.799860029360512
15538,6.186616819361513
15539,4.767260716068694
15540,8.782149014218207
15541,7.097991556400986
15542,5.564020566950008
15543,6.848015757206003
15544,3.581033014851615
15545,4.3108238091731454
15546,4.200060227802942
15547,5.057349458322662
15548,7.575280346468201
15549,3.989293513780073
15550,7.404494221000266
15551,8.052516270230278
15552,5.220191079806663
15553,4.466569049349288
15554,8.579870914635473
15555,5.735758276460078
15556,4.392620404610937
15557,3.7096616707758114
15558,2.158932819121604
15559,6.1685706721604
15560,9.46754060285182
15561,8.073058923888647
15562,7.294313743983878
15563,6.125792593716814
15564,7.751674409988105
15565,5.344769541395722
15566,6.375166991727183
15567,9.18963268188773
15568,6.229809372750467
15569,4.0505004669816715
15570,8.833126505114077
15571,5.943013282274608
15572,3.8657619215947836
15573,6.469091933062269
15574,5.8301647988297765
15575,2.981331813586968
15576,3.246222463390143
15577,8.63354093344273
15578,6.401558648322211
15579,5.924558731824812
15580,3.2338262160586715
15581,5.419012577408841
15582,3.695089896895524
15583,3.8176191445555805
15584,2.616183549455864
15585,2.217825371125592
15586,6.658738971613328
15587,4.310399393409704
15588,7.972940358368204
15589,7.180500374134061
15590,7.217352875709165
15591,1.9794211490013645
15592,5.7821247448873665
15593,3.5902223497979535
15594,7.701540437578477
15595,7.6639848448238626
15596,7.274122181413965
15597,7.759656130648956
15598,8.480164720252398
15599,7.6627441456354
15600,5.678157889207838
15601,5.771451232182555
15602,4.8961778084807746
15603,6.9559108894530945
15604,7.1998259041423465
15605,3.930192098182742
15606,7.61861646580222
15607,0.7786430196748849
15608,8.478357942018443
15609,8.540273707930638
15610,5.410007784742144
15611,3.100398317501654
15612,5.607334447483492
15613,5.002365030430989
15614,5.0221639461901395
15615,7.7395836661409145
15616,5.716513549509075
15617,4.110803533382694
15618,4.973910769888292
15619,4.304677131924083
15620,5.340861104744547
15621,4.556431749177219
15622,8.092196077606953
15623,2.4377502921490746
15624,5.1818484744034246
15625,6.234816913218494
15626,2.494830321867361
15627,4.364457271238974
15628,8.83138461112161
15629,5.705488995670066
15630,4.39255649146059
15631,4.368143247418439
15632,2.8245735774324694
15633,2.8823186702446355
15634,7.36361737071222
15635,4.221841785382016
15636,4.403390323863789
15637,1.3561520940295868
15638,5.371020351328256
15639,6.496728483621832
15640,6.740481303692429
15641,7.489013114866131
15642,6.615031372215423
15643,5.524235651663005
15644,6.877161879690183
15645,5.4087008661651135
15646,3.219456368881853
15647,4.703620928909339
15648,4.30652515096894
15649,4.725988937901561
15650,7.859167746398676
15651,5.841313407333055
15652,4.600511748898033
15653,7.9459430712307055
15654,3.1187776331497514
15655,7.437471914713909
15656,4.248967295431296
15657,6.205854231701364
15658,4.2188469127037145
15659,7.223739034232196
15660,6.440391556113558
15661,7.966647194166657
15662,4.151951353978118
15663,5.271584328522042
15664,8.689441329231082
15665,8.621521165532139
15666,2.673284155397732
15667,6.544741023893618
15668,6.487572056004809
15669,7.213878238971064
15670,2.0954201862780084
15671,6.508972669619402
15672,6.509806739025388
15673,6.938801477133733
15674,5.9065567670892
15675,8.437995903401625
15676,8.638168548044462
15677,4.659550095712053
15678,7.5072428208284245
15679,5.104895903115049
15680,6.307060922859203
15681,6.244162749619183
15682,4.398353182810013
15683,8.747414611637282
15684,4.681361797607535
15685,3.0792946247734165
15686,8.154115980152978
15687,1.153724758285881
15688,9.5757231281564
15689,6.677981636664747
15690,6.104179948303022
15691,5.948688047686484
15692,7.36045487623788
15693,7.128568582706226
15694,4.855661362744177
15695,4.573959658916485
15696,4.3281290952176175
15697,8.471719344684166
15698,3.4322634785984882
15699,6.586571990104888
15700,4.404678725019419
15701,6.179865241415004
15702,9.293666372067655
15703,5.94705093652093
15704,4.214407234896157
15705,4.370922743575281
15706,4.339789920249237
15707,5.9384513267102985
15708,1.8896835631474733
15709,5.98052129866305
15710,5.848371080114227
15711,6.656461180691901
15712,5.221341817610639
15713,6.4118685441584296
15714,4.195059641079282
15715,2.612408081949614
15716,6.35044584230825
15717,8.8256518483675
15718,4.105734530798262
15719,4.854842161340454
15720,6.744870177661381
15721,6.336987669332359
15722,7.152039322997592
15723,8.809385156555166
15724,2.8053849491103726
15725,4.9395024508281775
15726,6.228430616915272
15727,4.688445806585144
15728,6.358383152367868
15729,9.623812106932448
15730,6.6848067992948454
15731,6.0674785859898765
15732,4.622678148450458
15733,5.282534646635446
15734,2.1342383695628215
15735,3.123583523616605
15736,5.52465443064729
15737,4.777930830935494
15738,4.284975037114409
15739,5.415046377560771
15740,3.5206164026567013
15741,1.488153977829064
15742,8.216680118655281
15743,4.471930663683589
15744,6.406551050367205
15745,5.517705720913443
15746,2.500575748555398
15747,6.831746329666933
15748,5.201156946263383
15749,7.253115934262989
15750,6.5377439962967125
15751,3.5874478115842723
15752,6.085960774050995
15753,7.9971869936146645
15754,5.167166803530423
15755,4.756091952974352
15756,3.3152460919746716
15757,4.039094110734698
15758,4.906078133753901
15759,8.28985486813806
15760,4.023238247406842
15761,6.768793521938559
15762,3.434281064283451
15763,2.9427614114688065
15764,3.802166107275906
15765,4.591397156227152
15766,5.307259658834455
15767,3.608519994995225
15768,9.031794087374962
15769,4.66157682212834
15770,5.328087531221556
15771,5.033233560383973
15772,5.3142223271667035
15773,8.360217023485742
15774,3.5434719569332023
15775,4.0536565282266
15776,7.7108906083248225
15777,5.948343126258015
15778,6.700003271320651
15779,3.381997049261082
15780,6.576181439727319
15781,8.742072892197804
15782,3.8559157850260464
15783,7.452748482950652
15784,4.188050284179411
15785,8.219809403675656
15786,4.399499903585802
15787,5.885371982201036
15788,7.216882556514976
15789,8.137269381724037
15790,3.9368470414476815
15791,5.450985555466916
15792,4.515170327652653
15793,7.256206630300573
15794,6.452886958895783
15795,5.847717136737851
15796,5.746943014964797
15797,9.742605022355965
15798,7.0223880370755305
15799,6.100189878753196
15800,7.005195561398255
15801,5.091410642620871
15802,6.780314842419543
15803,2.99539098361251
15804,7.446857386152119
15805,3.5867455614131636
15806,5.336889327449632
15807,7.575795648163239
15808,6.0439422470766875
15809,8.251696972492146
15810,1.3838048241612328
15811,2.501227396822834
15812,6.142140638928408
15813,7.72456942058014
15814,4.611480129674013
15815,4.68609529884762
15816,4.417102122251689
15817,6.14192556995105
15818,5.823049730219744
15819,5.4792343976555475
15820,8.892801205369548
15821,5.360881496028001
15822,5.654582047058275
15823,4.932831479394352
15824,6.529324082850219
15825,7.5850574476357595
15826,5.946064042864828
15827,5.353989413185075
15828,5.374151455756841
15829,7.282881002439918
15830,5.71853468004176
15831,8.684489405869837
15832,3.4851701472466687
15833,5.821918958352766
15834,8.108115434378687
15835,6.639510146666734
15836,6.999002847015287
15837,5.361110115963955
15838,4.492801406882174
15839,6.970629621452008
15840,7.087958595639592
15841,4.520853233994125
15842,5.565900642738105
15843,3.9624637183079403
15844,6.287157567934711
15845,6.540763964265178
15846,1.2861902092446662
15847,1.635966326609261
15848,2.1659765154087527
15849,7.690448091249963
15850,9.632994825755357
15851,4.496205581267319
15852,6.858042577384083
15853,6.5645711329486875
15854,6.36225748982527
15855,6.62230821198983
15856,7.7834119894639295
15857,8.47269922018349
15858,8.950008109029369
15859,3.0527736525233036
15860,4.61193228494169
15861,6.437235588381339
15862,8.213084606500972
15863,8.491218996534863
15864,8.818497172878999
15865,7.501417366263784
15866,7.7934043245480895
15867,6.995613317512532
15868,5.80872061132864
15869,4.51574752157635
15870,4.162170914876777
15871,8.566318120945878
15872,4.953757999331423
15873,4.55394500263964
15874,1.252277987889081
15875,7.215244498822138
15876,9.571520866263134
15877,3.1709055364310346
15878,6.567878203836916
15879,7.260703504150893
15880,7.194376566962319
15881,6.508691599431408
15882,6.909157751839221
15883,7.719331068840804
15884,6.756494006808416
15885,5.327865794651949
15886,5.945279684708788
15887,9.412176492203917
15888,5.2880114482885325
15889,3.416754977169664
15890,5.723929766553481
15891,5.6254910354770535
15892,7.500773113260503
15893,5.739632290711077
15894,3.8657891107152187
15895,9.403682696949687
15896,4.568110887982363
15897,3.545317320247204
15898,5.589586411812255
15899,8.709659637329374
15900,3.180310489227482
15901,7.214410045717009
15902,6.3049272306160615
15903,7.271214686605049
15904,5.1526812566104665
15905,4.822912675786596
15906,9.391489259681057
15907,7.548408844184788
15908,6.112819715995648
15909,9.21053247575171
15910,4.464600107371496
15911,7.414281008257228
15912,5.54868537196662
15913,3.0294622335521333
15914,5.150908040642516
15915,5.621146828989956
15916,8.068916364592909
15917,7.572472453540253
15918,6.6275606476033415
15919,7.444540951044333
15920,5.864657516794523
15921,6.351206268699581
15922,6.386100244741847
15923,3.5598015858150815
15924,2.6734006195693816
15925,7.366910279669304
15926,4.456287164094783
15927,7.3349137526868535
15928,3.4696227553109322
15929,3.7743732969811816
15930,7.0868991884260355
15931,8.15435806542354
15932,3.784290140434227
15933,7.0015044499040044
15934,5.441882100015183
15935,5.436289468379427
15936,4.961066687142288
15937,6.037250572511503
15938,5.349576663559128
15939,8.80934538894128
15940,6.001493632624794
15941,7.333427683222894
15942,5.249886413142602
15943,4.382670252046268
15944,3.2601206321748633
15945,8.708811469773861
15946,3.8208559983287067
15947,4.876628239057106
15948,7.089299585305417
15949,5.732869911239592
15950,6.896550075327777
15951,6.092252948028084
15952,3.7254846880897796
15953,8.845269199469875
15954,7.502882767699122
15955,2.214912711900637
15956,4.383399139818169
15957,7.778903798503146
15958,4.384061155756636
15959,2.6749659951552207
15960,8.236615104374152
15961,6.509669613773072
15962,6.156635356128662
15963,5.156979530756953
15964,6.319133193362289
15965,3.7314182386745394
15966,1.6371118911532312
15967,3.4347127665866886
15968,6.353131090845
15969,3.8137478149595365
15970,8.46929597565305
15971,5.1321062515253555
15972,8.80241591531078
15973,4.462255459963386
15974,9.23904018355181
15975,4.379797268695091
15976,3.2582182922717347
15977,8.216114421367612
15978,5.0116576224621365
15979,4.966071488189693
15980,6.173442313125605
15981,0.3311578914878586
15982,6.207990504604405
15983,4.14143701311344
15984,8.284473546408545
15985,5.621996076192486
15986,6.901316517730168
15987,4.6436376996599495
15988,8.473919484804822
15989,5.612158913156481
15990,3.5363792275070107
15991,8.592320381931025
15992,5.953614482451511
15993,5.245897196206402
15994,7.000631801810658
15995,3.5052407271885975
15996,7.416227071916032
15997,3.0650462191311467
15998,2.977143035414195
15999,8.521913768905566
16000,5.573037609986708
16001,6.2395481627650025
16002,5.132604231447708
16003,5.5216615200884736
16004,6.050858694126762
16005,7.855225661255642
16006,5.559634882960014
16007,3.0521856176238553
16008,3.620800879296972
16009,6.372223631194066
16010,7.461652863188467
16011,4.502972161284346
16012,7.241765081639907
16013,8.6295080366298
16014,2.8290203139627637
16015,8.088525100845342
16016,6.604917569654519
16017,7.906839517449569
16018,5.61098859124964
16019,5.926122761785247
16020,4.794967218458823
16021,6.12993618939009
16022,3.732633799164151
16023,6.171394680650665
16024,1.2073384725770302
16025,6.667315264157305
16026,5.638492171674192
16027,3.259668711363931
16028,8.451848311828925
16029,6.500327779785455
16030,8.724242781964655
16031,4.193129031569669
16032,9.434275706615956
16033,7.682420138890483
16034,6.771508514158444
16035,5.143885727068978
16036,7.240729552551591
16037,6.11513448636705
16038,6.0367195533089895
16039,6.656227287793992
16040,3.9479937938710763
16041,5.5553362178258565
16042,1.5531915870771906
16043,5.319533543510441
16044,3.142958585702046
16045,5.721925785100604
16046,6.918354538435255
16047,7.7916389785300515
16048,6.593551248825846
16049,7.4654949971154245
16050,4.0639158447733665
16051,7.96572885485769
16052,5.670354726225005
16053,6.87496626718526
16054,7.7987311424527075
16055,6.7102795110015405
16056,9.315734018073634
16057,4.498701244884439
16058,4.48834678327154
16059,5.763052793880193
16060,2.206918453403339
16061,5.851949250064979
16062,5.882438889611926
16063,5.142904013986512
16064,5.2406600643514345
16065,7.189915011796785
16066,6.55899460625454
16067,6.513349830988129
16068,4.477166557235343
16069,8.041593449738999
16070,4.637223027272261
16071,5.376162535862444
16072,5.662105836392892
16073,1.7935135701267515
16074,7.291773800274266
16075,6.070950181446007
16076,8.632852175699302
16077,5.146253244342809
16078,4.355393591764869
16079,8.412280800988157
16080,4.651726923012331
16081,2.739483180510843
16082,7.187819219775827
16083,5.14192856609555
16084,7.992937018007325
16085,5.549162621762612
16086,6.607575760530667
16087,7.507240695711268
16088,6.919728473015104
16089,7.0505528185713
16090,7.852015163614371
16091,6.237382495718015
16092,6.140596778447687
16093,2.162589069694081
16094,3.7109886406403283
16095,6.684684161687323
16096,5.800736661295298
16097,7.475502862410081
16098,7.494227852471086
16099,6.187697597547525
16100,7.334257534101797
16101,4.620111757280872
16102,6.596805239993466
16103,3.6418383139061454
16104,4.838740280848247
16105,6.416279740802882
16106,5.030597661092944
16107,5.575729178458538
16108,4.797657334292887
16109,6.382215443456787
16110,6.142369047322626
16111,4.617068456282807
16112,3.6250041218917137
16113,5.784297815375972
16114,3.726865395128458
16115,9.719958086868933
16116,4.964191249096409
16117,7.638674729955159
16118,5.312823708467064
16119,4.679658438968822
16120,5.363266199960929
16121,3.5002696535552627
16122,8.781704148372066
16123,7.1238270334722555
16124,6.195561721216024
16125,5.319437435543081
16126,4.637536456920042
16127,5.688389089285392
16128,7.742257106063297
16129,6.638820255911851
16130,5.657341813338178
16131,4.461209986637476
16132,6.157575364543864
16133,5.6821668018132145
16134,6.862312025324011
16135,7.7130646949212505
16136,9.535550362039585
16137,7.30804363874027
16138,4.52976740360885
16139,5.328581236527534
16140,2.9807368262194065
16141,7.803498298288085
16142,6.887089043665794
16143,7.392826291307474
16144,5.632311764097738
16145,5.522721987998801
16146,8.407559275491472
16147,5.759514284093782
16148,3.6938313490776955
16149,6.598132229615839
16150,5.875363155381086
16151,5.594261705536958
16152,2.6377778161840397
16153,5.110439542893419
16154,6.633052609293222
16155,3.5349759529099267
16156,4.398879322160009
16157,6.850784684216834
16158,4.7011930197629725
16159,9.544549364751186
16160,8.622314305764611
16161,3.492892922791137
16162,7.186990967716219
16163,4.6680926892576515
16164,7.857816369601085
16165,2.1793166652356377
16166,7.737811408524574
16167,8.052586471848285
16168,6.292584611042115
16169,5.915514120669116
16170,5.1366684318329945
16171,7.690896517278056
16172,8.849158566766887
16173,3.1181121605951025
16174,8.719762800417126
16175,5.177397630275264
16176,8.078150792279384
16177,4.342844729873378
16178,7.907992209690662
16179,5.964106474469383
16180,6.892784826748258
16181,4.957712511199391
16182,1.995611366236194
16183,8.692118850451257
16184,6.139569958360326
16185,2.975115320246343
16186,3.834455558500764
16187,7.081627394306761
16188,4.220329764019151
16189,5.32231868841906
16190,4.001759467505268
16191,4.681882593237642
16192,8.923637604530072
16193,5.542535652373347
16194,6.78984382105587
16195,9.409075141979919
16196,4.488006371820147
16197,4.328326734644069
16198,7.238326969327485
16199,2.7685951200239796
16200,7.416791243064305
16201,6.676662024370886
16202,8.984519767857662
16203,7.498617483367851
16204,8.084448587825348
16205,5.181562842147008
16206,9.365357980979176
16207,4.2723472905921245
16208,7.024806350087779
16209,3.384038125726777
16210,6.010452554961519
16211,5.422855664154919
16212,4.368192391822575
16213,4.714207351701635
16214,6.897768954211596
16215,6.683917390789663
16216,8.254000485561182
16217,2.3904391217699423
16218,5.506046139270418
16219,5.761842933357585
16220,6.923999387778325
16221,7.972495484374399
16222,4.167968032598409
16223,8.635817893058253
16224,5.450603507804627
16225,9.009381646805897
16226,6.664276782164039
16227,3.840376727701403
16228,8.361362132291159
16229,7.703519055854361
16230,5.88227138915715
16231,6.172999341094912
16232,5.212401096921213
16233,5.641958847419165
16234,5.97393581560257
16235,2.7325205618093236
16236,6.671861241141072
16237,7.593601574410194
16238,2.5020736009011446
16239,6.722450858509144
16240,8.57904398094069
16241,9.255307022796023
16242,4.8639836606441404
16243,7.204687390244104
16244,5.2396615374826245
16245,7.563549756178526
16246,5.798141083681307
16247,3.6258902561204236
16248,8.145206874079866
16249,7.704694537757933
16250,7.571914765980472
16251,6.533737991200013
16252,6.116214240840128
16253,6.973704584831098
16254,3.635724642719882
16255,9.507026199843642
16256,4.744300537563887
16257,4.947153442596566
16258,2.5189233478688267
16259,5.016568164548307
16260,5.6953056873886965
16261,4.77479957465143
16262,6.309849785288353
16263,6.094530905473007
16264,5.208289014373194
16265,7.327314212786219
16266,4.065764344318866
16267,6.915254315009759
16268,6.199825162461142
16269,6.32509032918104
16270,9.21399944123097
16271,4.155571494386338
16272,6.662783366882826
16273,5.546897666767669
16274,2.4985622040523645
16275,6.096029805163349
16276,7.603935336548522
16277,9.02349107834397
16278,5.249016535177934
16279,7.326481272502871
16280,7.835279020970437
16281,8.726297759642847
16282,1.9208299912434341
16283,7.59238106514109
16284,6.630233233233126
16285,6.456955805670611
16286,6.618187943714558
16287,5.054630378428526
16288,4.719406174033182
16289,3.0234248580428202
16290,6.278279040323577
16291,2.936901572360063
16292,6.533349833325812
16293,7.597930286320442
16294,7.570415121117682
16295,6.933583371509231
16296,3.6405825836011756
16297,4.591772599015677
16298,4.883637594675506
16299,4.280076667943067
16300,5.748245433052217
16301,5.356576964373968
16302,5.5879790260226345
16303,6.75117335321921
16304,5.862998048840202
16305,5.545287402477298
16306,9.171965342573962
16307,4.250617751867157
16308,6.543563238449528
16309,5.9715373628544
16310,5.272697408731036
16311,4.666066948268741
16312,7.269038801921111
16313,4.717091883523523
16314,2.79704170281926
16315,0.8064189102299271
16316,6.279261207521706
16317,5.011284539850496
16318,7.434306663582577
16319,8.88369297639907
16320,7.64186125263714
16321,6.148582095953059
16322,0.5919080719291799
16323,7.779231506956692
16324,9.427301282184064
16325,7.12537668797502
16326,6.801415454107639
16327,8.419761755288233
16328,4.702999440322042
16329,7.495013671238139
16330,5.988342055356156
16331,5.31451441969585
16332,7.75406791238635
16333,8.29061234023058
16334,6.072257305570397
16335,3.632571682405156
16336,3.3674559402450353
16337,4.6498404708207035
16338,7.191509885905465
16339,8.184525159296404
16340,4.210307397422431
16341,6.5580566322572915
16342,7.7391168026627755
16343,7.930442756145079
16344,7.211498549902008
16345,7.2772746749054225
16346,4.468907429988414
16347,6.71615404304147
16348,5.951472088476766
16349,4.166523747188092
16350,7.588129871419806
16351,5.234041969971987
16352,5.42094716642947
16353,3.745575190131804
16354,0.46477898371112175
16355,6.578501777613049
16356,6.708114579792259
16357,8.413945050284518
16358,7.5929557472367835
16359,5.343683173296102
16360,4.0184576462018065
16361,5.11247159491527
16362,7.174397928542598
16363,5.03320102101384
16364,8.265946441841884
16365,6.926183533291202
16366,4.235353928619042
16367,4.668676572301033
16368,4.050291775913724
16369,6.218344097907371
16370,7.533405057478281
16371,7.130924508208202
16372,1.9287199636493912
16373,7.459374243000396
16374,6.17418116712016
16375,1.9402603364028443
16376,4.205248401190522
16377,4.871355051721114
16378,4.4885128278786395
16379,7.684033087979055
16380,4.475645183888983
16381,6.65336129017828
16382,4.926178259271279
16383,2.3536476235939428
16384,5.852517956914346
16385,8.183237706671608
16386,3.449988026989255
16387,8.046466175636127
16388,4.810432033224174
16389,2.0760762707947777
16390,6.458939855290753
16391,5.202773031266302
16392,8.367743743107473
16393,2.6287569253990153
16394,4.342055880422023
16395,4.641357193801655
16396,6.794574355769186
16397,6.392774148617515
16398,6.783538528297283
16399,7.736133610317231
16400,8.05846180698815
16401,8.331765257555103
16402,8.780935825189639
16403,5.675316021717556
16404,8.079543539824657
16405,4.148998862854288
16406,5.697299891478091
16407,3.0110499673323687
16408,0.6520380483274986
16409,3.585647318597222
16410,3.595270002890894
16411,2.6107448437271903
16412,6.182979065015708
16413,9.041778175860248
16414,4.303641327269343
16415,4.589318694286506
16416,4.418427378110764
16417,7.381888893595229
16418,6.648805390737703
16419,8.486757413249116
16420,6.810000699904221
16421,7.70102269290883
16422,1.87577995214785
16423,3.4502521440581697
16424,7.388499576928256
16425,6.593704896086694
16426,5.882632081123259
16427,7.162463212950985
16428,5.299192594429451
16429,6.539939099397014
16430,6.201365139316248
16431,4.809331688307237
16432,8.109586082162457
16433,4.496882200744527
16434,6.839966198895218
16435,5.1829065753170225
16436,6.8050485164645975
16437,9.247336003805374
16438,7.585356840307604
16439,5.371958418279827
16440,7.130794302976591
16441,5.8621812575389125
16442,7.612044409747219
16443,2.2505358903864434
16444,7.734388966562866
16445,3.6393559840921776
16446,2.728908057063483
16447,6.568503596343
16448,6.161925641804083
16449,7.856207597211673
16450,8.11074621904649
16451,4.665903392682113
16452,8.375279902048817
16453,8.895695540735149
16454,5.776456957784311
16455,5.128541786573982
16456,2.220837844626939
16457,9.860061318464856
16458,2.0153663157687083
16459,7.695344027760158
16460,1.8862951001805714
16461,3.019778145129878
16462,2.732589417252496
16463,5.743691172227689
16464,8.777806415956464
16465,3.6629340732376776
16466,8.52286080132487
16467,2.597421294502642
16468,6.757545196902984
16469,7.538048732026182
16470,6.8610089493592525
16471,4.374443919065309
16472,3.3985352181178863
16473,4.950725618671045
16474,7.190244613021739
16475,3.772686983445311
16476,4.724613691014556
16477,5.728617601815251
16478,4.563632243558962
16479,5.232282822048593
16480,3.0800373011099835
16481,2.965369513267259
16482,5.112014078875482
16483,3.157788817521384
16484,5.927907042552025
16485,6.959485823166261
16486,7.841407121168736
16487,6.202292966556816
16488,3.1524177807338964
16489,7.960913959479362
16490,4.9433025687909184
16491,7.647404308536164
16492,9.174480901166499
16493,4.371392201367879
16494,7.452288610297453
16495,4.042546354791254
16496,6.991240499434079
16497,8.792982877184604
16498,3.9621936997916474
16499,8.394550298807179
16500,9.597005114525604
16501,6.238318580804236
16502,8.933971020522577
16503,8.755125662977642
16504,7.5376044099735875
16505,3.00747623437853
16506,5.993706317102583
16507,5.254295824235194
16508,7.795000095400494
16509,9.226316676123924
16510,9.59156751641099
16511,5.668494399732681
16512,5.042930549848929
16513,9.185991314605362
16514,6.692685452840747
16515,5.637363373133835
16516,8.143453742375522
16517,9.272534249908842
16518,5.345801741453615
16519,4.221135055214976
16520,6.045004272343008
16521,7.526935143642146
16522,5.2324316477311115
16523,3.266250172164165
16524,5.047910330943803
16525,7.388935141879306
16526,6.25268347919933
16527,3.845570782714893
16528,9.064066974448817
16529,5.19281564565116
16530,5.176016789161764
16531,8.69501343173082
16532,5.355292162757623
16533,4.350983062711484
16534,6.661630644417594
16535,4.585624260672929
16536,5.509848490261987
16537,7.956571607653419
16538,6.661935637777541
16539,9.176926819651396
16540,5.681196379582399
16541,4.379642071231343
16542,3.7645015108797697
16543,8.817421946329942
16544,5.4274914075125675
16545,4.415075900237088
16546,6.766992736852265
16547,6.776992358198956
16548,5.996899918593173
16549,6.229775884719535
16550,6.4184803374195525
16551,4.233515936512959
16552,5.7580457028261955
16553,3.7058384518443193
16554,7.268750460510389
16555,7.547351175623728
16556,5.554572830251349
16557,4.5791342192420785
16558,8.492238456009705
16559,6.881928331091496
16560,9.262881586355212
16561,3.6664346183092187
16562,9.080153707257523
16563,7.574047606104345
16564,1.8519186867960928
16565,6.25745973383482
16566,5.245281650073999
16567,8.02563301038633
16568,4.355608613746723
16569,7.98998603425969
16570,3.7048830523323875
16571,6.413490920978672
16572,7.488960363495276
16573,7.218081838634912
16574,9.047828043773748
16575,4.2743543205274275
16576,8.086103395426782
16577,7.413811058370436
16578,7.735618433592587
16579,7.7259378802827445
16580,5.63541396067062
16581,7.217733572413767
16582,7.214751630243787
16583,5.836240459282639
16584,7.3782177384556
16585,2.4894119425989683
16586,7.175137156160708
16587,6.570199438274864
16588,5.002500562067137
16589,8.267104414713923
16590,7.934405964627954
16591,7.721041900735316
16592,8.37803391108825
16593,8.59269334569876
16594,7.0206321745732145
16595,6.774466076902191
16596,7.379303951538768
16597,4.634649724510672
16598,3.533763763286932
16599,3.5085439205694193
16600,6.208753578859981
16601,8.101568575897161
16602,6.117344568269236
16603,1.9634030572176815
16604,6.585900460847322
16605,2.229356086615344
16606,6.041279204719545
16607,5.049607737936847
16608,5.179168498266169
16609,5.4071862279225495
16610,9.571461562495635
16611,6.153314158989577
16612,5.033349264702081
16613,5.128180603245544
16614,3.5955225828403194
16615,7.669166857617525
16616,6.490759308706168
16617,9.08167658416662
16618,6.506047443599068
16619,5.415867904995325
16620,3.914267174055765
16621,6.706600368952326
16622,6.626612441312984
16623,2.6098278207807493
16624,5.2826192243917385
16625,7.432704200403887
16626,4.814460479941572
16627,4.048114013478717
16628,8.857802482225518
16629,6.587684078117239
16630,5.648649934198589
16631,5.239567449645138
16632,4.170478005665952
16633,8.330994752870941
16634,8.610290369007616
16635,6.508038833808486
16636,5.656006171948308
16637,5.714895398456915
16638,4.130895094278119
16639,5.719982986930941
16640,8.386378050714862
16641,5.561557723606514
16642,6.5488160083611735
16643,6.116834641604594
16644,4.827579258351156
16645,7.427215796671435
16646,7.85369607541948
16647,7.503557083182356
16648,8.588450210807176
16649,7.6758974794419315
16650,8.82952955905298
16651,7.984094202613804
16652,2.225024174423984
16653,6.718496166852626
16654,7.84504077012827
16655,5.1265682963508645
16656,6.440800060833513
16657,4.632966051672433
16658,6.8020936051255365
16659,4.031771797214884
16660,6.935203980697668
16661,9.755256685083795
16662,7.546739029547488
16663,7.119477367370688
16664,5.758842190435689
16665,2.1552037732970786
16666,6.3945713659459615
16667,6.384425323523397
16668,6.231664904888487
16669,6.804421752733611
16670,7.989830629253239
16671,8.664430131672527
16672,3.0258862845891707
16673,6.1381400855382555
16674,6.5759473730261035
16675,7.862063721526809
16676,9.635824107012327
16677,9.337568065375228
16678,4.847675387961646
16679,5.834037338066555
16680,9.12060431915175
16681,3.5963849693427354
16682,6.939895957526118
16683,6.8242534137115545
16684,5.682812023433377
16685,8.61401314293681
16686,6.958978943403345
16687,6.4207362829931425
16688,5.220314632331893
16689,5.5925207856304855
16690,6.542780076117217
16691,6.402626854420325
16692,6.40065868219676
16693,5.249162546262218
16694,7.0570350690665125
16695,7.382063734591807
16696,5.6814123122221245
16697,2.974788370966175
16698,5.274810988829528
16699,6.7488181621149925
16700,4.673958043294805
16701,3.684480389167437
16702,6.701358158859616
16703,6.99817492355446
16704,6.194400552376565
16705,7.417150522761688
16706,7.077373779216668
16707,6.56043290011315
16708,7.147169998449456
16709,2.7312418841415638
16710,5.426593986326377
16711,6.757014323781622
16712,6.482738308259262
16713,8.771510037388659
16714,7.271633738560561
16715,5.297256839151436
16716,7.584603948281238
16717,7.638295311541183
16718,6.319762580178212
16719,8.76220184641768
16720,4.503336539135753
16721,1.830004994412178
16722,7.999838464653694
16723,3.0998579926250596
16724,4.645124042712888
16725,4.571818365681569
16726,4.538841008912829
16727,8.004911211930379
16728,2.0109259599446987
16729,5.8457742451607535
16730,5.21494556732737
16731,7.7414964552620855
16732,8.252749104858614
16733,6.336254910925401
16734,5.1210304194179646
16735,2.1859814167980156
16736,7.637679666587326
16737,3.987841253798672
16738,5.631207845848112
16739,8.080570879037547
16740,7.921078748755603
16741,8.181531746416226
16742,7.624516626011372
16743,4.467060949737113
16744,7.077906579302327
16745,8.11073312577926
16746,8.43414308174624
16747,4.477060576300069
16748,6.334179562615625
16749,6.548461186459381
16750,6.197577229197005
16751,6.1480020327655
16752,5.76231566062361
16753,7.5230679714718
16754,7.240632198389009
16755,7.396558300237457
16756,6.970314400966506
16757,5.217092723596717
16758,5.453487953796489
16759,6.6818322749620656
16760,3.2541682688210263
16761,6.560198922074083
16762,4.848375870693669
16763,4.331693734068548
16764,1.9407782602529668
16765,6.3801028603998
16766,3.984676100971659
16767,9.387828022943893
16768,4.769233423463713
16769,7.68402043806631
16770,2.879101581785684
16771,8.466216678056838
16772,4.095781879382348
16773,3.7621839506712353
16774,2.788806509565164
16775,5.6350806945362235
16776,6.962632372424555
16777,3.6353040196163198
16778,7.129573638617898
16779,6.164832304765585
16780,6.108918094200127
16781,4.014327205574562
16782,8.226659913932032
16783,5.215389040229049
16784,7.602029342305258
16785,6.768670856848546
16786,7.681477740575511
16787,4.98916700974061
16788,5.474778271323437
16789,8.407957428320842
16790,8.46103036275405
16791,7.639182682316783
16792,8.670581478020946
16793,5.687875097395927
16794,3.269135150101601
16795,4.224480071893213
16796,2.2889367072782383
16797,6.269254632293645
16798,5.07204354553413
16799,8.426483377749486
16800,8.516413625929363
16801,3.126214957445631
16802,6.227723540280997
16803,1.656367090816705
16804,7.050867705168907
16805,7.062088886880832
16806,7.364738496866558
16807,7.442187608452326
16808,3.1023237935318493
16809,5.646187216166912
16810,5.722366300455242
16811,7.321830701022766
16812,5.703438623070193
16813,8.164337264586717
16814,7.199201535945613
16815,8.064549976409507
16816,8.554374329305393
16817,4.497828832374241
16818,4.344515561383652
16819,5.604769075914303
16820,4.999328848788556
16821,4.702866862546629
16822,5.323609572272688
16823,5.869125740916754
16824,6.175369475475359
16825,7.5212088019257
16826,4.653344068461422
16827,6.740410299759777
16828,5.785206506662917
16829,2.4580586438606686
16830,3.8136533000691246
16831,6.227525460799335
16832,7.215954094896061
16833,6.8261538496166825
16834,2.967712914943951
16835,8.033781092109898
16836,5.7223670952411725
16837,5.095211921487795
16838,2.987588270698013
16839,8.514165032106096
16840,5.338209027971677
16841,2.1447652843728364
16842,5.950414424013378
16843,4.863619736998383
16844,7.237971358856451
16845,4.99276553884145
16846,7.942486624458187
16847,7.161096803578173
16848,6.27917397506191
16849,8.351142553530194
16850,5.899435945487539
16851,4.221025977703104
16852,5.389031023630468
16853,3.637211753663667
16854,9.401123519930513
16855,7.676838623527602
16856,7.913945755959058
16857,10.0
16858,4.874962062092725
16859,7.085365163420225
16860,9.437143538096215
16861,8.846285623567168
16862,5.206031441050102
16863,4.787710901134615
16864,6.322209489440352
16865,9.735312025447593
16866,2.6832890925632675
16867,8.521563350316578
16868,5.989574932453465
16869,7.157670548590564
16870,6.331927540841207
16871,6.431054320748211
16872,5.295348199409299
16873,8.045406206919282
16874,4.692072892060405
16875,5.438864266941114
16876,1.4855616837183716
16877,4.495558797427755
16878,5.779202292539011
16879,4.91093853310216
16880,6.667818955729959
16881,8.014732792407973
16882,9.100949879088297
16883,9.405413978376885
16884,6.303459291011665
16885,7.598783298242143
16886,1.8450201616255202
16887,5.361882212909355
16888,1.7990107660979178
16889,6.291712555544103
16890,7.003446597593197
16891,3.7455942120071377
16892,7.1889825531303995
16893,8.68288477341323
16894,4.156123437361881
16895,4.365648560853034
16896,6.6414741762137135
16897,6.664512743455505
16898,4.7413588077024
16899,9.158914260749848
16900,6.884149224279557
16901,6.361697625843975
16902,5.607735062862953
16903,8.51484062070434
16904,8.365226085281973
16905,7.662649117697337
16906,3.328390218280255
16907,9.104938731503848
16908,7.131189210122582
16909,3.2541381272956738
16910,6.005091680156698
16911,6.518573388410108
16912,2.799509703287737
16913,2.2267516291770577
16914,8.797854261174965
16915,8.11120002127598
16916,4.337046737627255
16917,7.454184062893237
16918,6.419786646080531
16919,3.84022005717975
16920,7.136918749663476
16921,3.1269492231928324
16922,7.709196969804423
16923,7.1697143871951505
16924,7.571297307735623
16925,9.237458603359785
16926,4.198289241932331
16927,1.8739010483241405
16928,4.032448735765747
16929,5.76855333359825
16930,6.369556627752289
16931,2.777028403585218
16932,4.402922978998651
16933,4.1459391030440065
16934,9.411045091945022
16935,3.002577608393316
16936,6.492111350153121
16937,6.420885335164559
16938,8.146923706092405
16939,3.542844326202702
16940,3.9332163488094567
16941,7.1806822036605675
16942,5.03826039541787
16943,5.053478721505893
16944,6.6866999393809605
16945,6.665726446664997
16946,5.518143529603522
16947,4.027087049338083
16948,5.550650080701436
16949,3.5153165191649682
16950,7.640783489370215
16951,7.01110447478348
16952,7.892347771766037
16953,5.357316143565269
16954,7.793249388199529
16955,4.742388621342467
16956,6.754484778154925
16957,4.789448823357161
16958,0.722188655529584
16959,3.379527880515721
16960,4.262122403900527
16961,7.996896071081172
16962,4.034740205247686
16963,5.911311027681868
16964,8.207140042094581
16965,2.9302836839609565
16966,3.0639371532999347
16967,5.840240795739415
16968,6.990686150661102
16969,10.0
16970,3.560625293280495
16971,7.6131586953436186
16972,2.4552242665591804
16973,1.023286723699523
16974,4.085108899089464
16975,9.468956828794491
16976,8.52291945568374
16977,8.615831968689465
16978,7.109653569052175
16979,5.156734109518053
16980,7.161473893248189
16981,3.3410272560665972
16982,5.8813783247539435
16983,6.887123988259426
16984,6.989973909975644
16985,5.187192426711361
16986,7.395971587166437
16987,3.7528655004089515
16988,6.513314396489232
16989,4.0358418636156665
16990,5.5212661206299005
16991,7.526324269067971
16992,7.154747274122053
16993,4.807625904280232
16994,7.012091429987617
16995,4.747815431777038
16996,8.737943233065785
16997,3.774436204029331
16998,5.323843045422365
16999,3.6442799473147582
17000,7.38300595919398
17001,4.1734880459543415
17002,6.68460369028217
17003,8.303277323685247
17004,8.975736206982189
17005,8.847700286692438
17006,4.358222261702607
17007,3.714118534540372
17008,5.014324363992754
17009,5.334823624326206
17010,4.06121512052327
17011,6.63670481278134
17012,6.113354684578571
17013,7.364920282197662
17014,5.361521945117297
17015,3.369330721812507
17016,6.892620291198671
17017,7.023124669698133
17018,5.634980220819535
17019,7.606255391034387
17020,7.299564000246823
17021,5.176099958808637
17022,6.227347214678447
17023,6.776524559694141
17024,3.343759991387625
17025,5.7152923037233165
17026,5.519324096267079
17027,9.214074564691073
17028,1.3668035163647951
17029,4.095143526062606
17030,6.623843948544441
17031,9.171844491887985
17032,3.7539940232632705
17033,6.079470807496406
17034,3.696583005365952
17035,6.816230418304232
17036,9.187662657831748
17037,2.8610902062610672
17038,3.7181790978916305
17039,8.830268023938988
17040,6.523631802135102
17041,6.947879021977644
17042,4.068006427382869
17043,5.367385459360102
17044,5.771155233115399
17045,7.1644675481753834
17046,5.66612214723525
17047,8.884375963173671
17048,4.6190523310703115
17049,10.0
17050,6.7870807590352875
17051,8.009751623782691
17052,6.3508756269431075
17053,6.530808005248621
17054,3.826508616074243
17055,7.602425183007484
17056,3.6682688311787364
17057,5.391292931319852
17058,6.758438502839156
17059,7.110199051755019
17060,6.127019228423068
17061,5.626721530727528
17062,3.356452051742392
17063,7.153696997198085
17064,7.0147702138275045
17065,6.925549987803276
17066,4.251555544908365
17067,4.769242864293909
17068,7.115556467207927
17069,8.574361370092262
17070,6.742996959226697
17071,6.254403840296223
17072,5.630615360182926
17073,6.43734278140861
17074,4.033585248329054
17075,4.789739960274277
17076,6.270704956303464
17077,8.256859539767333
17078,4.7951167455396595
17079,6.374020270887835
17080,4.21897716200166
17081,6.113189848467776
17082,8.294409944428503
17083,5.1020705320781765
17084,8.097215302414021
17085,3.776879027583696
17086,0.889632216110662
17087,2.440178002901223
17088,6.864757125425933
17089,7.874283888280768
17090,6.527931218047964
17091,8.348553084649772
17092,6.907335825306951
17093,8.262018227559482
17094,2.1025959045702387
17095,4.929806460518117
17096,1.5861987959332728
17097,2.7322845972336594
17098,6.23417099744907
17099,2.1819259832353133
17100,8.099818853450099
17101,6.24772661988979
17102,7.5440668245821945
17103,4.450073146243138
17104,6.732881873677024
17105,7.487349430052253
17106,5.886772462126376
17107,1.5471538461805512
17108,4.319035366713248
17109,8.664636428521373
17110,5.844652228785759
17111,4.736656868390286
17112,4.7811183051281985
17113,6.522149454151338
17114,7.3944486582286615
17115,6.7455635932377795
17116,5.190078937574756
17117,4.771867064405669
17118,8.44379589408211
17119,3.677944834293144
17120,5.6055352930580495
17121,5.454340862224681
17122,8.329252465324926
17123,5.371434683046528
17124,7.65865064333747
17125,5.5072827298468905
17126,5.154162849419634
17127,5.774885786847056
17128,7.885202111646613
17129,1.9961722964996347
17130,9.75693815886368
17131,8.47935882254067
17132,5.686755416467804
17133,5.928607466194576
17134,5.097144626759839
17135,6.167440765718718
17136,3.984374054739649
17137,7.968560123588924
17138,6.624430165456922
17139,10.0
17140,4.841345818848099
17141,5.968274094947984
17142,4.348025829905841
17143,4.5154539068955595
17144,5.160533065650554
17145,2.684141086893797
17146,2.6347587437774136
17147,7.681809413617877
17148,4.140976581773201
17149,6.578022114285981
17150,1.3408477831481609
17151,5.741070927025048
17152,3.116820280968326
17153,4.182347662081809
17154,3.461125927725358
17155,3.347563983632136
17156,4.462314546052668
17157,7.659628560469787
17158,7.289577429743221
17159,8.167090646296606
17160,4.292450184292458
17161,6.541514550685959
17162,5.991609552695822
17163,8.114864194884813
17164,8.22749377717622
17165,6.04659469762188
17166,8.901559627585737
17167,6.389157327870412
17168,6.779543937408229
17169,6.183162377937428
17170,7.040949946550677
17171,4.8904124819184975
17172,6.81390889347212
17173,8.429556927402507
17174,4.7027113836121
17175,7.073693883501775
17176,6.250315648359498
17177,9.210155905180972
17178,5.802792373605951
17179,5.456561085160633
17180,8.100532569140533
17181,6.902299344111366
17182,4.0942246727903076
17183,6.778088966147531
17184,3.0041518632953035
17185,8.200845585166988
17186,5.095079226269262
17187,3.218917935281625
17188,6.306793725333092
17189,3.044089260479396
17190,4.589656398139697
17191,6.149675867696345
17192,4.019491786858497
17193,8.027963681378475
17194,2.8139995736195917
17195,3.9706366141941705
17196,8.409852626873759
17197,7.438307120607911
17198,7.6320495612126
17199,6.997858968830816
17200,5.031333130668417
17201,6.381843234539955
17202,6.892005323452322
17203,4.491512558269518
17204,7.12567840345164
17205,5.863316775810982
17206,3.83422731352623
17207,4.275360121205671
17208,8.042988532706623
17209,8.630452139308982
17210,7.347617510498819
17211,7.89911996444785
17212,3.043056291642879
17213,7.106228719943227
17214,9.23762367716227
17215,6.106817022265053
17216,9.714325958674516
17217,5.402377310521644
17218,7.106211580187868
17219,8.551932724232046
17220,2.799002170246314
17221,5.795545607920743
17222,2.0171756727494317
17223,7.317732386842909
17224,5.659060314758687
17225,2.019557103158725
17226,7.388861102651344
17227,5.876154519077217
17228,8.26968784921132
17229,4.783858476209894
17230,5.26177324217233
17231,4.197628158720753
17232,4.655136841015788
17233,4.966101759338
17234,8.490615855495582
17235,8.262470224043158
17236,5.315909660052616
17237,7.298213504925778
17238,4.0360566680699685
17239,4.001329537406568
17240,3.9227412613489028
17241,5.309773918643788
17242,4.157054698697343
17243,1.5665617039773623
17244,7.500259966382499
17245,5.934117271880168
17246,3.7223878943302195
17247,8.808030111071062
17248,4.820041694411302
17249,5.743647148173191
17250,3.8821216339959985
17251,6.137922964409678
17252,7.265222450508799
17253,8.62847205740106
17254,3.6512579143939408
17255,4.610023638550742
17256,3.8079046413273776
17257,7.919532345055009
17258,8.561635153038553
17259,6.7969987438307715
17260,2.2207584021981153
17261,8.426567291450121
17262,3.196155673932588
17263,6.560666613677105
17264,4.709829691675332
17265,7.294393519972327
17266,5.417362108843985
17267,8.367954219806984
17268,2.7708270583885395
17269,4.672421937322883
17270,7.113430632888885
17271,2.12024844246803
17272,7.270750857613435
17273,3.809688023483139
17274,8.750662217955119
17275,6.909591228424738
17276,3.122045341417267
17277,4.555075741303258
17278,4.367529019427281
17279,8.898639070913006
17280,6.338089503091664
17281,5.411482495761651
17282,7.363593334452814
17283,7.215637031923921
17284,3.443174479626982
17285,6.413793833016948
17286,7.005679131267561
17287,8.33857498687734
17288,1.5764923606540688
17289,4.791463631264675
17290,5.1571454687678076
17291,4.306184364663432
17292,8.250213015454582
17293,4.12574803543935
17294,5.386726789199611
17295,3.013188224914022
17296,6.675169463142656
17297,4.8692564378181595
17298,6.821780938281389
17299,6.595508580517303
17300,5.433850595968588
17301,3.5142595512151735
17302,8.72062774344304
17303,6.3028110933669295
17304,5.258778260421485
17305,5.972884481487873
17306,3.515778485206422
17307,7.565278600495374
17308,7.4563907904128275
17309,2.3166646352483418
17310,5.764461266305742
17311,7.144657203923524
17312,5.857388100351835
17313,8.04904211351207
17314,8.480693574358328
17315,7.500682315346792
17316,9.045692723537504
17317,6.799407833689201
17318,8.205014581641484
17319,3.051456278121546
17320,6.936613075140963
17321,4.6857890819922
17322,3.8745133024978644
17323,8.045891708849775
17324,4.511178396308025
17325,6.340468110830096
17326,6.626068878357658
17327,5.926173506601685
17328,4.795022241065385
17329,6.643927247430165
17330,4.823299888179785
17331,8.165767259480397
17332,5.670558283785759
17333,9.030493985685633
17334,4.7666982975157675
17335,7.350138067212521
17336,4.422095369484902
17337,3.634634153392069
17338,9.027420201431267
17339,2.329838387858364
17340,6.854176378866934
17341,5.231087931442761
17342,3.8744065826781613
17343,5.681315449358697
17344,5.45681281479003
17345,8.497311418239669
17346,4.998741867713954
17347,6.635199308659351
17348,3.065466104293373
17349,4.52812821729396
17350,6.440120208527999
17351,6.6790887709736495
17352,6.22776742574894
17353,5.96968610158038
17354,6.9250685570522705
17355,5.696604088555928
17356,6.8413658902533605
17357,4.279605000716726
17358,6.550025482046826
17359,2.5703137701677536
17360,2.325192771770925
17361,5.572645024723499
17362,8.547271838255591
17363,5.36919356079789
17364,7.584407033170678
17365,4.828058432198385
17366,6.9527878338516915
17367,8.189966993631625
17368,8.551338634327058
17369,5.025568686284064
17370,5.3529930058071145
17371,7.944479448058505
17372,7.22086766166781
17373,7.310495057773614
17374,4.380834095484493
17375,6.029024156968129
17376,7.984290498953785
17377,8.475664692739251
17378,7.125497420201118
17379,5.547746840547997
17380,8.531461380526782
17381,4.128739963803779
17382,6.95828953346185
17383,4.092516888752404
17384,7.933058038041182
17385,6.515034511664495
17386,8.598905932628387
17387,8.990929047040975
17388,7.742507778346246
17389,7.514990629588129
17390,3.001435279120278
17391,4.006280741332715
17392,5.622656760302703
17393,5.540926245360352
17394,7.254824069738775
17395,5.7077568166047925
17396,6.9184779714595654
17397,7.208516299578155
17398,3.6143522923281357
17399,7.566629649842562
17400,6.225024095559418
17401,1.5433376208400285
17402,4.07252988739864
17403,7.148210165752952
17404,6.040079223616942
17405,4.24685425441339
17406,4.200650313413191
17407,4.333361649405914
17408,6.2593929893572655
17409,5.364950782896901
17410,8.423164623067823
17411,5.3901680705968635
17412,2.282397362766296
17413,3.7480202284035458
17414,5.366942726421028
17415,6.00157761548722
17416,6.835222458310166
17417,5.070381870747123
17418,4.626033249247959
17419,6.491198579400928
17420,5.25591834866382
17421,7.4640330425638295
17422,5.757642083230447
17423,6.598161587313852
17424,5.3426183354181145
17425,6.580318429588652
17426,7.267314708212887
17427,4.5267655173856625
17428,6.873647693863041
17429,6.260470077473007
17430,7.733591585739381
17431,4.325010452796454
17432,6.696641332744391
17433,8.051091206219319
17434,5.034380825150645
17435,5.191304812656598
17436,6.992956096585918
17437,5.760220277227275
17438,6.921262848098898
17439,7.225057316162737
17440,6.381848925823176
17441,3.771868387112367
17442,7.876226653896241
17443,4.8540006419168495
17444,8.856418804515059
17445,5.5909145061827
17446,6.558154819437196
17447,5.56178343344345
17448,5.866529307223838
17449,4.3114198716647225
17450,9.041981866083619
17451,7.611272325740963
17452,8.464177882395242
17453,6.128063562533662
17454,6.740857082871569
17455,3.4896755496043914
17456,1.6051514177310344
17457,8.301762551979712
17458,5.165877177974063
17459,4.045851162432226
17460,7.0372989718765275
17461,3.91765993086555
17462,5.333845148417379
17463,7.468208666300698
17464,1.3068901229118342
17465,9.463315283642993
17466,3.3440392539516433
17467,5.824179366387229
17468,6.637374050615249
17469,3.6922605122414707
17470,4.271794105895381
17471,9.898520412671797
17472,8.015743927790455
17473,4.3789369383447845
17474,4.045788356000448
17475,6.848105017325148
17476,7.113030898504395
17477,8.40368963207955
17478,7.351367445640749
17479,7.0439332244048645
17480,4.5438209040409445
17481,5.172154916424465
17482,1.5657222763169514
17483,5.49051536501152
17484,6.07379769305335
17485,5.066255592191268
17486,5.1358119212825315
17487,8.937715681773758
17488,6.574291452042278
17489,5.462304361002236
17490,3.848992490797904
17491,7.0065087408803
17492,5.771540818651712
17493,8.106081462243589
17494,5.92020435347031
17495,2.5681150033167337
17496,8.443729305893077
17497,2.649774923232575
17498,6.8822904151950866
17499,8.53511345951643
17500,7.59458577598274
17501,3.7418948483045646
17502,5.893157782509525
17503,7.231823141913004
17504,2.8522272595303377
17505,2.3393066490849024
17506,7.450909245931648
17507,6.220805956048331
17508,7.339403143140218
17509,3.5278711765144344
17510,5.722096642651254
17511,6.897400987582897
17512,3.226121640083566
17513,4.793634127976358
17514,1.694498382080082
17515,6.442629746906272
17516,5.669688933670548
17517,9.312711768615236
17518,2.198246728641167
17519,5.879829156807079
17520,7.543312224377923
17521,3.9274659473500333
17522,5.226911908007795
17523,7.562080561629848
17524,8.536993124391538
17525,4.822691370271201
17526,8.828159606835685
17527,5.4441894519166905
17528,4.0887437603668
17529,4.800139340168312
17530,2.5229871397898407
17531,3.4440284119621096
17532,6.615470647742815
17533,7.903045741062904
17534,3.266411389381079
17535,8.486625044870681
17536,3.8080885921773784
17537,5.386601399721229
17538,6.1305374465677716
17539,1.3497383991606804
17540,7.530888808380977
17541,9.276988506686536
17542,4.635028274712289
17543,6.3659348591576945
17544,5.089830001286133
17545,3.7596017680612457
17546,1.4969071627828805
17547,7.373987990113445
17548,5.074966074770979
17549,6.5612959802539175
17550,7.766959793324734
17551,5.961992764739321
17552,8.39354991322371
17553,6.646821278157373
17554,4.031201945161574
17555,7.351233176701226
17556,4.471445444075301
17557,6.208222721426987
17558,2.743866095169567
17559,5.685624636887748
17560,6.308668478583472
17561,7.656695695761057
17562,8.45322745914326
17563,8.657995583405684
17564,5.761675542117042
17565,3.2937265535544467
17566,6.33621846985174
17567,6.64300338117316
17568,7.335432191565113
17569,6.506742522766688
17570,7.83914464777749
17571,8.420151525407148
17572,5.6375560588912785
17573,2.795219799058953
17574,5.490142697595544
17575,5.481150388139637
17576,4.801347992996088
17577,5.814597296845462
17578,5.29389132170857
17579,7.34504752063599
17580,8.127154744407378
17581,2.046581382572471
17582,6.601831846693246
17583,6.882882735386002
17584,5.663082001493801
17585,8.885665861065585
17586,5.568325454818727
17587,3.9686166955230155
17588,5.575848134419957
17589,5.169806611097233
17590,4.516659355370873
17591,5.755615989363412
17592,4.5994954807656265
17593,6.539233461534234
17594,7.4983636018740665
17595,7.740378239605867
17596,9.716024960555758
17597,5.172486845181677
17598,6.805063415563894
17599,3.9266032708946654
17600,9.4476414024536
17601,8.854332290629515
17602,5.014644537392913
17603,7.189727632295076
17604,2.9183531574754045
17605,3.6764475357914734
17606,8.274820749864723
17607,4.918484164133268
17608,7.200639350718006
17609,5.696131529955794
17610,3.911460574444716
17611,2.302398008550341
17612,7.522732646647737
17613,3.734802930870308
17614,8.688579604105705
17615,7.636668057370251
17616,7.6883608235712435
17617,6.792183119185379
17618,6.635660816869871
17619,6.087339395504081
17620,8.434384906989715
17621,6.208067684708052
17622,4.418483426833142
17623,7.896396840530695
17624,7.046083302866668
17625,3.9150453765643203
17626,5.069719131442167
17627,6.736730174188796
17628,3.209056832571632
17629,4.86557400763785
17630,7.483633835768908
17631,4.8878505012404565
17632,5.789724243538002
17633,6.090625479133404
17634,3.918001346688674
17635,6.195674601481126
17636,7.272028244164897
17637,3.477285067594833
17638,6.140259764159121
17639,6.234185560162108
17640,8.363429543716599
17641,8.127506388221498
17642,4.903657481488427
17643,6.118704276179682
17644,7.7682112174948355
17645,5.664907203499932
17646,6.719415582313887
17647,6.039666515222874
17648,5.9590771102024105
17649,4.365683477124767
17650,5.852766317154173
17651,6.925417698750994
17652,6.275366380853044
17653,4.665547512017166
17654,1.5922959529289755
17655,8.1149297345188
17656,4.33188101351438
17657,6.305566281918893
17658,3.595660640774489
17659,5.631572125027821
17660,6.20705872807383
17661,3.292031930835112
17662,2.133424266027114
17663,7.275219711248233
17664,6.549218071776673
17665,9.742771923598184
17666,4.5301742105718885
17667,6.11608970964414
17668,8.573453958950857
17669,7.7760910396688345
17670,2.7824672822619725
17671,6.097754680039968
17672,7.467963308166417
17673,8.927387633646248
17674,2.383988321132644
17675,3.0602914001157737
17676,2.7852868240435598
17677,7.40741117882579
17678,5.1632358076194675
17679,4.684320542185133
17680,9.12295236463873
17681,4.794163383835948
17682,6.707220430518407
17683,5.524044020630943
17684,7.80049611569743
17685,3.950764446892639
17686,6.01199634896649
17687,6.611111760330936
17688,4.282566991049464
17689,6.14630904189315
17690,9.324122770577326
17691,6.429339521849613
17692,5.652737979770111
17693,7.025972006420417
17694,4.986113589571341
17695,5.3464168229554545
17696,7.667538151647406
17697,7.699629128442827
17698,7.632147233943292
17699,1.7832696051933925
17700,6.533609108426836
17701,6.482163965630781
17702,7.401256207757872
17703,7.9769044804654765
17704,4.032220427323086
17705,6.838119125385906
17706,5.351874812929486
17707,4.036035954952748
17708,4.374582173896812
17709,8.904134800140662
17710,3.7547415885748796
17711,7.647419647564833
17712,7.423797527454028
17713,4.087503572589617
17714,6.533706804191199
17715,8.96247879451501
17716,6.039352401954136
17717,4.383109070855868
17718,5.79076021645422
17719,4.766592802547414
17720,6.691916888793626
17721,6.445314630750916
17722,6.120894906137735
17723,5.942751916041143
17724,9.310555172787222
17725,6.196206812815213
17726,5.931723336436842
17727,8.07801238796902
17728,2.18000385456345
17729,3.9125620134433166
17730,8.555374738415924
17731,9.815249504819779
17732,6.459019371884318
17733,7.444945200073228
17734,8.059651195697288
17735,7.779444173779563
17736,4.519292254343618
17737,9.134094788570918
17738,5.545324253844323
17739,3.952228244186155
17740,7.943640841740937
17741,7.195376008752991
17742,9.40837734371116
17743,6.195674744200434
17744,7.257212044257223
17745,8.526430377511234
17746,8.404986976240572
17747,4.418160412922935
17748,8.421211764937706
17749,6.285813274414472
17750,4.888336073653309
17751,4.2205260540692695
17752,5.6437863996044255
17753,7.340283939381435
17754,9.943832516507735
17755,4.980798948499717
17756,4.418193645341045
17757,6.073856474849274
17758,4.858354805704361
17759,0.0
17760,6.482304010952358
17761,6.080464132467868
17762,6.935745250217648
17763,8.788582412757616
17764,7.394357322031334
17765,3.5756297430766364
17766,6.989623606688365
17767,4.7280512587703
17768,7.061098901533637
17769,6.9575787995771226
17770,7.585158878515312
17771,2.6409207261029093
17772,5.917180177291277
17773,7.762731353924959
17774,8.311903665700715
17775,6.069383940565643
17776,6.303682069808064
17777,5.065856790951928
17778,9.46360913042342
17779,8.914080380292532
17780,5.287184608661477
17781,4.677146998935584
17782,4.643053150990263
17783,4.203699296082201
17784,3.5671334945491124
17785,9.522864196472145
17786,7.911860319640727
17787,6.1806729420047954
17788,7.755110237584697
17789,5.519088498176987
17790,7.919536599447947
17791,6.00947527638736
17792,3.8341292349767673
17793,6.28183354070454
17794,5.514941873314435
17795,4.7074755450351535
17796,4.024049207522213
17797,7.262325618614294
17798,5.789155529901226
17799,6.233797551971065
17800,5.242395870473789
17801,6.0653459473362465
17802,8.377350080856418
17803,5.53911558843096
17804,1.491188763836062
17805,7.353128245957174
17806,7.126128876075757
17807,7.224736047992055
17808,5.857901017840169
17809,7.0500310300227005
17810,5.092649867781845
17811,3.602991543306725
17812,5.1335435770566535
17813,7.6433961233045995
17814,5.237648368688432
17815,1.6198933415356964
17816,6.210154140139203
17817,5.122600036831201
17818,5.508852919110563
17819,7.145403113572658
17820,7.126640180180499
17821,4.005607861795442
17822,7.497566557057924
17823,8.45299598515547
17824,5.845769536885156
17825,3.5750988683273577
17826,6.861295281232249
17827,4.885115646488689
17828,4.638820254855418
17829,5.967836104746262
17830,3.510264568159264
17831,4.2059142359327994
17832,8.029457320927577
17833,7.722381728381397
17834,6.25021272111421
17835,6.203152273996567
17836,6.647496603986531
17837,7.077331042937001
17838,5.326894946635692
17839,6.3876905916265025
17840,8.3860230613857
17841,3.9367714708311765
17842,5.265152630942921
17843,7.590689545500276
17844,6.1948877317606135
17845,7.516207159207515
17846,4.501523152701385
17847,5.164289966569875
17848,1.4276086334267635
17849,6.326768744170212
17850,5.307385498162841
17851,5.327263124747795
17852,5.143734320750074
17853,3.3223313340945815
17854,3.9052812989859995
17855,9.01837835247882
17856,6.531899554601015
17857,8.394949248667091
17858,6.034979287573415
17859,8.313209021577853
17860,6.813639846735087
17861,4.519759540005618
17862,3.460075868109474
17863,6.752415100177685
17864,4.856385809125983
17865,7.100242740942428
17866,6.015136510186128
17867,8.414743996145098
17868,9.060791851882211
17869,4.778730902833677
17870,7.369375811611789
17871,7.668937862251731
17872,8.373032419166282
17873,3.962788247939282
17874,9.463690375241796
17875,4.804445488853449
17876,7.306743075116404
17877,7.890834378498022
17878,6.304783786668551
17879,5.373033755240346
17880,6.253238287560204
17881,5.544492106574822
17882,8.045202227565953
17883,6.219247526154353
17884,1.5406408915767007
17885,2.6885327827102903
17886,6.043797779880127
17887,1.5039402628247756
17888,2.8290977213217827
17889,8.040333615622956
17890,8.961320344555828
17891,7.202643220514228
17892,3.3386569213474036
17893,7.295645537966588
17894,5.175660611754143
17895,5.38594996573921
17896,4.127876102109471
17897,3.4437983907074745
17898,5.883174379152262
17899,5.320758023210099
17900,5.649950997191914
17901,5.916697943693069
17902,7.609845772831992
17903,5.894042831377513
17904,4.583334205479895
17905,6.597932399063916
17906,5.513190920063775
17907,8.61240694426774
17908,4.833557858975349
17909,7.460896350903718
17910,7.424161563741666
17911,5.499984006558368
17912,7.06585974726657
17913,7.788308377993962
17914,7.004261101418332
17915,6.091811306409731
17916,5.644335250926115
17917,7.723962388250031
17918,4.917878491358785
17919,3.6985432868658648
17920,7.13309907520346
17921,3.970336799429332
17922,9.064336771357294
17923,6.4651406025691545
17924,2.729260466495546
17925,4.5439221535931535
17926,4.590739671264561
17927,4.157342463788624
17928,8.70833174317258
17929,8.612408558715616
17930,5.602791400869768
17931,4.226919584196619
17932,1.30240135974089
17933,7.056853203638092
17934,6.462901066613463
17935,6.686339362396222
17936,6.640405416113197
17937,6.558385805313951
17938,4.526002690845011
17939,9.43642589163292
17940,8.83589261727747
17941,4.556811508362797
17942,5.1667700098225655
17943,7.177788775442735
17944,5.499401255872324
17945,9.139082578598524
17946,6.551351589753703
17947,9.122194177542406
17948,2.7007225672916153
17949,4.088884995948135
17950,5.31020233483623
17951,7.879295448186698
17952,7.212595168530541
17953,8.782845031099544
17954,4.158744254028434
17955,9.851031748466745
17956,9.532894913961508
17957,7.656412743686393
17958,7.540095055182736
17959,7.080646938816345
17960,4.27938991109434
17961,5.7568447614784874
17962,6.388927315693869
17963,6.399742549048832
17964,4.861368232211913
17965,7.815339503396938
17966,9.01217552066907
17967,6.183705523751656
17968,7.687318374070168
17969,6.025101605849087
17970,7.333650022291728
17971,4.034402053278215
17972,7.517499424929461
17973,5.449484883781171
17974,7.838030082229517
17975,6.289039009628674
17976,7.810952189446767
17977,3.640521822412773
17978,3.9175399704663887
17979,5.613712036324557
17980,6.324441300468044
17981,4.63905511159895
17982,7.144486659599243
17983,5.80944173366416
17984,4.454484337961708
17985,9.40301064450447
17986,8.394040442822254
17987,7.916585779438563
17988,5.412854556369038
17989,5.667034583597575
17990,4.654591529187762
17991,5.880081929033116
17992,8.518265380064266
17993,5.459985436851343
17994,4.223594821494199
17995,1.9940081653397588
17996,6.613496938941708
17997,6.97612066122463
17998,5.097435098191523
17999,4.940646168758486
18000,3.7939118042053237
18001,4.856181070978366
18002,5.375917318976161
18003,6.842216625459665
18004,4.664396604133209
18005,3.874901850268862
18006,5.079527390038409
18007,4.081957050126515
18008,7.667142968752952
18009,1.6594462524940994
18010,5.992019126458579
18011,7.011381746145713
18012,3.958979902496608
18013,9.163766232646271
18014,5.385582259062961
18015,8.717087500603126
18016,9.014188851885017
18017,6.712072045754395
18018,7.61531719631569
18019,5.878683319609553
18020,7.629191136747665
18021,8.042242850391062
18022,5.631008085199085
18023,2.9183311257671978
18024,4.128883438299621
18025,8.894764483275353
18026,5.283264414590078
18027,4.878579481796618
18028,5.299319625308149
18029,8.667428871825761
18030,7.891388801917434
18031,7.267186587175197
18032,7.83321394914557
18033,8.023084176505618
18034,4.406408423107226
18035,6.603780867357255
18036,4.534322877936626
18037,7.615773278505523
18038,6.6880798940100075
18039,7.381948090918436
18040,7.339550459504363
18041,2.814034413523326
18042,5.894417982784409
18043,6.680177108155177
18044,4.1701724111206575
18045,6.493147615597002
18046,3.694593645514902
18047,3.3566895737629068
18048,5.953491182929469
18049,7.075249932514929
18050,8.524000636542628
18051,5.521727166849311
18052,5.364831742773762
18053,8.498515467252236
18054,5.979817574844642
18055,6.4357652737871645
18056,5.7739883273555535
18057,7.154365049317406
18058,6.758029234773359
18059,5.450057104560099
18060,5.656517212485735
18061,7.54077724023875
18062,7.687331105722501
18063,2.441989336421047
18064,6.193055096305414
18065,7.699242230768237
18066,5.117814725452522
18067,9.014444193791409
18068,7.091366209462917
18069,7.4180028866652865
18070,5.6280136728207015
18071,7.306214898408917
18072,8.150822543967589
18073,6.465689423020681
18074,4.440994353244393
18075,5.164564608607428
18076,7.238875975550377
18077,7.346459032815384
18078,5.906337471721673
18079,9.02621852341694
18080,1.9882499470979953
18081,8.453028988433811
18082,9.051258512754785
18083,7.201924999242311
18084,7.441581703889263
18085,0.8978735165467779
18086,5.761247156167763
18087,4.962790747315501
18088,5.489440342162202
18089,6.79650485269413
18090,7.522861769162794
18091,6.079727202708823
18092,3.4469117870881756
18093,8.085458191290035
18094,5.98073087254527
18095,7.833825369783324
18096,6.12380342608334
18097,7.411428866659021
18098,4.790356878707733
18099,5.80105526988403
18100,7.040536905133548
18101,4.110917684887786
18102,8.887656931833968
18103,4.519948966936995
18104,2.965816047232905
18105,6.075280551205909
18106,5.621351649878035
18107,3.942818161426921
18108,7.244777502433571
18109,4.774185854216679
18110,6.780335193316085
18111,4.956969461185482
18112,9.136772709332082
18113,8.722550308810035
18114,6.770868907821395
18115,3.0687993072104596
18116,2.820392446127239
18117,4.702685479915988
18118,7.653291489043019
18119,4.841970698051394
18120,2.9300171932299035
18121,4.823545209582072
18122,5.072827474599418
18123,3.914855274765789
18124,4.851090627214728
18125,9.232508674048846
18126,2.7409226051123734
18127,3.8341068138444836
18128,7.397775962631712
18129,1.8703982543826176
18130,2.3291488036974495
18131,2.9567147329829355
18132,6.616852122468459
18133,7.175117652169833
18134,7.501381460539809
18135,6.521338750221247
18136,8.65935711253417
18137,4.531646897563065
18138,6.4117737073276855
18139,6.84075633598383
18140,4.802954125228845
18141,3.3920512712219093
18142,9.12015538488626
18143,5.353983876396226
18144,5.318102848835349
18145,6.016351668833405
18146,4.971388659178933
18147,6.806409102884679
18148,8.0108176782924
18149,8.207940831638062
18150,8.984248024185545
18151,7.630429011639111
18152,5.830994150245905
18153,4.868452971133369
18154,7.723830924835329
18155,7.39512036852519
18156,4.77873390711762
18157,9.637670246231695
18158,6.353189189489403
18159,2.682104116390614
18160,8.99731573418275
18161,4.303378726193755
18162,5.248474849002804
18163,4.568989158380139
18164,8.816438380949839
18165,3.431104670697992
18166,8.912594660170559
18167,3.157672012525377
18168,9.197635744211022
18169,8.164747718163238
18170,5.0107755900373485
18171,6.428343167269064
18172,4.95232684227117
18173,5.982008272295883
18174,5.354214142966023
18175,7.9233390833637625
18176,6.801375748001309
18177,7.624602264478928
18178,0.842862973058994
18179,6.561195080696921
18180,5.38179470164348
18181,9.381488030482975
18182,4.250401056772262
18183,5.3369501131169415
18184,6.256658035809877
18185,6.832847209756969
18186,7.133376231997052
18187,4.042334152210966
18188,7.04636732566544
18189,8.323039681564003
18190,8.549241862463676
18191,5.482594135863923
18192,5.973693530354582
18193,5.069143551778965
18194,3.608061902734367
18195,6.404832904614949
18196,6.772432465475438
18197,8.300991503574467
18198,8.659839653202289
18199,4.565085004949283
18200,7.952261708352334
18201,6.015186892740239
18202,5.636506938771282
18203,8.922166689130718
18204,6.5491907418959325
18205,6.909448536817757
18206,5.896453999643946
18207,9.330924568795965
18208,7.100871241283852
18209,2.898174231338848
18210,8.372860443194083
18211,8.603318139866683
18212,4.1842555869460565
18213,8.840289978848741
18214,5.781275635300572
18215,7.064356505461489
18216,4.357862392058567
18217,5.3341992033789065
18218,4.264119437817767
18219,5.1207186456732
18220,7.772398767969451
18221,1.6654392973712044
18222,4.578428066596443
18223,5.002233665279725
18224,4.946925003759754
18225,5.624342007355582
18226,6.687484470478164
18227,4.9074811385426615
18228,4.7864136073111325
18229,6.516231819669388
18230,1.3296136478628007
18231,6.054778458572566
18232,3.351259983449192
18233,7.254052855540997
18234,7.157661631726711
18235,9.672228539458269
18236,5.887816567771808
18237,8.978988363201173
18238,5.2417804868659585
18239,6.388395535032102
18240,8.037757367437013
18241,8.526166100933095
18242,6.637489247377622
18243,6.869757505863362
18244,5.895825291312386
18245,7.576706207082649
18246,3.027394804329501
18247,5.274622123051658
18248,4.447856565215962
18249,6.882984490549609
18250,7.347979107336598
18251,6.146653598108945
18252,3.671044991034915
18253,7.95305145506631
18254,0.8202383218568474
18255,7.667127268282063
18256,4.104800599384632
18257,8.338464801950233
18258,5.40772832451025
18259,6.343119916063312
18260,8.91475989603587
18261,3.6636074829545375
18262,7.156412055556934
18263,5.048687460528366
18264,7.512386389042333
18265,3.9361086671548833
18266,7.901048737038317
18267,5.122688919065682
18268,5.828890145829085
18269,8.909611833618143
18270,6.799753647737949
18271,5.864710849100706
18272,5.705822238706667
18273,5.7381913233596835
18274,2.8825446829944523
18275,2.5047042185913186
18276,4.112656470943505
18277,5.5884038410134025
18278,3.7919895570458877
18279,8.144387409783999
18280,6.075831362723528
18281,7.514735363538135
18282,6.091264998037494
18283,2.670375071519102
18284,3.3600437718942033
18285,4.772586826464094
18286,3.916212639900009
18287,6.315133592304665
18288,7.221072688745298
18289,5.014489801363138
18290,6.094754015806615
18291,8.982255069347506
18292,4.525351968125581
18293,7.532819917795698
18294,6.89519821630285
18295,6.59306943271564
18296,8.036586402619184
18297,9.023332632607264
18298,0.7160684088623283
18299,2.023877964514715
18300,6.250862179986193
18301,5.425618891170633
18302,6.222034370657526
18303,4.949704966738677
18304,6.834006844569422
18305,5.380387935006083
18306,6.595815778329866
18307,4.233118452098214
18308,5.821960824230174
18309,4.785811809918914
18310,6.882612737701163
18311,4.641431259734282
18312,7.569963266827795
18313,5.2066820060235575
18314,6.364602401127573
18315,4.498829192548428
18316,10.0
18317,5.66613147427955
18318,5.506340258243981
18319,4.120166263577029
18320,4.718770062563896
18321,3.1234994882150864
18322,3.801022271864944
18323,4.351650880274555
18324,5.007876304118008
18325,7.2204969069485845
18326,4.458362005012048
18327,5.374172291325749
18328,4.135055296001513
18329,2.886135928754779
18330,5.794471067813578
18331,7.23543805227729
18332,5.760744100665392
18333,4.629922065200608
18334,6.19372774173427
18335,6.717829717381186
18336,5.044233584722047
18337,5.751780235622745
18338,7.600844138825404
18339,7.436289517948686
18340,3.6626122596702118
18341,9.548751056413344
18342,3.607094973933654
18343,3.911926144065226
18344,5.723397180225865
18345,5.295854434925573
18346,3.7011454889385833
18347,4.147046453418914
18348,6.989799642801649
18349,4.913487346997617
18350,5.776803123988721
18351,4.667267732322489
18352,1.8744718985719921
18353,5.711299710431164
18354,4.008704037564396
18355,4.074668941509835
18356,4.543920142887741
18357,4.085668695659973
18358,8.343211486232597
18359,5.062482396387542
18360,8.47559912009276
18361,7.313286977981782
18362,7.877150888787261
18363,5.5225124268236225
18364,8.150019525214272
18365,6.772150836480879
18366,7.274505659038778
18367,6.854298887808011
18368,7.958516758689651
18369,4.40918457796434
18370,3.0087644788709245
18371,8.248373461764608
18372,7.155864448632141
18373,7.27741380223423
18374,6.2210666865727235
18375,7.6099143349523874
18376,3.859383030613686
18377,3.3064860151262874
18378,6.125791979071496
18379,5.542005073124521
18380,5.734506431743247
18381,3.8142812682087994
18382,6.988062970954098
18383,3.7463450559134572
18384,6.886653334585292
18385,5.8909476291631915
18386,6.094821786636838
18387,5.909638125438236
18388,7.860070172599204
18389,2.9759928859338176
18390,7.973415515724071
18391,3.0554458444608024
18392,3.93938700087601
18393,8.430090985839433
18394,7.981643601119926
18395,7.003025141428032
18396,6.641942572581094
18397,2.499009562310178
18398,7.194719486475999
18399,7.857160422755358
18400,6.702478212555142
18401,6.72278879225634
18402,4.462681419672977
18403,4.258609963125992
18404,3.8298431460012488
18405,6.785112848761054
18406,8.11280815946863
18407,6.063743095859722
18408,6.15361846882058
18409,4.712448884324899
18410,9.649466655317978
18411,4.541936136825415
18412,4.99722497428532
18413,5.624175526476286
18414,3.4037438378293876
18415,5.256619760483587
18416,6.828496842740377
18417,6.224895291490101
18418,6.502058611284945
18419,6.247956951989025
18420,4.56252503724013
18421,8.07184619655972
18422,5.050435742957179
18423,5.155096260836476
18424,8.543604977597026
18425,3.9136537659153774
18426,6.60900000818046
18427,7.584961654944586
18428,5.552308064581363
18429,7.820724326648523
18430,7.627217430291767
18431,2.34141705732892
18432,4.786341726998814
18433,6.806494744296707
18434,6.384633392333424
18435,5.200045041974546
18436,4.159412761744013
18437,5.046827368411647
18438,4.221409893003355
18439,9.072310899846485
18440,6.8827865604763625
18441,7.499783252138779
18442,0.5863141251989713
18443,4.87936259201328
18444,4.68539929291733
18445,5.0910941498617355
18446,8.008983362355934
18447,5.326796210283481
18448,5.7846217145639915
18449,1.78839723683364
18450,4.260627544335448
18451,5.107152061912293
18452,6.825984030215368
18453,2.420566869915208
18454,7.993247414402975
18455,8.091404643151805
18456,4.962507597552267
18457,5.948466501479254
18458,6.951800430715713
18459,3.4862638517611777
18460,4.894589484894285
18461,4.129024814163949
18462,7.35904182198684
18463,4.73828291380843
18464,6.240337272341547
18465,7.365655437472971
18466,6.194652903230806
18467,3.8791438055667227
18468,7.852825813850774
18469,5.383579918432022
18470,6.705714548156412
18471,7.784507660644376
18472,8.096349794934815
18473,4.347478154949759
18474,2.162602844691885
18475,4.798473766108065
18476,6.418570135054651
18477,7.078205303240058
18478,8.067374121692378
18479,5.583772781033692
18480,7.129481677884734
18481,2.2539779303130256
18482,5.221729861497633
18483,6.282028989983288
18484,9.211990840270083
18485,4.294891169326253
18486,5.408147055141266
18487,5.28918692523938
18488,5.823714110516952
18489,2.1760436543358117
18490,5.479072809067596
18491,4.901018275738588
18492,4.347791432538943
18493,3.7297924207135704
18494,3.694108824571628
18495,5.777904889198324
18496,7.306807535054762
18497,6.282749325708068
18498,7.544667516502112
18499,5.3952553511773065
18500,4.223503152203955
18501,2.3933546590683
18502,4.880631653879102
18503,8.299272235828935
18504,2.480191854517715
18505,5.4217714391581096
18506,3.0148504020250737
18507,5.487689154174301
18508,2.2202621471943917
18509,5.1367646305867
18510,6.331163317867249
18511,5.101634162352683
18512,6.505735336659965
18513,5.572008751085934
18514,3.8479685139759563
18515,4.786903167500975
18516,7.675688824182816
18517,6.183508885665792
18518,5.038974244040237
18519,6.162387660293897
18520,7.207624326904153
18521,8.464080727343607
18522,6.377898527006849
18523,6.801743771716218
18524,0.046446028930271485
18525,5.358877922893074
18526,5.513858974999666
18527,4.968393201386726
18528,8.667406423468243
18529,8.66256718619399
18530,4.603124215868785
18531,2.7788374004238396
18532,5.593778852826871
18533,4.848869192357535
18534,8.093116834616122
18535,8.257079001958033
18536,8.213672754775848
18537,3.600716126568723
18538,6.283885209776188
18539,4.612605323008942
18540,8.441103849786101
18541,3.9611594847669434
18542,5.429359852503266
18543,9.00670743427282
18544,6.040491882756641
18545,3.6461141102847905
18546,4.42970880939374
18547,7.803003208930966
18548,3.7735769959641585
18549,6.490439842642129
18550,1.221831329133169
18551,8.062960026620113
18552,3.592684628082253
18553,6.30360468688421
18554,4.450158169534644
18555,8.42718044436945
18556,4.803134091855598
18557,7.485867892935994
18558,5.406026047449692
18559,2.0809846501345417
18560,4.8554735887612885
18561,5.018724562734998
18562,6.780430248676848
18563,7.274649904663079
18564,6.834043486224511
18565,3.4118605188951245
18566,9.313946080441463
18567,6.483882110204095
18568,2.3768880466725437
18569,9.630261443195295
18570,3.2927219457236654
18571,7.565448439969473
18572,5.863510592865292
18573,5.174774031459519
18574,8.405881655479817
18575,5.796678995017204
18576,7.223502474605119
18577,6.48537307433754
18578,6.476541097908159
18579,7.674164737410431
18580,4.078623375308784
18581,6.594548253309453
18582,6.353826147761921
18583,6.493437480307152
18584,5.855207756637125
18585,8.116213293053837
18586,8.141907155314794
18587,4.565193795842302
18588,7.971004626224442
18589,7.517768784452927
18590,7.672634640976466
18591,3.45514981725783
18592,7.287933648446814
18593,7.943540802295381
18594,7.7196122028063785
18595,3.4718565114026405
18596,5.576598373851741
18597,3.7864422587904976
18598,4.436257252751154
18599,4.211778778705022
18600,7.352175114583225
18601,8.300923932073184
18602,4.673479075226811
18603,4.876731927221594
18604,5.143865054861154
18605,6.001864463458471
18606,2.6519751432712653
18607,5.161326360185088
18608,8.663142723414975
18609,4.724954926895908
18610,8.089727234443892
18611,6.7746180182556825
18612,4.9985327833171
18613,7.0194843861997285
18614,4.383335020592142
18615,6.6030941049976715
18616,2.4250691283808776
18617,3.147348728258812
18618,7.555697154635589
18619,7.1669672506479145
18620,5.807895731004831
18621,3.9476713620667834
18622,6.549270072237528
18623,4.604210998073405
18624,6.79344525837466
18625,7.519837025281968
18626,3.747503279844375
18627,8.196105807401985
18628,7.962963362652434
18629,6.570823726314002
18630,5.318415308994391
18631,6.938594648418274
18632,2.7899265707491416
18633,9.350492914407988
18634,2.7019239999247797
18635,5.779092571138482
18636,6.720916478414998
18637,6.026139090692231
18638,8.762348485306918
18639,5.822997959355417
18640,7.754864299135829
18641,0.9729835070303381
18642,3.432004054405159
18643,5.0490084508478255
18644,6.902159652576919
18645,7.38244042133406
18646,3.3352910088113337
18647,4.226180516966483
18648,5.858788490911667
18649,3.7056702989095633
18650,5.855037342058211
18651,6.241203961985524
18652,4.666510876630284
18653,3.8045599239753187
18654,5.222258937220569
18655,3.1016051526608197
18656,9.391611511431586
18657,5.01911788355265
18658,5.442482334686135
18659,5.202124530591137
18660,7.980548379881569
18661,7.171465490713919
18662,4.8548908810926354
18663,8.150953561527395
18664,4.53741927799466
18665,8.951864192231831
18666,5.31316237707567
18667,8.732122800108373
18668,6.408007049034141
18669,7.049519490232734
18670,6.7820198346544025
18671,6.816526392274412
18672,5.804748722110841
18673,7.386294324759698
18674,4.784246276684298
18675,5.11672929183495
18676,6.577171770444687
18677,4.835703929937688
18678,7.755627715665588
18679,6.7754189924062755
18680,5.198707133968823
18681,6.577856712170868
18682,7.170743518828577
18683,6.539870814390174
18684,3.3257832394337723
18685,4.4260643633797985
18686,4.760705176165104
18687,6.076682522422207
18688,9.211664916320558
18689,7.380023494772557
18690,2.924083079426374
18691,6.381662976840067
18692,8.885470567570268
18693,7.901412979709789
18694,7.322874866125532
18695,3.2570681938140043
18696,8.906398682379114
18697,3.1502930179748834
18698,3.7856935160120946
18699,4.436043325083242
18700,8.019581480005906
18701,7.441439634248228
18702,7.729986932584608
18703,6.727906311148641
18704,4.154997791841974
18705,3.986580642242207
18706,4.708185569625016
18707,8.310123014879773
18708,8.954755501829375
18709,5.4391731447923055
18710,5.3588215949274085
18711,7.678286415008975
18712,6.713554742578149
18713,5.553849447242732
18714,7.668544438658166
18715,4.897662731264203
18716,6.747672213869685
18717,5.649524658783539
18718,4.191903242986551
18719,5.446014447257776
18720,4.128527548029136
18721,4.885030390435015
18722,6.202044684051508
18723,9.054345696353549
18724,7.864848736911585
18725,5.496653905223539
18726,9.144929549268106
18727,6.923999389547529
18728,5.840879873041114
18729,8.333926537930138
18730,3.7140756316428063
18731,6.973308828958778
18732,8.199036416452048
18733,4.678031819152259
18734,7.3907100792689056
18735,6.25573296849613
18736,6.120436079581828
18737,7.951577485937045
18738,2.4588869448341146
18739,4.169705188951875
18740,6.3171470990384995
18741,5.993768778167194
18742,7.340638250580307
18743,5.324719498036371
18744,4.265050443238488
18745,7.924963290479022
18746,3.887839801575174
18747,7.651846147265086
18748,8.51147366531051
18749,2.4792580009615457
18750,5.066512604255201
18751,8.164430166638429
18752,5.935355764697095
18753,8.26716457278252
18754,4.33832322273282
18755,4.949642974455764
18756,4.720994190828197
18757,7.291365026120186
18758,5.164756577850489
18759,4.098497307586106
18760,6.508674231306724
18761,6.735207804998109
18762,7.508299067035832
18763,5.134816252140546
18764,5.287911173666871
18765,8.17415809628639
18766,7.203995777929669
18767,4.821554315362071
18768,6.312468879953961
18769,1.4950024609878183
18770,5.155128713292421
18771,2.1891275335594123
18772,4.242332023928363
18773,8.308102266611941
18774,7.829916418975755
18775,7.0802414130454085
18776,7.465676610567283
18777,1.9081331881759966
18778,5.61516338902517
18779,8.437074983692037
18780,5.522690697017466
18781,8.786285933925914
18782,2.2737851923207324
18783,8.299919954133607
18784,6.923041299884139
18785,5.718942043602331
18786,8.69042591131455
18787,7.079522128204361
18788,7.699098546339943
18789,6.25168359283547
18790,10.0
18791,5.789722102921585
18792,8.942984258002893
18793,7.126118062574922
18794,4.0527294765706605
18795,8.350279532241535
18796,6.571254634629296
18797,6.000399816512813
18798,5.861958764888809
18799,4.963867940754972
18800,6.122746071656012
18801,5.674879617048038
18802,6.761327149443789
18803,6.419601121543878
18804,6.814975380474151
18805,8.541912299811006
18806,5.436084793383179
18807,4.836721827677093
18808,5.031091095629736
18809,7.737150360511816
18810,6.050364298270275
18811,5.217500660790127
18812,7.180922929983527
18813,7.434269245716037
18814,5.451819381378803
18815,5.540118869700652
18816,4.511385933031917
18817,6.3308573814026765
18818,4.750323668633427
18819,5.443960271546058
18820,7.523846234649571
18821,4.997950363058355
18822,1.4535690767608063
18823,5.811518937671155
18824,4.658879547681413
18825,2.833619911079694
18826,5.6437310566048495
18827,3.5509417019390273
18828,3.362233084179803
18829,7.525257104346665
18830,4.460975666040376
18831,9.434983231001292
18832,5.7306851632742335
18833,8.27865228728365
18834,8.161444715756176
18835,7.220589484136409
18836,8.346193470286877
18837,5.1477912245480315
18838,4.995724648645766
18839,7.757414070380495
18840,6.710928268649332
18841,6.444138902908913
18842,8.574069213061854
18843,8.767901718501193
18844,6.500469178603303
18845,6.515912563784218
18846,5.8253556840527745
18847,7.780592886666287
18848,4.894839069253026
18849,2.790772977036061
18850,8.719660319898281
18851,6.008904335484435
18852,6.557334342366148
18853,5.011911764327648
18854,4.981463135297187
18855,9.019668671012491
18856,5.2516889848165755
18857,5.981702197111148
18858,8.518957817652101
18859,4.706549426985936
18860,5.561331808527972
18861,2.888480152515979
18862,7.008279943408427
18863,6.328522278654523
18864,8.045928237175204
18865,8.937894899032454
18866,8.041983528437498
18867,6.848666416552361
18868,9.242128553694332
18869,8.587901039762631
18870,4.743338646177878
18871,7.972070660322315
18872,6.009696877299714
18873,4.1245915475738215
18874,5.6277383973802175
18875,4.4180136519605275
18876,2.079005117555256
18877,5.77481579769639
18878,4.263038331848993
18879,7.0803761425286
18880,3.1181839438996763
18881,7.3288369448800275
18882,7.832610854265212
18883,9.368999141045636
18884,4.667748697393446
18885,6.232413924884407
18886,7.751598540807954
18887,6.301114303283332
18888,4.5728693995607825
18889,5.419178944742776
18890,3.649508308660549
18891,8.891718866256795
18892,4.445945531527807
18893,9.621506889785582
18894,6.298109404698308
18895,7.971095157154965
18896,8.123871526975101
18897,6.202020824077557
18898,7.406136330616653
18899,4.996397274089168
18900,9.384212568841395
18901,4.4032615513190185
18902,6.4622188113611045
18903,6.176229135773171
18904,3.3564382973438787
18905,4.233293963204237
18906,6.457049102710169
18907,4.825615910402511
18908,7.738778062559927
18909,4.649952690537012
18910,5.241599778942139
18911,6.023614933097202
18912,6.03161272100056
18913,6.591293896024581
18914,3.505735499785007
18915,4.125688897819964
18916,8.4426594779332
18917,5.310051214568004
18918,6.921861726452227
18919,5.991476432688879
18920,7.059426138314509
18921,6.308803676632063
18922,7.356315569370954
18923,6.2150032121475025
18924,4.034172797779815
18925,3.9777440384171037
18926,4.722831169891898
18927,6.37639934328923
18928,6.661923850273955
18929,6.225822119823958
18930,2.4905669486037
18931,7.222264386794403
18932,7.0634784517172235
18933,3.3434674532678414
18934,7.579118240805583
18935,1.4733726719657598
18936,8.20050465955266
18937,7.747233518911705
18938,6.986295454719213
18939,10.0
18940,4.08079866729556
18941,7.9943409983296085
18942,8.33064289164396
18943,8.439540515969384
18944,3.288718632184861
18945,6.0413019154637935
18946,7.535625401664617
18947,1.9333107479155611
18948,6.541646442754165
18949,6.250344063631415
18950,5.174638743455163
18951,7.989337284808067
18952,8.6539847620023
18953,7.394463564999161
18954,6.531360519667692
18955,5.0487074023577945
18956,6.217820025928986
18957,5.321763782145554
18958,7.251902798651756
18959,4.107528424195379
18960,7.719250474943096
18961,9.369346717713016
18962,6.803578481755147
18963,7.219166780258082
18964,4.667960926264092
18965,8.407731357041664
18966,5.317179990821804
18967,9.031419072917455
18968,6.376194038486581
18969,3.0941958497064306
18970,4.069956915498022
18971,6.087611880936436
18972,6.499799442571327
18973,5.572270405020069
18974,6.083066785030193
18975,5.093591818059321
18976,9.852448205548306
18977,7.225807375606463
18978,6.388116382830982
18979,4.9148341496708134
18980,6.356119901602495
18981,2.4024208612138933
18982,5.333147216654064
18983,6.756555673904063
18984,2.831481629197117
18985,5.969333637057077
18986,2.2149036200831174
18987,4.0818369198376345
18988,5.5929057748914355
18989,6.8201171226760025
18990,5.957442182434977
18991,6.659661718326484
18992,6.615163433611863
18993,8.966090702417077
18994,6.6616218964606135
18995,3.8327426724275053
18996,7.678532887175413
18997,3.251217536048469
18998,6.089455153556737
18999,4.029889980694529
19000,6.804182184083691
19001,3.189881643079406
19002,5.025945804710632
19003,4.104315395760311
19004,3.0489152865120026
19005,5.256351513715418
19006,2.573423476661337
19007,3.802060782486078
19008,3.0995774070759596
19009,4.452005445436596
19010,7.271178849861703
19011,5.561200161860721
19012,9.664798209283994
19013,6.390691438085724
19014,8.397547143868076
19015,2.970739956790406
19016,2.207945619610661
19017,4.077896459488598
19018,7.496193142626377
19019,7.38540544485388
19020,6.653457540779328
19021,5.949436824063515
19022,5.7671792025911035
19023,3.4459321785532873
19024,7.998631934601283
19025,6.910635396810702
19026,6.440041969866064
19027,5.861817019883351
19028,8.59095203456418
19029,2.2924742380325527
19030,6.172786098923981
19031,5.252582261278309
19032,3.773557610667901
19033,6.349999978462502
19034,6.4973707642909755
19035,6.707605987332974
19036,7.335080445317482
19037,3.756991401225947
19038,6.976697644573424
19039,6.577575797485147
19040,4.955649803488199
19041,4.430983905428505
19042,6.863379801138798
19043,5.740435338339955
19044,4.869684433883118
19045,4.879509231255722
19046,5.477991552642552
19047,6.616955793599479
19048,7.270205502666477
19049,7.108980296103569
19050,4.4257765709584
19051,5.006026283516779
19052,5.9921437555504244
19053,5.641261690784889
19054,6.7834592007190695
19055,7.200840992747804
19056,8.37449894118814
19057,5.254821636389865
19058,6.038792931445432
19059,7.475243575729531
19060,2.83965597786014
19061,7.194637039580671
19062,6.700281512835747
19063,7.265080644391544
19064,10.0
19065,1.1200908126244946
19066,3.840822162591691
19067,8.119639473944398
19068,7.839072206415849
19069,6.886424724581752
19070,5.9964031827236095
19071,5.454904795380022
19072,9.412169200161832
19073,6.987567921867781
19074,7.48630755081948
19075,5.104510539615414
19076,5.703840886547997
19077,5.740151468033225
19078,5.917460312319782
19079,6.528144194714025
19080,6.126972548386172
19081,4.187687423576371
19082,4.471468170974678
19083,7.286516207870722
19084,5.853509794322068
19085,3.693023575719689
19086,8.640099764107102
19087,6.396225309099818
19088,2.4721052902503353
19089,2.0319404917424704
19090,7.575271536511731
19091,8.171356916397396
19092,7.218184694566976
19093,2.220373928463473
19094,1.9686608959341314
19095,7.047210761487881
19096,4.003210282695568
19097,5.6878548984721835
19098,7.449878036566577
19099,3.08592625602496
19100,3.0371679669241227
19101,6.7674110929917
19102,5.547606816191904
19103,5.895473586525873
19104,8.992299586635024
19105,6.033094255595077
19106,3.8497475620603856
19107,6.929928406803095
19108,6.575271525544042
19109,5.438640138362348
19110,1.6014298574677803
19111,7.526346075893229
19112,5.155934948045489
19113,2.9725952164438607
19114,6.944160544940736
19115,7.245441590354961
19116,7.218806982524488
19117,8.216139983482666
19118,4.883152344257586
19119,8.74918284591757
19120,7.672240503664256
19121,9.00511911998003
19122,6.917685434628383
19123,5.143258212043187
19124,8.776234707953877
19125,5.005457006455861
19126,5.330776844012569
19127,6.946218276844196
19128,3.4834140210733335
19129,5.359109570883408
19130,7.2071704039055655
19131,7.039733428552396
19132,5.970282785552759
19133,7.486652531000986
19134,3.283683162534753
19135,9.179357550474913
19136,3.7373251919347728
19137,7.664901516105603
19138,8.007973652693323
19139,6.36808605111324
19140,5.771354297891848
19141,9.450384775747807
19142,4.998657890009603
19143,9.031207152168339
19144,2.8583623161959073
19145,5.026210399385157
19146,2.9940579919995947
19147,6.958591125509028
19148,7.850410498118106
19149,4.736846966504775
19150,6.639475866832368
19151,8.892131596635302
19152,6.678774880474681
19153,5.056885604902461
19154,7.560913594590989
19155,3.8316058979088496
19156,5.4407676391107165
19157,8.041627805496935
19158,7.031324101810763
19159,3.5536984266843854
19160,8.666061764941665
19161,3.771777650596109
19162,9.467104364708776
19163,5.079676714391416
19164,5.3763007857889455
19165,6.625639899900304
19166,3.934411213136286
19167,6.329265903981595
19168,8.544183511218527
19169,8.010266647397918
19170,6.675297794469201
19171,6.635990257882925
19172,8.48504550296888
19173,3.9198480487913163
19174,8.089456116823076
19175,9.301150937281228
19176,6.430826695007237
19177,5.382587164255985
19178,4.583556004610556
19179,6.325067013245245
19180,7.198749949036112
19181,5.0917116251773065
19182,8.866669413655963
19183,8.62134528145371
19184,4.763323855923312
19185,2.1232401035657205
19186,7.710698294002263
19187,7.6930612930863385
19188,3.7612649502768964
19189,3.397090837195191
19190,8.115833014120152
19191,6.077153526476609
19192,7.055706665365414
19193,7.984856787435601
19194,1.6963090774920218
19195,3.7265451227416695
19196,5.544791848450816
19197,6.51517490539533
19198,9.17422458754676
19199,4.676559828910853
19200,4.267880058455117
19201,6.555058822663018
19202,3.2407895623977416
19203,4.952093780297763
19204,8.790708961362679
19205,6.881575581848295
19206,6.067967909004635
19207,6.812508349176776
19208,3.7054114608777753
19209,5.986941685902413
19210,6.982219162702174
19211,5.959346034607065
19212,4.849428551707902
19213,7.762074247630607
19214,6.372327133885905
19215,3.9358927046756094
19216,6.13811252124608
19217,8.141266029574046
19218,4.379775353571383
19219,9.318860604972484
19220,6.80768534665819
19221,2.6231288332264677
19222,8.157100964955132
19223,5.651971548155712
19224,5.000397333487817
19225,7.438753037605981
19226,2.809994603539397
19227,5.579361611218306
19228,2.9990617390678644
19229,4.077693244208004
19230,4.1923973080213575
19231,7.3030196144031905
19232,7.040013714985413
19233,6.88288373531297
19234,9.071170173440466
19235,7.432866025948341
19236,4.711115832270582
19237,3.150176335233558
19238,4.914043080181867
19239,3.806498331341916
19240,6.4112618243809
19241,5.383876579001705
19242,2.7564948517438643
19243,7.472835840339693
19244,7.9298733968901844
19245,5.913103736469268
19246,6.580881786281199
19247,6.694770695937485
19248,7.1423083077035745
19249,8.85673340524043
19250,5.56460183501884
19251,6.926967878354033
19252,3.27384885792412
19253,6.070578472615676
19254,6.801107627087498
19255,6.30469980708808
19256,6.18289056654179
19257,7.930889118465279
19258,3.1565683991867908
19259,4.79639861955201
19260,6.571244049884656
19261,2.38868755428091
19262,7.362722343585935
19263,8.444072413319129
19264,2.8604894969407026
19265,2.2853373312630696
19266,7.712636772879118
19267,8.044001152859211
19268,6.257656437798628
19269,4.482250621582555
19270,4.43565646427489
19271,2.7284700825466293
19272,5.668352004060441
19273,8.202573366463973
19274,2.620412661274844
19275,5.942757503127434
19276,6.540544622936941
19277,7.655868934147834
19278,5.631821159062285
19279,5.572136196850926
19280,4.062402708947129
19281,2.198701435979832
19282,7.203341438914071
19283,5.583592773215556
19284,2.3191676534487757
19285,3.650158292630052
19286,4.273565502233651
19287,5.7096595672310295
19288,6.821279528368877
19289,2.304358660484956
19290,5.526890799737355
19291,6.786504765752155
19292,5.8837061584632036
19293,5.474044727765721
19294,8.48685480789831
19295,5.146575084324644
19296,4.928641560879715
19297,4.6728306220948985
19298,6.362630104402188
19299,6.064449267142405
19300,6.044230262774346
19301,6.9762022962155985
19302,5.175842474504938
19303,6.9494217945637535
19304,3.2432065550625726
19305,4.7190608745361065
19306,2.2890696988409753
19307,4.873796760247585
19308,8.0837159664897
19309,1.934953417562828
19310,6.5452047374088265
19311,5.723106076839646
19312,3.9991827610093034
19313,7.147002556038514
19314,7.128883733171411
19315,3.145458372981524
19316,5.981130720570229
19317,6.144321456360674
19318,2.7769610319569944
19319,4.237146865501998
19320,4.542764488833246
19321,7.841132657098781
19322,3.099565409690614
19323,5.363637505897122
19324,6.522977337513778
19325,6.451792726520316
19326,5.581340525300048
19327,8.131364945595857
19328,5.005931063417989
19329,4.6596604157946055
19330,7.410680241060075
19331,4.4739130217123
19332,7.543895687772866
19333,7.591910627909064
19334,7.790921150658522
19335,7.029742735932249
19336,7.942626546539599
19337,6.8869301030107
19338,5.31383879341535
19339,8.191038985251167
19340,6.153803258928541
19341,4.06687137359714
19342,3.788973908104569
19343,5.75125552998588
19344,6.152868846298839
19345,2.9109428058243516
19346,5.9107306277095315
19347,4.850304874558379
19348,2.71493658537301
19349,6.673968411958818
19350,5.602386005124799
19351,3.4044464074374203
19352,8.999769331241879
19353,2.226073122532091
19354,6.667222741146495
19355,6.676671329664709
19356,7.823891883961526
19357,7.83147529985967
19358,6.563084915276326
19359,6.665404832657289
19360,7.87550656512736
19361,6.524507889165296
19362,3.7426839853661633
19363,5.931292289180068
19364,6.204903235007028
19365,7.267059683320422
19366,4.568708825580881
19367,7.567642992562689
19368,8.052633640296687
19369,8.612710749707768
19370,4.875753556478644
19371,6.33854744196347
19372,5.870403253486657
19373,7.253785104223309
19374,8.201259642237417
19375,6.328079059836843
19376,4.909596111558293
19377,4.298306330258734
19378,6.924548062611862
19379,5.580560518919303
19380,6.403984732853497
19381,8.704008857542522
19382,7.705128683532637
19383,6.9681581284213685
19384,5.893162466383852
19385,2.5228668381463977
19386,5.95288248966748
19387,9.148480432185018
19388,5.753541223920702
19389,8.537546079113866
19390,5.10044562526162
19391,6.78048171675012
19392,3.9664161139620377
19393,4.3027168112348635
19394,6.3725986756462145
19395,4.80297042471465
19396,1.2543703827546944
19397,3.895089927965031
19398,7.845712687660816
19399,4.63399679215716
19400,5.657390856229642
19401,5.6995273419544334
19402,8.53664242903318
19403,5.1188494967104
19404,8.231979864313677
19405,4.517720129585843
19406,4.410234921038074
19407,6.334951544394033
19408,2.7565764992727058
19409,7.23526730816288
19410,5.814159047900374
19411,7.323467772899862
19412,6.174689922983636
19413,7.61797221947529
19414,3.4985464196529077
19415,7.5123297395551525
19416,6.280577345340436
19417,5.25570107070867
19418,1.263019588805146
19419,7.657833185537115
19420,6.15285516671729
19421,5.542620512089151
19422,4.6192480705478465
19423,7.613772441894816
19424,8.26528157812029
19425,6.70273064869363
19426,7.015875255421833
19427,6.1630440526065104
19428,6.505949328427065
19429,6.772496172652556
19430,5.546417500872429
19431,5.991639750594014
19432,5.7724591947630675
19433,4.5763178057701195
19434,8.891576275473904
19435,5.4106302543920695
19436,7.8986471393142015
19437,5.263260922739455
19438,3.201435871722369
19439,4.498082212244424
19440,5.944811365974941
19441,6.187413369172128
19442,8.1391878449606
19443,5.7280634159501425
19444,6.789455100469373
19445,5.75644509125617
19446,8.711094337714385
19447,8.22616225337098
19448,6.590048616419878
19449,9.297521696035211
19450,7.721550776406553
19451,7.781030032796767
19452,5.656871665803123
19453,6.223765093213639
19454,4.162158749364563
19455,5.243458153083247
19456,4.5321798523771015
19457,3.8645394602552483
19458,4.184798009745101
19459,6.065580427313522
19460,5.693181758868317
19461,4.712474580707311
19462,5.670180724674638
19463,0.7281223518271264
19464,6.617249566447299
19465,7.3105036127846565
19466,6.595458386256127
19467,4.0285721070565685
19468,5.576182553476282
19469,2.096924158362183
19470,4.7854932449990395
19471,9.165086271451674
19472,3.869869354650456
19473,7.105923505303061
19474,8.662209784579108
19475,4.71622943247249
19476,5.806504722450509
19477,8.104240538098352
19478,3.4988986379717133
19479,6.81245325663313
19480,5.770551835894275
19481,5.860509926338943
19482,6.4557991847324185
19483,0.29356886108439667
19484,7.512420880461559
19485,8.164508688304451
19486,6.217712886445597
19487,5.781384491649423
19488,7.927872879832334
19489,5.908016150018844
19490,2.2085775481215064
19491,8.207595210903149
19492,7.773566440423623
19493,7.7942216329084015
19494,6.654771707587302
19495,8.720377950521932
19496,7.028361591645855
19497,5.583155524373712
19498,7.737931659053234
19499,5.93344525020184
19500,3.70641718064718
19501,6.030205209062934
19502,8.903831125506862
19503,7.086680039592375
19504,5.323282606463066
19505,7.150589122087977
19506,6.175043487143677
19507,6.716100224463919
19508,6.10902759326253
19509,4.026798476533175
19510,8.633405804619343
19511,3.8472692726299464
19512,7.5810453176162875
19513,8.628811453744039
19514,8.623512872791581
19515,5.858690881572004
19516,3.0062828263103816
19517,8.413988005706736
19518,2.530880751233053
19519,7.076549416563546
19520,6.72682126415151
19521,3.6422184989436013
19522,7.843741298099983
19523,4.038541450225623
19524,6.198984800215347
19525,5.594328029664773
19526,7.718025963219733
19527,8.389615644200124
19528,8.219042444862247
19529,6.211417543066479
19530,3.441639997114979
19531,5.097646489959435
19532,6.990031632967273
19533,6.959792028041632
19534,8.99830698917435
19535,7.190422405564732
19536,6.070893805757654
19537,8.026707649160093
19538,7.692218984628047
19539,7.114430216867374
19540,4.959823104036695
19541,7.06862218001829
19542,4.883374055107538
19543,2.1587711640795915
19544,10.0
19545,8.860297456925121
19546,4.024097647584645
19547,6.839375363201189
19548,5.587548411434134
19549,5.204897490183146
19550,8.445311824611442
19551,7.058446411615181
19552,6.116579719571334
19553,6.224734595964044
19554,6.053366233568171
19555,6.027613393234828
19556,5.014292935575371
19557,3.8799845316534403
19558,5.232216349559503
19559,9.405770344705044
19560,8.390027377718589
19561,8.162839733084537
19562,8.353018935450374
19563,7.928281633224216
19564,4.200524652398872
19565,8.059505467988805
19566,8.45338985832113
19567,7.813967019000799
19568,8.162949833253395
19569,3.427302550781147
19570,6.141287405845407
19571,6.173725742934522
19572,6.7250761480054795
19573,7.212766595100383
19574,8.01954146607265
19575,4.809601138390373
19576,6.887880869612956
19577,3.637166234933191
19578,8.015413356287167
19579,8.219090671973667
19580,7.865787777450376
19581,6.372134569503746
19582,3.70547688912552
19583,5.416345495408213
19584,3.416031152179589
19585,8.727977774859975
19586,4.374285032652643
19587,9.361015227963616
19588,9.64243970983096
19589,1.7729692039696245
19590,1.684910498434402
19591,6.36187087522443
19592,3.9472970950801956
19593,4.11059936473956
19594,6.343187141809547
19595,7.781438496986083
19596,5.451543001438527
19597,4.644155442373431
19598,8.16470234969297
19599,6.421675765014568
19600,4.8639878351892545
19601,5.609060718232682
19602,3.8715204068961646
19603,1.9051206335034752
19604,7.514759956843621
19605,8.593836322278126
19606,10.0
19607,8.91676865812151
19608,7.695173104204673
19609,3.6120712681623837
19610,7.275014761270384
19611,6.176188998564582
19612,6.918995339906316
19613,4.034957149465373
19614,3.5387881955001204
19615,6.48857060232673
19616,5.458336550713076
19617,4.5349119578311585
19618,5.97319870502084
19619,4.240202750536494
19620,6.868048105957574
19621,6.294442094623254
19622,4.516803235820278
19623,8.06747987510826
19624,5.429545288037815
19625,6.038611687686863
19626,4.918422228091357
19627,4.837016357266961
19628,6.540413303192054
19629,4.9856700017582485
19630,6.243679304847343
19631,5.93621716669273
19632,5.422772044005349
19633,4.06703223473174
19634,6.426382977401673
19635,4.242484026521054
19636,6.465161152249982
19637,5.272905258578205
19638,4.949330650780208
19639,6.069333884000048
19640,9.373592443435891
19641,5.318006575620732
19642,6.939385274264066
19643,4.620366555994784
19644,1.7411443988584727
19645,5.72683298536395
19646,7.4737008872100095
19647,2.994442826137548
19648,6.318714534150486
19649,5.405312974661683
19650,7.1572010087634705
19651,4.384876025243566
19652,4.420543143630417
19653,5.458427681146637
19654,5.544027376174804
19655,5.022499113596303
19656,8.779310339200741
19657,8.165542203845183
19658,4.11115464494234
19659,6.844902092256538
19660,3.085276740296246
19661,5.326379612222266
19662,6.337156569526254
19663,4.868820787083524
19664,8.03189373699798
19665,6.731495299710942
19666,6.628785394388197
19667,5.511819838224928
19668,7.685066948342619
19669,3.560695316819722
19670,3.8401393596066535
19671,6.658229484586745
19672,6.366451920083408
19673,4.6973053139218655
19674,7.80782003572125
19675,8.928649210790281
19676,7.912721413718969
19677,9.067717401516848
19678,4.7464381709979095
19679,6.837163138209836
19680,7.39937663791249
19681,9.280067718695499
19682,4.952580656284224
19683,2.712477049628909
19684,4.549758485875616
19685,6.757082971767371
19686,5.428834585767294
19687,7.121095191275859
19688,7.221964819531627
19689,8.743366052404626
19690,2.344131115724627
19691,4.8208117512663495
19692,9.352186629406567
19693,8.466180699686083
19694,6.666823371956694
19695,1.2995071637910791
19696,6.6971193518301355
19697,5.533251320400668
19698,5.408525722119368
19699,3.02495269783059
19700,7.6113330015259395
19701,8.700351232667435
19702,5.573717179419412
19703,8.488396154573342
19704,7.775353353253698
19705,6.6092641788099975
19706,6.80731258030466
19707,4.613743618342562
19708,4.596174253938592
19709,4.308275261739715
19710,9.620114641444566
19711,5.28770484166777
19712,9.095072643373639
19713,7.828303274323255
19714,4.556575042072733
19715,7.135903153401029
19716,8.293746104959306
19717,6.878713457708192
19718,4.375673917310563
19719,3.778841409020555
19720,4.8523567955134235
19721,5.408152602897097
19722,8.020153385238858
19723,7.574593560353571
19724,5.304879819358689
19725,8.029412058560483
19726,4.658068489656187
19727,4.548318764511339
19728,0.7795326935709302
19729,5.959566074947794
19730,7.980518708348441
19731,5.781637340327896
19732,5.241351501860855
19733,4.325512200093669
19734,7.2962221459684224
19735,7.962235960658385
19736,3.6680071764077717
19737,4.550724392595347
19738,3.354576869150049
19739,5.032703472232576
19740,6.853914643352705
19741,5.568545336145122
19742,4.454765090212277
19743,5.854408776096491
19744,6.032656108416679
19745,0.9842631474899198
19746,2.986691283052013
19747,8.52886451856873
19748,2.0672926703619345
19749,4.882851436556196
19750,1.8696083913812802
19751,7.934276585708365
19752,4.435353725563865
19753,7.697439177885892
19754,5.589609936373089
19755,5.807612273410215
19756,7.397599619718027
19757,3.885930051160593
19758,4.153573051932965
19759,6.310464367939826
19760,7.27883704408605
19761,6.545896015346799
19762,6.079586761449382
19763,5.901619169663818
19764,4.843780649263837
19765,6.993925224475019
19766,6.845131853225687
19767,7.506194705523965
19768,6.332843090704958
19769,7.3005413550640545
19770,5.758780374744116
19771,4.0784836166284935
19772,3.201506916667529
19773,5.511470192607691
19774,4.117173580178337
19775,3.269791404199718
19776,9.05564037149847
19777,4.854210288027819
19778,5.785031714526592
19779,7.547546291524237
19780,3.8615477041457296
19781,5.410776490033093
19782,7.38610379843496
19783,4.50275805573624
19784,7.789499467299381
19785,4.615434575672433
19786,5.817365278286293
19787,6.444526918867192
19788,6.664340221228486
19789,6.838802378138983
19790,7.143455303039047
19791,7.908069130474656
19792,5.801650983378562
19793,3.703226899184276
19794,7.494623454978802
19795,7.336292810718711
19796,2.8732348478366956
19797,4.775118132671132
19798,7.40649559900046
19799,3.4400066546044172
19800,4.441176070074782
19801,5.291157884688259
19802,7.944357215801039
19803,7.251845540809335
19804,5.650144390097568
19805,7.107942685179951
19806,9.475324587722511
19807,8.682339555354543
19808,7.7831059413116375
19809,5.949573903521066
19810,3.7838529315861957
19811,4.772032127241229
19812,4.837948797996701
19813,6.502860361998732
19814,4.100493223207097
19815,8.009294214024106
19816,3.681798547412878
19817,7.647359202280821
19818,8.235761653466035
19819,6.07280862470521
19820,5.258564964302452
19821,5.662975051725326
19822,6.423220854494381
19823,7.469875403913493
19824,9.360618992206764
19825,8.268986948552824
19826,8.132159364049143
19827,4.068877246334866
19828,8.393032845899782
19829,2.485797448144589
19830,2.5458240080272856
19831,5.634579007686729
19832,3.9639066895802935
19833,5.64240398244713
19834,3.8451319243833657
19835,8.527624308659297
19836,7.086429052683108
19837,3.4753373215699908
19838,4.022624721705831
19839,8.99159020945102
19840,6.89381536642848
19841,4.163231200008395
19842,7.732870274529006
19843,6.20098859977117
19844,5.6158747007228085
19845,6.917005306596039
19846,8.226823487742472
19847,9.088739938882448
19848,7.789301985716503
19849,6.2463389495948185
19850,4.338322332573668
19851,6.013355061999821
19852,4.756006425551508
19853,8.13712097260896
19854,5.885201632385386
19855,8.269213537747492
19856,8.59572535496309
19857,3.2131134820761424
19858,5.508067747717036
19859,3.738057419533014
19860,7.6590734198104355
19861,2.358307397220536
19862,5.5371883447015025
19863,7.067691875099328
19864,6.2887650681760014
19865,9.45914955710292
19866,7.642630166275501
19867,3.4882312541866014
19868,4.09998045930382
19869,6.52271218860796
19870,7.776884006625875
19871,5.856034389743892
19872,5.788910666884992
19873,4.407887980320184
19874,3.7244783227848575
19875,4.909843600412292
19876,5.00962007032914
19877,8.47672028989873
19878,8.55741584105641
19879,5.125749089774323
19880,7.349289697074381
19881,7.259064324583899
19882,6.984194670241183
19883,6.2633336564831055
19884,6.5103040982568565
19885,5.943048297095017
19886,5.988140991371433
19887,6.2715030132173375
19888,6.377184951350403
19889,4.237618567280088
19890,5.776686104931558
19891,3.9505272571564722
19892,2.361549678087859
19893,5.601763295307773
19894,7.744877668895903
19895,7.421073433128575
19896,5.345850113151698
19897,3.5592691938379097
19898,5.261073045175325
19899,4.8332943227800715
19900,6.6411568793010884
19901,6.170878806125231
19902,7.895373520033747
19903,8.340594139344221
19904,4.545539136634103
19905,10.0
19906,7.363817788180823
19907,9.024609560567626
19908,5.13720478692585
19909,6.223276031215165
19910,6.183210590489168
19911,5.856975763050963
19912,6.222826218514932
19913,7.971151665986866
19914,4.448332409338066
19915,6.507096462026936
19916,6.502411753177471
19917,5.585132583462423
19918,4.561752895128114
19919,8.245574567649431
19920,7.8516027512738855
19921,7.732357159008977
19922,6.81117339421015
19923,7.324104073165994
19924,7.256847760078916
19925,6.544499160089451
19926,4.140532288280723
19927,6.960013232530545
19928,7.055914692237283
19929,5.275506863303554
19930,7.949189053751809
19931,4.490169947981714
19932,6.549471298211294
19933,8.599551851734029
19934,7.683418083601454
19935,5.125044932500797
19936,8.416163084218594
19937,8.113298796650518
19938,2.8196038495577245
19939,8.210307500369755
19940,7.81866482017569
19941,8.953791306323431
19942,5.051073477711559
19943,6.86768641609804
19944,5.89539425946634
19945,3.65404693912561
19946,4.345635257154812
19947,1.7023729650126769
19948,3.4069859759577525
19949,5.353224496029992
19950,8.767942698365058
19951,3.9001377792016436
19952,4.320165916217167
19953,5.467442550848843
19954,2.1258850686330204
19955,5.8392245366216455
19956,6.717158683045973
19957,8.40024634781048
19958,7.9048664373627835
19959,8.612024279052333
19960,6.111468735076352
19961,4.142706756805039
19962,4.720943671887393
19963,6.410740516942186
19964,3.6387306116355296
19965,5.572903220564667
19966,2.47999141506938
19967,8.791989569959428
19968,4.881259414600184
19969,6.941450722652643
19970,7.521949279500391
19971,5.261253427722705
19972,6.296233330289973
19973,5.511225429274795
19974,5.576932917284552
19975,2.1345481769555383
19976,5.910591882725095
19977,3.1194843974057176
19978,3.849502951439352
19979,6.854989691207963
19980,2.896790680338635
19981,5.778608947193988
19982,7.304438443525483
19983,6.519278825903491
19984,3.9283650808948583
19985,4.945282577376566
19986,7.556719142485208
19987,8.564530520814397
19988,5.009153730756612
19989,4.974714531395518
19990,8.750586580188118
19991,4.32333132262682
19992,6.731956218534269
19993,6.001059249231639
19994,6.044565737827832
19995,8.228245365769707
19996,7.134908017980956
19997,3.48687625382996
19998,3.8968447350546684
19999,5.38192917138926
20000,6.919865800835245
20001,8.779735709584632
20002,6.054857935040342
20003,3.5934069230005496
20004,3.3739073004575966
20005,6.163076067140587
20006,4.311768759137352
20007,5.3418581597842945
20008,8.425589906979106
20009,5.7278318578543965
20010,6.442707504159556
20011,5.615919057841386
20012,2.869468903896071
20013,7.094941424018168
20014,1.6817034330493466
20015,7.826119251071611
20016,4.451536829018014
20017,3.9918233442518476
20018,9.860708930631652
20019,3.7010467601639965
20020,5.543218488227212
20021,5.040662365227741
20022,5.806837186174789
20023,3.3880404891410194
20024,6.4318631899666805
20025,3.0724131704342845
20026,3.9263065280116582
20027,8.131308465094419
20028,8.421309642544577
20029,7.0557177488076
20030,2.855653147152867
20031,6.932356561406954
20032,5.2291194728548795
20033,8.706630633843432
20034,7.672441911435823
20035,4.641464858661302
20036,8.022483312187175
20037,6.113361808355136
20038,5.999316202002951
20039,7.682621635447702
20040,7.08474334001199
20041,9.444151462193869
20042,8.470168848979844
20043,4.9572024753008375
20044,6.795634127587795
20045,2.7707676473298424
20046,5.9754554610909185
20047,4.3842704907719225
20048,7.279529064740665
20049,3.0652190540276827
20050,3.592942626162759
20051,5.609728993185478
20052,6.523593916159356
20053,7.431678254125309
20054,5.308175945845944
20055,4.286873050781146
20056,6.558826881788785
20057,5.664573745144482
20058,5.810288877859318
20059,6.719376476158699
20060,6.058333780288604
20061,4.761673132064872
20062,5.289350398140532
20063,6.058333517694373
20064,2.135291175261328
20065,5.49225776707198
20066,5.416196893006587
20067,8.808243916619283
20068,5.380004670186823
20069,4.74506939869531
20070,3.7470993728530178
20071,6.84035069945525
20072,6.24622185577558
20073,7.38973435079368
20074,7.754333851349445
20075,6.588018622303064
20076,3.091410045384865
20077,3.7712557142824363
20078,9.22257759212875
20079,6.372537037716967
20080,7.1788482995209995
20081,8.565715852483653
20082,6.198565635615688
20083,4.66917796954671
20084,5.725307284898021
20085,7.267430207991992
20086,6.832840584476538
20087,6.733856451503044
20088,5.909504625283503
20089,3.6346354827579277
20090,2.993813566406016
20091,6.6656026148744045
20092,8.103341276200085
20093,7.384505939465665
20094,9.422518877995909
20095,7.939283122303614
20096,7.939637696640956
20097,4.750646727119255
20098,7.823106746385769
20099,4.126038720873923
20100,4.9492644909319505
20101,4.838830484660179
20102,4.282525429435203
20103,4.122381244652541
20104,5.890525386005702
20105,7.797979044164824
20106,4.024315520134608
20107,5.164078983256943
20108,5.828885213416735
20109,4.2683650258303505
20110,3.5497748798819564
20111,8.166207408244363
20112,3.8542963338304275
20113,9.66055898534858
20114,4.185847805399028
20115,4.678672863649816
20116,5.207086822859897
20117,4.864056597899679
20118,2.878250506444336
20119,5.463881272860691
20120,6.987334472519128
20121,6.488872362195692
20122,6.958698190777483
20123,3.6170627956981045
20124,2.8058415765233695
20125,6.79210197978003
20126,7.519429398018509
20127,3.3331164090294285
20128,6.796235972778562
20129,7.814663506316523
20130,3.6382186727719805
20131,6.111950353957032
20132,6.83895397127659
20133,6.342288231869349
20134,5.678925887545984
20135,8.878454339725128
20136,5.593043618502246
20137,5.190372645884651
20138,3.6662365097366383
20139,9.409674912429683
20140,2.173792704560877
20141,4.159082506151205
20142,5.8641740663627555
20143,9.354267653955457
20144,5.743978146987729
20145,8.023493138623845
20146,8.489576754943249
20147,5.075738968492767
20148,4.727500770391938
20149,5.936159301407498
20150,6.246708785997173
20151,1.7391437797185767
20152,6.034717712755444
20153,5.288203831592543
20154,6.952402376854039
20155,6.842458527444758
20156,3.046500032505773
20157,2.7301403245553333
20158,6.008099229725122
20159,6.193993901933951
20160,2.4129351704484185
20161,4.568889669968957
20162,6.17647569086397
20163,4.409406913611397
20164,8.383542171131083
20165,9.494540179248007
20166,2.152630448698618
20167,2.8545443255184444
20168,7.018730327170519
20169,7.920004014294728
20170,5.539780748489048
20171,4.711544520065076
20172,4.345582669143353
20173,4.699360363125043
20174,3.5632195454131628
20175,4.965014163814131
20176,7.825827284479789
20177,8.665425639087651
20178,1.8235164383028575
20179,7.9379773597988565
20180,6.0716513542311805
20181,8.459099235989482
20182,5.683887475148468
20183,8.625066777630956
20184,7.0656075137689776
20185,6.316013133754784
20186,6.524075213365177
20187,6.523077487208529
20188,5.904190646217261
20189,2.8748446484732435
20190,4.0650527590237955
20191,5.773591480161816
20192,8.520499275532405
20193,7.254307629168693
20194,7.167291396613865
20195,6.948878547210571
20196,5.345499024754012
20197,6.451938356469946
20198,7.456554343090611
20199,8.997610022815566
20200,4.696199902350562
20201,8.472153175974253
20202,2.9540058565122562
20203,6.949144554908299
20204,4.929968688821779
20205,7.4338866523792095
20206,5.415597086682627
20207,5.82552237315911
20208,3.198685198501521
20209,7.0724076860118394
20210,8.507422900540158
20211,5.857190967927335
20212,4.309696223374511
20213,9.076189387888904
20214,4.476283132679097
20215,2.6769408768998066
20216,7.311697002998268
20217,6.47846956976591
20218,7.067469891521761
20219,6.255069957655365
20220,4.246549645996799
20221,5.783050531565454
20222,6.713354207351303
20223,6.281231504408323
20224,5.765466639277801
20225,5.425384443372854
20226,5.276088519815197
20227,6.196823436474709
20228,7.806837876347358
20229,7.693022228470719
20230,6.176680629776755
20231,8.183102609085413
20232,7.098406699830042
20233,7.017905262294172
20234,8.863608409418447
20235,5.098835630954317
20236,6.820875395435584
20237,3.6920702925102704
20238,6.4470940111150306
20239,4.817462913454786
20240,5.05410712900496
20241,2.197325443282709
20242,7.052435401700668
20243,3.7123200527433404
20244,8.18082677628411
20245,6.459084643068355
20246,7.050205101231784
20247,6.342517008855713
20248,6.040646576159625
20249,2.354463956290993
20250,5.846942587146268
20251,5.217135652546836
20252,6.660762837998153
20253,6.855288136725666
20254,3.0703917316700235
20255,2.4513129289790037
20256,6.036725422435055
20257,2.7188171602033373
20258,1.9142602140705196
20259,5.147368933830143
20260,7.795738125801319
20261,2.9544683180085185
20262,6.036425149456656
20263,6.510778746214801
20264,6.604002987388777
20265,9.353639411284638
20266,3.3030678180282234
20267,7.490519239016858
20268,2.6199406825954523
20269,5.105243510123648
20270,5.959484228971804
20271,6.500242843210621
20272,5.601735567418769
20273,3.785493811555364
20274,1.2777605644962813
20275,9.942661641901338
20276,6.752610464408599
20277,5.9158349528947145
20278,4.210385781951189
20279,9.678331058211347
20280,5.279833053290001
20281,6.942025261677972
20282,6.791227425854013
20283,7.789069711642199
20284,4.031866534064636
20285,7.863177556851605
20286,5.717585597202933
20287,6.331680451771541
20288,4.101286356805222
20289,5.34003120811244
20290,6.194714905816753
20291,5.375911874491926
20292,6.480466385864291
20293,7.809521667615577
20294,4.126940061516234
20295,7.1674940197054395
20296,7.142274239897359
20297,3.11941662949992
20298,6.428881529550411
20299,4.590499072772707
20300,6.094039263982773
20301,5.093099722550411
20302,6.879770236959635
20303,2.131472583885302
20304,5.508825641088856
20305,8.553123983641557
20306,4.892138053171712
20307,8.648854220860624
20308,4.354918604842895
20309,6.210537433340868
20310,5.828209619226872
20311,4.596701094354553
20312,7.018938178179357
20313,8.217983414778134
20314,6.023498757739332
20315,6.671841313032253
20316,3.8045157628366413
20317,7.420177630098323
20318,4.957763548238189
20319,6.932257415988902
20320,5.698289917229291
20321,6.37337246260981
20322,8.128955735378494
20323,7.918015447054856
20324,4.998999404283779
20325,5.017744956368201
20326,4.542269848594167
20327,7.495382026303185
20328,4.247164895034913
20329,6.77881588839932
20330,4.217511587423069
20331,5.743622332040939
20332,7.423950361567703
20333,9.509243355421223
20334,6.791303880065489
20335,6.251253046935591
20336,7.541648028843205
20337,4.155319235576266
20338,3.381673004108755
20339,4.9692891321941
20340,4.78067290421988
20341,7.265073067416994
20342,5.888010037991212
20343,8.056995584421072
20344,5.877534747858491
20345,7.42600356333111
20346,7.348528315916216
20347,4.677022683862079
20348,1.9391182313753788
20349,6.362741885572638
20350,7.025280050578098
20351,7.073763760081107
20352,8.331789527473628
20353,6.566251694035717
20354,5.388598430137159
20355,8.03277363621073
20356,6.573606058000479
20357,4.456960204572983
20358,6.543013400539142
20359,8.173511428897582
20360,6.406354669381606
20361,4.510263509532629
20362,3.5406328740877577
20363,2.696397996474575
20364,5.947402834825191
20365,7.700789917735525
20366,8.340343528768981
20367,5.699971107613369
20368,5.295484754800682
20369,8.978732806683375
20370,4.184505666656278
20371,5.842333946825483
20372,7.2540094052692305
20373,7.068994957563598
20374,1.7398091075528472
20375,5.14940894822589
20376,3.6269109811772084
20377,4.78835859346463
20378,7.872703776684411
20379,4.405809376546432
20380,1.5227773979790573
20381,6.581180266500183
20382,7.195608008651398
20383,8.844152861400639
20384,7.6094514512821565
20385,5.298946307013529
20386,3.841924248132293
20387,5.02911540819283
20388,4.157037862111977
20389,4.25382908065421
20390,4.522198119177998
20391,5.666153992497168
20392,7.006558078042085
20393,8.776935438373805
20394,8.024974941040727
20395,6.776815439810812
20396,8.218384395918935
20397,3.569313283394467
20398,3.5967885888344906
20399,7.85146886308441
20400,5.651860411253657
20401,7.238781531445639
20402,7.48524319972603
20403,6.150777877584009
20404,8.649569955193105
20405,3.313131457819154
20406,6.547652305079384
20407,6.993307686436093
20408,5.982081515584386
20409,5.77100358655648
20410,4.823513466225052
20411,5.457418641914863
20412,6.782299675768518
20413,4.300728295944991
20414,5.194752245034497
20415,6.558363135122154
20416,7.697725177105409
20417,7.139272463719746
20418,4.314422301489319
20419,6.377264546007661
20420,5.699243265794544
20421,3.565724715154561
20422,8.3073582721485
20423,8.262583545538094
20424,7.365028283881698
20425,7.758455143819159
20426,5.369147342768763
20427,5.280380887484681
20428,8.705851142867258
20429,3.698641956500789
20430,4.623508487109268
20431,6.212478188291088
20432,6.301516301975746
20433,7.195543019630681
20434,4.716191132373659
20435,4.9162636022949195
20436,5.056139422850683
20437,4.8590680040505285
20438,8.197121453633896
20439,9.372888433427882
20440,5.301732662526692
20441,6.915852849399878
20442,3.809704604520133
20443,8.038062761840015
20444,6.069251399543495
20445,7.172618187017187
20446,7.498459136412611
20447,4.363371499404972
20448,3.4407232999039614
20449,6.5344072781337905
20450,4.8552879889399785
20451,6.4065889006048
20452,7.5796480050708315
20453,3.259310882987159
20454,8.726841914121644
20455,4.623608057724858
20456,5.713833830793966
20457,3.2714023086309605
20458,9.183154200499864
20459,8.915956049473127
20460,4.965972733024107
20461,1.5420584964642892
20462,7.049030984018855
20463,6.536350324008179
20464,3.149841116333731
20465,2.570811845682493
20466,9.341129845014896
20467,6.141155457015273
20468,5.450408416932826
20469,6.437488244345597
20470,3.7952680059770585
20471,1.150713982622606
20472,5.380561232908454
20473,5.227019392897868
20474,6.852641718767643
20475,3.588330037166188
20476,6.1501934178176665
20477,6.133436630750231
20478,2.3332487423883035
20479,3.2510833030341937
20480,4.31838419039919
20481,9.193672920096025
20482,6.2808243305788505
20483,4.878840256529141
20484,2.322467380029883
20485,7.452574599625865
20486,7.602854381144474
20487,4.889632142671515
20488,3.194637573432243
20489,6.702467995589425
20490,4.164325343494477
20491,3.9970197678541655
20492,3.7956678523721084
20493,9.825461834480027
20494,7.571678473170369
20495,3.156607697060119
20496,3.3356380066141442
20497,7.805671976000843
20498,2.514171064781904
20499,8.56633575332898
20500,6.022900455583054
20501,8.295064710426981
20502,3.8830189751542687
20503,5.996923058493588
20504,5.753799382136488
20505,5.849714152694455
20506,3.8930579524974243
20507,7.616623014894751
20508,8.298368741966678
20509,6.501038737183381
20510,7.822898687978271
20511,7.481848273466337
20512,2.963832626432452
20513,9.334569759208158
20514,1.7165120758848045
20515,4.531137267993655
20516,2.216640558064668
20517,5.114150607003135
20518,3.8919741631339164
20519,5.742359065249232
20520,3.5069713988471736
20521,6.682929255789548
20522,5.650085161977086
20523,3.950063685339548
20524,7.43093408309218
20525,6.2469339474017
20526,5.209313850162106
20527,5.453979630803919
20528,8.043484664734107
20529,5.22477482655631
20530,7.39543595175114
20531,6.046316419140015
20532,3.1716305517496304
20533,5.819620331865163
20534,9.115866076238305
20535,7.172387699574576
20536,5.8007866472124405
20537,9.132870124592081
20538,7.207181822013008
20539,5.396164737601673
20540,5.1848728060004285
20541,6.098098313404802
20542,7.9451801458178934
20543,6.506119637890305
20544,7.040933008738804
20545,4.796757480690795
20546,5.833588784544566
20547,4.352976564343381
20548,6.089712153570361
20549,7.004635419105837
20550,2.830935814829199
20551,8.39342561079247
20552,8.171730396428334
20553,4.9176952459275185
20554,7.547041424181872
20555,9.43426159340102
20556,8.303878834689975
20557,7.40023848593435
20558,8.577628426470692
20559,7.564772535163505
20560,10.0
20561,2.7804193857244757
20562,8.260648459673055
20563,8.434848254835321
20564,4.401006561376608
20565,9.196822878336143
20566,8.008389010907843
20567,5.275400185725305
20568,5.521276013243938
20569,8.912526258800694
20570,2.569296431505688
20571,5.930994936205948
20572,7.336671078994692
20573,8.06153903606688
20574,4.152696192438556
20575,6.599424464905819
20576,8.848364714461972
20577,9.419243469271525
20578,6.360278067431811
20579,6.967025955685189
20580,4.954498393434153
20581,6.301489155145414
20582,9.526277763263915
20583,6.5634572888588005
20584,6.864943996862168
20585,7.9050451050310535
20586,3.987987123536584
20587,5.420750740785144
20588,7.389679349035605
20589,4.303156188601685
20590,4.348971164685091
20591,4.642961605977551
20592,8.69675382032178
20593,5.925235150207091
20594,6.164314332749199
20595,7.629942053815534
20596,5.297675308263971
20597,1.632222511850823
20598,5.91339845077552
20599,6.482984240169154
20600,2.473003024438499
20601,4.064314832770175
20602,2.470846021411375
20603,5.278259664695828
20604,5.637378794063172
20605,6.842238999063312
20606,5.70930157366659
20607,4.255288745893534
20608,3.7278218692534364
20609,9.12434810998387
20610,6.617199708360344
20611,9.749813063069825
20612,5.658908572096658
20613,2.9462892496121666
20614,8.79196081374831
20615,6.308328648149991
20616,2.156938171850532
20617,5.374796147127628
20618,9.66316774561034
20619,8.989263929139005
20620,6.359861101294873
20621,6.614297476472873
20622,3.636834134132425
20623,7.537691381281374
20624,7.3246116397668395
20625,4.512490570866805
20626,7.177383284214836
20627,9.296254857286963
20628,7.369058823804462
20629,9.518535588683896
20630,8.241055302930162
20631,4.388534420217737
20632,4.34670589490025
20633,7.162648495891655
20634,6.553063642177758
20635,5.92011353238769
20636,5.847469241831469
20637,6.874565411652843
20638,5.363647438669752
20639,3.663085204110151
20640,6.195243585211635
20641,6.6941149343899475
20642,7.802643589634208
20643,4.06764851095668
20644,5.131954432273129
20645,4.180567591298841
20646,6.481219299157762
20647,2.625838283419283
20648,3.873932472198975
20649,5.039640231519984
20650,6.0861295023378315
20651,6.689616774826033
20652,7.429305192078063
20653,3.376256679657784
20654,2.6089505128505355
20655,5.826887463303962
20656,7.435987800504683
20657,9.41353173448885
20658,8.50824607469455
20659,3.797213250132689
20660,8.098099332341224
20661,8.029916544790026
20662,2.388618254258696
20663,9.0238454822353
20664,5.809487030042007
20665,5.716764421143275
20666,5.234228567694953
20667,2.97975138565555
20668,6.737089420916068
20669,6.4013238306938485
20670,8.028033999806718
20671,4.9597335223955765
20672,6.744736687060833
20673,6.240717168031568
20674,7.964821901765032
20675,4.5078285334466885
20676,7.555493475495563
20677,8.05822347473878
20678,7.751966955068847
20679,2.465543757595113
20680,8.380584150593043
20681,3.571799485117962
20682,5.688417046987494
20683,7.08042010489388
20684,4.439270968164138
20685,6.887446167703421
20686,7.49008907384185
20687,5.810965209600261
20688,7.357134806013556
20689,2.1821461536535356
20690,7.346605278675303
20691,6.7272807254922995
20692,7.283429319522154
20693,6.635155322144352
20694,6.892177974360344
20695,6.1395796256937185
20696,4.381575726224466
20697,5.3782121314584375
20698,5.113389618563181
20699,9.451800454784907
20700,2.568099782055252
20701,6.641891453852264
20702,7.78947995486104
20703,7.961929148707526
20704,7.053710321179099
20705,7.872275353036918
20706,6.7286110580080125
20707,1.330293361412782
20708,3.5458341839369982
20709,6.730111478254615
20710,8.406947273123922
20711,5.000420678770505
20712,5.455104974111093
20713,8.719456177432452
20714,8.405934283939803
20715,7.356679095938516
20716,5.7733265657355455
20717,3.8171567206437396
20718,8.693040613803701
20719,5.5481521815568895
20720,7.136848048186922
20721,8.824819283604803
20722,3.3675745577065017
20723,8.876187145112281
20724,5.552851421262584
20725,3.1351522373638705
20726,5.488486841693156
20727,2.980398543585559
20728,5.66093967182589
20729,5.4451448420169655
20730,5.507472916015725
20731,2.4500695169321163
20732,3.585736075554873
20733,8.186787599621404
20734,8.788196147837038
20735,5.207487018397427
20736,4.289433988045274
20737,6.285280335690578
20738,5.130063394687776
20739,4.59509002260959
20740,4.431161185879495
20741,6.48335683949333
20742,5.976405066102328
20743,8.24074053276701
20744,5.479244132633729
20745,7.2529934132704845
20746,4.127168831948804
20747,4.483400062050888
20748,7.696708724986732
20749,2.3397811179446077
20750,7.154971716581285
20751,3.6717103967917604
20752,5.0519560315286025
20753,8.628836153440734
20754,2.404820088208289
20755,3.1151542158710255
20756,6.656168037031248
20757,8.14603263792861
20758,6.78933894105745
20759,6.942796885625998
20760,5.9222629748296
20761,6.231235679706116
20762,4.008256117181944
20763,6.254503390781654
20764,4.72906835994124
20765,9.563294909109048
20766,5.474888979616364
20767,5.919925437394912
20768,2.983099173155834
20769,8.608773172402428
20770,4.500712410995453
20771,5.672074447302072
20772,5.09428054979185
20773,7.941075180424343
20774,7.773100869116135
20775,5.149203744649046
20776,8.724089834360836
20777,4.408143217029214
20778,9.275927212179717
20779,5.2430180913744495
20780,7.743386207372706
20781,8.381977374919016
20782,6.821675886576519
20783,5.392980830281227
20784,7.577672031908265
20785,6.055972518994072
20786,4.861532953292532
20787,2.518584163064982
20788,6.638744081134497
20789,1.6925210804451294
20790,6.087511546872358
20791,6.526579236560415
20792,7.350759788511751
20793,7.949729367904597
20794,7.562886433970879
20795,4.9618389194153245
20796,7.153294358415112
20797,5.729674764249594
20798,4.272140831904708
20799,7.11390080390926
20800,5.448909162778838
20801,6.303267281697739
20802,6.583174940005431
20803,4.234763093887668
20804,5.79403347058071
20805,5.673812074658728
20806,5.542157572644091
20807,5.08947033559346
20808,9.461471896972425
20809,5.443357457110932
20810,7.187796959479397
20811,7.39102746108521
20812,9.000600926354752
20813,3.3289771842277327
20814,8.617584111453064
20815,7.0752880918071765
20816,7.386777920713379
20817,5.7065097247956125
20818,7.3867611939590825
20819,7.250771586100481
20820,6.765373548138816
20821,7.936815890446942
20822,5.880789603204814
20823,3.966936062708376
20824,6.660139921916732
20825,6.923793190277067
20826,7.826173573188592
20827,8.567758670295047
20828,4.717555064279804
20829,7.934436641213501
20830,6.58865034851589
20831,4.395901186348157
20832,3.2598078864744773
20833,3.477757197640909
20834,8.269796188590748
20835,7.424090779870199
20836,8.342842958910836
20837,6.237450105437876
20838,4.466809932271469
20839,4.567692061511562
20840,8.565861696384367
20841,5.82238432297112
20842,8.572943023565667
20843,5.331264925031653
20844,2.4551019929163127
20845,5.564466501657284
20846,7.176340314703787
20847,6.415977455419433
20848,6.590685408099168
20849,5.031050645046498
20850,6.803606078016218
20851,5.038768581003879
20852,7.983053748890504
20853,6.075924283593838
20854,6.010987268952654
20855,1.8763730399111187
20856,5.9923938982246785
20857,5.633139582743759
20858,5.118014879461673
20859,1.4038790793121005
20860,3.0580542827424226
20861,6.763748989548216
20862,5.986869161226823
20863,6.04130764512694
20864,4.695384271001982
20865,7.311195389891712
20866,8.291123498694585
20867,8.271176253321409
20868,6.213703964377677
20869,6.983004434187845
20870,6.676900631423002
20871,6.207890190632864
20872,9.017282473795975
20873,6.895736449945428
20874,6.5393591561583335
20875,4.408329577178313
20876,5.31677355342178
20877,8.18964864163782
20878,6.533697313498613
20879,5.702722854769985
20880,10.0
20881,6.496827847764538
20882,5.76991968348517
20883,1.623677703291634
20884,5.77772786709209
20885,4.384558164083724
20886,6.7553316662221246
20887,5.802569939026214
20888,3.9893282304930446
20889,7.8216239329018356
20890,5.1934614457710495
20891,7.923487053949296
20892,4.787424391790223
20893,2.8465716978725872
20894,8.166743783485455
20895,8.055332967601384
20896,5.707207309399283
20897,4.769556634388591
20898,5.202779814498323
20899,2.8187343464083883
20900,5.409977741286434
20901,6.691714586647813
20902,9.242599785262968
20903,8.039134619228674
20904,5.290565149133706
20905,6.212180682502088
20906,8.647369251318736
20907,3.015847882203466
20908,9.020713221176582
20909,5.101194204689182
20910,5.5859965764064325
20911,4.060253885478241
20912,6.373222820685315
20913,2.915358939233045
20914,5.7258046348606335
20915,9.069397236947788
20916,3.058178691739983
20917,2.6189194250670482
20918,6.655897007792171
20919,3.4058811362115127
20920,6.919436719300538
20921,6.917620024425891
20922,3.3532803130105497
20923,4.238662037984282
20924,7.783236996282525
20925,5.587058203978452
20926,4.776311766991751
20927,4.298221525685591
20928,6.037831047366605
20929,4.324861471096307
20930,6.8807689587509975
20931,6.8037216944525145
20932,4.96497250412608
20933,5.986339108200528
20934,3.9724447171328494
20935,3.1878077864478924
20936,7.1391572596162645
20937,8.137818860491867
20938,9.959964130217084
20939,9.15744424071801
20940,10.0
20941,8.46579915216739
20942,5.674734385391026
20943,7.027656818681699
20944,1.9062940143600986
20945,6.737085684918739
20946,7.604782814540045
20947,4.303513695198015
20948,7.979782876505364
20949,7.0861602206629755
20950,3.2531917401629675
20951,5.3170284602806115
20952,8.60388209481619
20953,8.44578480204707
20954,1.2049070150486951
20955,3.8747235351710083
20956,5.1087595750194055
20957,6.243103196995191
20958,7.721746624894399
20959,5.677819920131314
20960,5.220526471300235
20961,4.409496659402651
20962,6.2156966063768655
20963,7.83516803138622
20964,7.329757485438476
20965,2.722977704120298
20966,5.2189072010174336
20967,3.416918496146677
20968,2.8215483125019905
20969,5.536186251605411
20970,6.966557123456764
20971,4.488681412604874
20972,6.918909212967084
20973,6.625884481365843
20974,7.542075765360508
20975,7.509580308025747
20976,6.420636155998005
20977,4.254669442767639
20978,4.662700532004922
20979,5.3965756466683485
20980,5.920852878726845
20981,5.335250895868115
20982,6.018068602358858
20983,7.890692078526961
20984,5.817588430283195
20985,6.7540436265836785
20986,7.5529025561469485
20987,6.045130942618374
20988,7.22642098762882
20989,9.596530168399827
20990,8.829092503493627
20991,7.120845346501485
20992,5.1832137205540185
20993,3.2006700187551598
20994,4.900806247152787
20995,4.655240885343778
20996,6.805343909140331
20997,6.796390855429867
20998,7.774020268440628
20999,4.644625571196409
21000,3.915954639085519
21001,7.267703215902868
21002,2.054174922421538
21003,6.994920650639665
21004,5.643684326268123
21005,8.726582141573795
21006,5.279821014610296
21007,6.433320702711705
21008,4.847905794804512
21009,6.296380778202426
21010,6.401663855445773
21011,8.180162239660493
21012,6.635973757302794
21013,6.476020545178665
21014,7.6570655844903515
21015,5.714766119774108
21016,6.872065327344811
21017,5.338974789154488
21018,5.539485864675458
21019,5.865731761958877
21020,5.839085332136926
21021,2.5087274790491207
21022,6.904164846673055
21023,3.636971097774811
21024,7.541617927127501
21025,4.936492885278673
21026,4.675461413856908
21027,5.344575555593321
21028,6.3998303254624505
21029,4.051419111647128
21030,2.5469033991888503
21031,3.56976006300593
21032,8.11022421447321
21033,6.52676160162223
21034,3.776147596734673
21035,3.5713770677003347
21036,7.318640312331903
21037,4.585472210613417
21038,6.123161707520974
21039,7.4484239979093925
21040,8.803508162009576
21041,6.597343957258184
21042,5.013717982329472
21043,5.048419987483382
21044,6.534551087168243
21045,5.591025485435784
21046,7.71905302346847
21047,4.372091614533759
21048,4.2759241152812955
21049,3.705694615809949
21050,6.848754968895562
21051,4.827860404810287
21052,5.211164067453545
21053,6.79873868785595
21054,5.190715681085106
21055,8.153725783671877
21056,4.961067954378551
21057,4.41792387677759
21058,5.926264484120543
21059,5.244270195670424
21060,3.804969181886107
21061,9.081572850698238
21062,3.3967925875180667
21063,3.1406049648798913
21064,3.095267035905405
21065,6.305928745662719
21066,5.971301141535842
21067,9.009250911034462
21068,3.2317593113026812
21069,6.966840508172521
21070,2.398209729429509
21071,2.4732723125829374
21072,4.27053216822919
21073,2.5507064909087935
21074,9.189372898159686
21075,6.836004684196554
21076,9.236439487044468
21077,5.872938879525163
21078,2.1897470444632416
21079,9.132596638848266
21080,2.5461933252760427
21081,5.977579981429518
21082,8.034938156980061
21083,6.824772454482085
21084,7.407782296203111
21085,8.731447023290276
21086,8.58607741959225
21087,5.542051778873681
21088,4.270302439672899
21089,2.203439438125704
21090,3.0376599595385367
21091,5.60769117524503
21092,4.870351744491311
21093,6.2379702924937535
21094,7.69922135287514
21095,8.029127231467086
21096,4.0148732663887605
21097,4.110911308366257
21098,4.638749005110284
21099,5.270525735674915
21100,5.567959302024178
21101,5.9548710485434055
21102,4.959047945906988
21103,4.543064046613627
21104,4.590458955810389
21105,2.1334511020529923
21106,4.314034131700691
21107,5.693372314166797
21108,4.682325395275093
21109,4.5958400629040534
21110,7.9219169292938405
21111,5.138470349703122
21112,8.227171095527167
21113,7.093498198795919
21114,4.63898063541322
21115,5.482449181269402
21116,3.1255553022687077
21117,9.095446834245049
21118,6.907852306140414
21119,6.473173248150431
21120,3.296345878809134
21121,4.310636648129339
21122,5.798072098501916
21123,4.981651309973545
21124,7.52635335693911
21125,5.79105900707563
21126,2.7440609409697085
21127,6.961665748986768
21128,7.830549031775277
21129,7.842155730168838
21130,7.754461633848706
21131,7.346848168882833
21132,6.095688888949705
21133,6.3544687499207795
21134,6.262165151171232
21135,3.482908106042976
21136,8.19288294489977
21137,7.910988336144429
21138,7.115970453297612
21139,4.6278401473368636
21140,8.316048499237592
21141,7.6069073028585965
21142,3.1697277149681398
21143,3.557148684203556
21144,8.522926063962547
21145,5.602705634021127
21146,7.712118674286472
21147,4.836166383214481
21148,5.025178630490552
21149,6.774295166757456
21150,6.211554448911838
21151,6.023386795157569
21152,5.2898877484536415
21153,7.290320556550672
21154,8.334754919692331
21155,2.9572347579885565
21156,9.20520081911071
21157,6.457978642826606
21158,8.148119287683267
21159,8.015662789559487
21160,6.759940388417102
21161,5.851449020493477
21162,4.265843181137053
21163,5.105108156437228
21164,7.714872051905467
21165,3.3314692487657678
21166,6.913427761279215
21167,7.7378323221747225
21168,5.354967901751913
21169,6.752132809963396
21170,5.112277120443961
21171,8.274051699009412
21172,3.9128141461686674
21173,5.829764608267039
21174,4.9127194391622275
21175,8.33920258091889
21176,5.571437062054208
21177,7.001159405205969
21178,5.865132537752683
21179,6.49459928686651
21180,6.189691693955391
21181,6.05857181136353
21182,4.255848466530962
21183,6.575902911668462
21184,5.053396211156166
21185,5.882655329900938
21186,6.001182430513406
21187,3.55038827475395
21188,7.8652518178799165
21189,2.862955616930001
21190,7.750356955413903
21191,8.042345489793224
21192,5.823335710412486
21193,7.647401804092511
21194,5.763627628204903
21195,7.283400528936622
21196,7.042911212373739
21197,7.032163312879803
21198,8.689373720586136
21199,2.211214215867466
21200,6.235216760988205
21201,6.530453403521636
21202,9.116092058957129
21203,7.6724296991893235
21204,7.542713887911287
21205,7.686064980893584
21206,7.277736099322066
21207,9.171973681597681
21208,5.866611030325058
21209,6.962465034543654
21210,1.011814538885432
21211,6.288684218490558
21212,8.919304551316984
21213,4.2909120274660255
21214,2.770789481526442
21215,6.846624510082107
21216,4.301741706769249
21217,6.882136373661121
21218,5.701852282757664
21219,7.02262737258066
21220,7.838217966163013
21221,9.24889847943908
21222,5.89758971042862
21223,6.021749944961916
21224,3.1449552599506667
21225,8.094928807927046
21226,7.138519419574886
21227,9.03391648481783
21228,8.955787944248065
21229,6.432591756217773
21230,6.042705218386959
21231,6.077329512261109
21232,4.061295089626388
21233,6.182827794173372
21234,4.9143905112687705
21235,8.07784903999578
21236,7.24643515071804
21237,3.6296235949311977
21238,5.8929395807719
21239,5.934636591063453
21240,5.17677699996743
21241,4.022998831599267
21242,9.792544713562632
21243,5.7321911758403585
21244,3.0814420737858015
21245,6.155646486956054
21246,4.554994800694225
21247,5.977502253552078
21248,6.328077159175482
21249,4.265060715328919
21250,3.927475616698232
21251,6.840895047866349
21252,5.730513930100761
21253,6.364623696341099
21254,7.931057662668492
21255,5.635278371280552
21256,8.236062546736376
21257,6.699949995592519
21258,6.164495158620773
21259,7.947030181029047
21260,4.680993125589027
21261,2.0274606860206124
21262,5.1943364103924505
21263,7.040724411288026
21264,7.676988925740169
21265,5.631579658395476
21266,5.675322817015469
21267,3.1230703775655915
21268,5.5278287923160985
21269,8.063395841422517
21270,6.02018853856019
21271,3.988599289198736
21272,4.284819615992292
21273,7.532316435164386
21274,8.25968939512704
21275,6.132094447428477
21276,5.365913676960848
21277,4.790088551516083
21278,1.5506927883882333
21279,8.59682051010282
21280,5.774527302535369
21281,7.945256778863979
21282,4.329444540665303
21283,8.040739213659274
21284,4.800723038256579
21285,6.2284338110796975
21286,8.508604611263959
21287,4.161835057864575
21288,6.43992493324119
21289,6.78315776261519
21290,9.04228843119307
21291,4.928239049395717
21292,4.798929597016129
21293,4.657181707509479
21294,6.74354800616587
21295,8.162757682668797
21296,7.974893764361969
21297,6.918585347011902
21298,1.3570064807540836
21299,5.135689532879642
21300,3.6890974951700914
21301,5.0638881226233465
21302,6.108320357797933
21303,6.3092807100702535
21304,3.7375248653165176
21305,8.391125788354197
21306,6.1618790398923675
21307,4.151400698857163
21308,7.403044196929052
21309,6.568472020038593
21310,6.386087790039825
21311,5.926370690193131
21312,6.51974034144582
21313,7.218600609170579
21314,6.046872408850588
21315,4.6513042572325265
21316,8.555028711596192
21317,3.435687514435263
21318,3.3342553162584796
21319,6.691385001023886
21320,3.995655030560066
21321,6.2328501500471205
21322,4.4441428927626445
21323,2.519662428339459
21324,7.274760461942778
21325,7.614188562164821
21326,7.938038145706847
21327,6.056874677807358
21328,8.055936678315234
21329,7.424955959267856
21330,6.475187901116001
21331,7.8325673628516554
21332,4.066349244332531
21333,4.106582679920712
21334,9.170715560816465
21335,7.414899588770526
21336,7.261934896532329
21337,7.355493453986304
21338,4.756965480094624
21339,2.9066378026597253
21340,2.4749348566474687
21341,7.485756803682222
21342,4.387918933416458
21343,2.3506625720542984
21344,4.044092209730085
21345,4.554814182418848
21346,4.546396195405791
21347,4.230163351073128
21348,5.274905634057693
21349,5.311770465834718
21350,6.709577524659049
21351,6.237271134439521
21352,7.917121432925149
21353,6.273216641506503
21354,5.5095311795453
21355,4.414931311477029
21356,6.765247107699854
21357,9.335555682803163
21358,6.57661784056066
21359,7.52696157462702
21360,8.702480895063722
21361,6.180310771567024
21362,3.127900275771114
21363,6.180268294018605
21364,0.5867318699502682
21365,6.920742530730452
21366,9.382654032597182
21367,6.388189300576057
21368,5.792104815960913
21369,7.047503170333295
21370,5.165817016600641
21371,7.349589575609686
21372,4.979295121170537
21373,4.999922359373493
21374,3.3744845648414423
21375,4.311447061089356
21376,6.589451462492831
21377,4.597143043824237
21378,7.140607065854707
21379,7.8375135177473965
21380,6.183492201277085
21381,6.863713862157795
21382,5.386495118294695
21383,5.245977821827091
21384,5.385459942966613
21385,7.246109652525372
21386,2.5022295251880755
21387,3.1524221134023622
21388,5.304822830183203
21389,6.544301010731518
21390,6.130611087512633
21391,6.740877437637394
21392,4.476368848887772
21393,3.800875564518493
21394,6.289962682638555
21395,8.021888380522338
21396,4.909138734413302
21397,7.688068185391886
21398,5.571717440758746
21399,6.785010734167809
21400,3.3669829225253864
21401,7.129556295558534
21402,6.153150011566024
21403,9.141426488613059
21404,3.0741072424344247
21405,7.952130967703962
21406,5.682278282879199
21407,6.091539841893716
21408,4.732329682134102
21409,1.9834699135568263
21410,5.967205954845345
21411,9.037896035300406
21412,6.265276693343923
21413,8.939284794474268
21414,6.66932521928369
21415,5.449563206791642
21416,2.6510583086717525
21417,8.297592531034738
21418,7.54388574684207
21419,9.445627149618776
21420,4.4324560101891946
21421,4.40571419905526
21422,3.9190544167366705
21423,3.467658666197104
21424,6.8318749271384664
21425,3.6265261367696398
21426,6.9887403664775265
21427,5.433177629440765
21428,5.9831003265410745
21429,3.8379448725647665
21430,7.39890242611766
21431,2.2708204214879038
21432,8.224439901296847
21433,7.766277823961212
21434,8.78887050264158
21435,6.069637359754768
21436,8.340857603166654
21437,9.226543919435223
21438,6.53833681460506
21439,6.59182232724452
21440,8.387671332501178
21441,6.258209550963029
21442,3.9786838578420314
21443,4.056137476557308
21444,6.269240130370386
21445,5.933238132479549
21446,6.058723115372316
21447,4.717412341840083
21448,7.181117111312787
21449,4.9962272357468205
21450,5.141629950847551
21451,6.184941076313866
21452,8.551553213307015
21453,8.789296428813236
21454,5.126995416243445
21455,6.577842115985249
21456,5.16826256041509
21457,9.371046698348561
21458,5.920270065699129
21459,3.6659096601237895
21460,3.824196511049463
21461,7.13390983556762
21462,3.906063405875207
21463,8.512569197775095
21464,6.703988108031497
21465,7.984926120207148
21466,4.627840906252761
21467,8.752482823710803
21468,5.601826861119307
21469,3.664789155889445
21470,6.263141935887569
21471,4.471357966778314
21472,6.687185606110418
21473,5.846989044400935
21474,3.849683738358538
21475,3.5354260456259046
21476,4.603075846354571
21477,4.1139463660582285
21478,5.38942597905717
21479,6.77167594310289
21480,7.118506476193636
21481,4.289882427222183
21482,7.662553081111399
21483,7.780921529258816
21484,7.272263985143658
21485,6.074847490929766
21486,3.9192260124419094
21487,7.774951736636016
21488,2.726205987333606
21489,5.943803948318617
21490,7.2239027552185116
21491,8.393082110019076
21492,4.656462958099454
21493,5.918517774680848
21494,7.877586552609151
21495,6.7368541876333605
21496,4.676611253293438
21497,5.491974552074464
21498,7.95398078161796
21499,5.264683587735351
21500,6.035472269109944
21501,5.618460275036778
21502,5.85663085815455
21503,5.192478067716672
21504,6.996224952108243
21505,5.033183273858457
21506,6.065313531417144
21507,4.872683819778788
21508,8.832007881032666
21509,6.440269308362076
21510,7.536136872884561
21511,6.092960698289766
21512,6.538445776105085
21513,6.147486613083905
21514,8.993022604056797
21515,4.48230343578509
21516,7.043089084258939
21517,5.084674224233741
21518,9.15166333762555
21519,5.880882618979236
21520,5.281925126613152
21521,3.936235766041954
21522,6.912736797008174
21523,9.892395398637936
21524,7.018175928518654
21525,6.720227350247372
21526,4.447867077537597
21527,5.709552208448593
21528,7.8288969817721
21529,5.1068022845952195
21530,6.368687839892658
21531,4.880508569311035
21532,9.684260900547045
21533,5.044368265171702
21534,4.052266804757039
21535,4.151067381581935
21536,6.330842851521968
21537,8.791406644407958
21538,1.8994879851493736
21539,4.06677548513656
21540,3.5620240146234536
21541,6.187171636147824
21542,6.215592885537435
21543,6.381624710262071
21544,8.663341339000015
21545,4.762167339412471
21546,2.026850678222847
21547,7.0228147228614315
21548,7.709260586510582
21549,4.882255198043754
21550,9.117519575069599
21551,6.682941891426668
21552,1.9526492434951424
21553,6.584052859116353
21554,3.1222710602349806
21555,5.609326373096699
21556,7.093171088178695
21557,6.823043743389369
21558,4.043479863079487
21559,2.989047928908957
21560,8.745637903257425
21561,7.886579888117799
21562,8.298585060147674
21563,4.823002380389007
21564,3.598693682129273
21565,6.1265028341525385
21566,2.9671644813813622
21567,9.023755504628683
21568,8.186349527526959
21569,8.276459068163724
21570,6.071926998928182
21571,5.042314025495053
21572,8.556514844343384
21573,8.992832199398073
21574,4.031016493017419
21575,3.13806681613218
21576,8.140330395861298
21577,9.203018809901693
21578,6.981522371887965
21579,7.022207340017634
21580,5.898263311839393
21581,4.577821955956869
21582,4.943078851873049
21583,6.340852677293111
21584,6.080735198714167
21585,6.241848921186357
21586,7.074258913096885
21587,5.5624506816070545
21588,3.636738457982562
21589,6.162273520283386
21590,4.536861208640854
21591,5.891973991894313
21592,8.386816073496302
21593,8.42417344738572
21594,2.9699461379124443
21595,7.088865754600984
21596,5.7087792317510395
21597,5.590887779712753
21598,4.675785539489057
21599,4.010028904676799
21600,7.792025795705314
21601,1.9584599670300533
21602,2.788040264270339
21603,9.343412650031867
21604,5.21660766685163
21605,7.676206608244551
21606,3.461269001380329
21607,4.817993067976859
21608,7.597352428188151
21609,4.152921430136606
21610,5.761091558146736
21611,5.510922481058774
21612,3.9510304031577337
21613,8.386922147751905
21614,6.322018728867147
21615,4.660511634096802
21616,6.198284091690429
21617,5.525965884592473
21618,9.031090166689957
21619,9.302207477919003
21620,4.024405656626483
21621,8.625096425271426
21622,5.80907642130677
21623,7.936026268684715
21624,9.006550048524357
21625,6.651453784774541
21626,5.09405056711053
21627,6.1126980036365115
21628,9.897063712751331
21629,7.3801718428752
21630,9.294396390685122
21631,3.414779249238795
21632,5.484628172691233
21633,5.893039165817467
21634,2.5472762552306474
21635,5.812551232019007
21636,5.331577499017288
21637,5.153075867135573
21638,6.556871088039154
21639,7.680573752174002
21640,9.46448311249799
21641,5.1011357157795505
21642,7.922083249481844
21643,9.319295162600074
21644,4.813358314341162
21645,7.4909501069044
21646,4.490435289221163
21647,6.433794006682922
21648,5.650185185108277
21649,7.985564527680149
21650,2.77837934338267
21651,4.2156339155378735
21652,4.074074966125936
21653,4.795761014359437
21654,2.804637129949287
21655,5.215182321963581
21656,7.744041800935031
21657,7.6971195107266395
21658,7.48629197569665
21659,4.05786867157186
21660,7.317472584223083
21661,2.5338685640426473
21662,4.397805382642599
21663,8.176111959534985
21664,3.5668407015411914
21665,4.7986224264154504
21666,2.2902963631674664
21667,6.570342552089284
21668,5.805051455458971
21669,9.111785858468332
21670,1.5955022372243357
21671,6.768768311695124
21672,5.163856337881379
21673,5.673391283111379
21674,3.8989871997811023
21675,4.959602883908278
21676,8.094417994291856
21677,3.934309704462534
21678,6.401381291731166
21679,6.413533226169914
21680,5.019351597545094
21681,1.6122918124582062
21682,7.2493009741050995
21683,6.305941615991717
21684,6.022374452313953
21685,7.945303046677386
21686,5.47979689493917
21687,5.892625498184014
21688,6.778545780533215
21689,5.903488215786454
21690,8.746887757200263
21691,3.486528074728404
21692,6.333642097347684
21693,4.1588291236605155
21694,7.72260333535288
21695,5.6092471311474315
21696,9.828875959858973
21697,5.175526743561759
21698,2.307562220292138
21699,8.228906053449995
21700,5.807545121098708
21701,7.908164048032074
21702,3.5683177224673357
21703,6.2767270453412145
21704,4.279349118785139
21705,8.768102040051463
21706,3.4314691597351423
21707,8.64331629988031
21708,5.873203732927114
21709,5.472386262466793
21710,9.258074351645302
21711,5.21846019293114
21712,3.9801734816334435
21713,5.559544903702773
21714,4.795740166876406
21715,4.6424139559780695
21716,7.226304675958262
21717,6.730795486036269
21718,2.459761299612377
21719,7.889819119160586
21720,5.096074820073932
21721,7.146546950735409
21722,9.37812467483779
21723,6.347043910496444
21724,7.627549940722209
21725,5.793649607910769
21726,9.025694167381598
21727,7.032375167361823
21728,5.318922574262084
21729,5.686149758008089
21730,6.228908016280713
21731,6.721531472009266
21732,2.11425474639776
21733,4.436087355436368
21734,3.5167703622825206
21735,7.296601109745794
21736,5.877659112011888
21737,7.434709586009436
21738,2.0124003806222577
21739,8.377791057680987
21740,8.970951798879547
21741,7.136187360684756
21742,4.092875840215335
21743,5.752636355734062
21744,4.420488078904721
21745,5.589400241741536
21746,6.125336990505308
21747,2.8420873252935515
21748,9.918618416866034
21749,6.903882473166429
21750,6.584689426071833
21751,6.9954741175133694
21752,7.448176513243849
21753,8.680802785350208
21754,7.5315509208535865
21755,6.839068306924458
21756,4.323069451667989
21757,4.328781156204972
21758,6.274209582410247
21759,4.9552219035706315
21760,7.971287265994727
21761,5.090140593024443
21762,6.438715471394256
21763,6.157960385600797
21764,6.195823591757868
21765,6.133886943401762
21766,6.902823308131286
21767,3.0249565610425497
21768,6.697705819704532
21769,5.0294954098113
21770,4.361836454012149
21771,2.9657082508958927
21772,5.882113706718451
21773,1.7311128197868806
21774,2.6262775496425714
21775,6.011382875046055
21776,5.023096509366094
21777,5.526655725299674
21778,5.991110484331861
21779,4.218011346759857
21780,8.321141391160086
21781,3.310672337067372
21782,6.251948425647553
21783,3.724421591210678
21784,7.437730872322968
21785,6.67566291403207
21786,5.5756754231208
21787,4.839063767834532
21788,9.222809702814615
21789,3.4624869517524255
21790,5.28565234606544
21791,5.356076333513556
21792,7.390698849052867
21793,6.43686410168129
21794,6.915344988831533
21795,9.430989896463114
21796,6.254180272391039
21797,5.444429563568931
21798,0.832151582380874
21799,5.175874392306942
21800,7.149406971330255
21801,2.916293865659225
21802,4.472449480985479
21803,2.024191091523859
21804,8.13034792091078
21805,5.534084325396639
21806,6.2749722682076285
21807,8.364549993162798
21808,3.1431765330975514
21809,5.209495968205954
21810,3.467869877897377
21811,6.935978207405081
21812,8.027002044691438
21813,9.694897491178398
21814,7.372420792881865
21815,8.99870045284048
21816,6.4860326399388555
21817,8.713674396674488
21818,6.1851559791363995
21819,7.2614773934602495
21820,5.626020403204014
21821,6.954604730872774
21822,8.140001324725873
21823,7.561156440078333
21824,7.784412968747112
21825,5.699266901539477
21826,6.504430703758761
21827,8.286681613344985
21828,6.241900402686502
21829,4.185119965747924
21830,4.53530536036123
21831,3.6398669616297896
21832,2.440880677422393
21833,5.144227767934298
21834,5.40688048338294
21835,5.932793360368385
21836,5.9891847013180275
21837,5.391170181963762
21838,8.706932068313806
21839,3.187425370700481
21840,8.121073808398357
21841,7.057904720158713
21842,1.3005375419068694
21843,9.604375582483495
21844,8.112569531038783
21845,7.346905911689547
21846,6.88364461118768
21847,6.059611787481755
21848,3.161876599078246
21849,5.426871169962164
21850,3.5929133379812472
21851,4.002310769230121
21852,6.293507388173792
21853,7.199557008061378
21854,4.987489780604427
21855,6.1445621673624045
21856,5.4669617470918705
21857,8.053010956184247
21858,4.518217284439091
21859,7.753667875357542
21860,7.081448113200079
21861,1.9071315280864491
21862,8.060947214612133
21863,3.6988119089982057
21864,8.893245373012002
21865,7.123374695983587
21866,9.754458390069582
21867,4.094134683951911
21868,5.716938918256066
21869,7.619423123925562
21870,5.364643689949414
21871,6.367466245121234
21872,5.14151573487527
21873,7.016372747680746
21874,6.950649080171226
21875,9.159317672662375
21876,5.489324180143459
21877,5.584141612790954
21878,5.2824068428107545
21879,6.23707857238323
21880,7.833705576318022
21881,5.153780415768236
21882,4.887698252948923
21883,5.475641456222525
21884,6.732489067185966
21885,9.063948288122797
21886,3.591204554426369
21887,4.084926140852922
21888,7.670972308740713
21889,5.594488015504499
21890,6.278051511437193
21891,5.647825284376845
21892,5.545994856202215
21893,5.719046277572241
21894,6.365201287415698
21895,8.60178227569983
21896,6.061320384614229
21897,5.010531940895295
21898,5.8713985650333615
21899,6.6006529322517355
21900,3.789451834330683
21901,4.609074551889872
21902,4.874978544991229
21903,7.906121771487982
21904,3.96552736370592
21905,7.629101591330364
21906,6.109010840421393
21907,4.724177366065565
21908,8.322284972293147
21909,5.624934631875577
21910,4.268639784812953
21911,4.370391663840688
21912,4.890616950271046
21913,8.02904016310332
21914,9.53492829575419
21915,5.7880240180997555
21916,6.522898926216448
21917,4.930618938863113
21918,5.688922516515714
21919,8.629055780779508
21920,9.743136670071463
21921,7.518905132171324
21922,7.4855045235390305
21923,6.570772095167385
21924,6.854758592824476
21925,7.1931452103540074
21926,6.233350086972078
21927,5.6917126980478185
21928,7.295259957093477
21929,8.518854556738535
21930,6.026239200350823
21931,9.31680631827889
21932,5.2796391513366725
21933,5.580875487617702
21934,3.150221406645545
21935,5.915002408507615
21936,7.302140464781316
21937,7.457713880940064
21938,8.748025094520349
21939,7.707264421092067
21940,4.582685328413948
21941,5.77532164185842
21942,8.865725708193178
21943,3.9917625440629183
21944,6.098059322851446
21945,5.838517818322379
21946,6.081612853706653
21947,8.500091942084119
21948,4.6134535342257115
21949,8.634766363927497
21950,6.146523146136484
21951,8.049963210246261
21952,4.16227559960304
21953,6.322275748739633
21954,2.717938329852254
21955,7.8597308510840245
21956,5.429767015901256
21957,9.176586913326311
21958,7.741283240194698
21959,5.403494263321635
21960,4.933941811760908
21961,5.19025521098128
21962,7.4443501227012785
21963,8.73314261970647
21964,8.671373846885263
21965,9.843179953531257
21966,4.909538779128559
21967,3.6075571174525596
21968,8.117576701899972
21969,8.822000449317823
21970,5.6711910115102855
21971,3.4025885074174127
21972,4.742898935759659
21973,5.867600628014343
21974,8.054612806052884
21975,3.286509131095895
21976,7.229295557883982
21977,5.214997506796993
21978,8.818451839247187
21979,5.5262265279595395
21980,6.540450599678791
21981,5.323456433807504
21982,5.799648027428666
21983,3.101049123582709
21984,5.524082306843138
21985,7.047515077977372
21986,9.04324251741204
21987,4.255354136872871
21988,7.0472707011738
21989,8.5722270771241
21990,8.034959685916244
21991,6.526859033354354
21992,5.315246868566181
21993,6.000217859736675
21994,3.0451039399635755
21995,3.454165482825128
21996,5.810665019936568
21997,3.0771699465018725
21998,5.890017537803667
21999,5.0592438069686345
22000,5.3532258801492985
22001,5.102944116834956
22002,4.8274053316105
22003,1.9413334735812628
22004,5.454049631303963
22005,7.144280441973181
22006,4.849469325912206
22007,9.310090351054303
22008,5.455261268782472
22009,6.735014528596095
22010,2.713023117202584
22011,6.54220707378648
22012,6.521635929178355
22013,4.767453189108111
22014,6.815964166466938
22015,5.672241210286714
22016,5.699595979393532
22017,4.966844219286511
22018,3.7800317752469192
22019,3.5312154293504943
22020,4.340175514486153
22021,7.6514323380298
22022,7.321690734916215
22023,4.123285875543587
22024,3.6661769841483265
22025,5.534986634717269
22026,3.4519231794731717
22027,8.71311495441201
22028,8.449993625929903
22029,7.565519016209311
22030,7.709603182021112
22031,7.607594282364639
22032,4.245073060927222
22033,8.071760350058657
22034,5.129259172921231
22035,8.721236354115446
22036,5.39201352355408
22037,4.715398933760695
22038,5.504956631328196
22039,4.422882048258698
22040,8.480419286325962
22041,6.131367531914653
22042,2.8550731703457037
22043,6.701297435682004
22044,8.834935483256036
22045,5.393585202513958
22046,7.8442547648255525
22047,5.315094003577772
22048,8.051159193227798
22049,3.38773181914625
22050,5.364653937995694
22051,3.3726953275560394
22052,6.7005173938420235
22053,8.822242332475392
22054,6.416849798807445
22055,8.2377156176359
22056,6.4680937162934535
22057,7.92916270210206
22058,4.053914842384516
22059,5.5244949113476185
22060,8.19054618354344
22061,6.122058171206436
22062,3.570875263500687
22063,6.091135953673351
22064,7.648543955519241
22065,5.1267727754733325
22066,3.9635529365765416
22067,6.93424044215306
22068,6.3661439894870755
22069,6.9609339263168035
22070,5.236742362336761
22071,6.435511789781815
22072,5.321165074424932
22073,8.236604121827572
22074,4.827568637670281
22075,5.789355244811282
22076,5.990308323366233
22077,9.328893533319464
22078,7.174624277566363
22079,8.661840089587194
22080,5.214130516434563
22081,8.66784095786637
22082,3.154084901700288
22083,9.252900765348194
22084,2.1327738292309295
22085,3.7850712511159204
22086,6.369071714023833
22087,2.2397116645696844
22088,6.110200746240561
22089,4.503177968391187
22090,5.765995727326998
22091,6.829267865219865
22092,8.793882149169109
22093,7.286113681307621
22094,6.751329781847326
22095,4.900027934980566
22096,7.240088506314112
22097,5.820340953737489
22098,5.9758738885558
22099,8.27774998359866
22100,3.2900030125700814
22101,5.360924872699945
22102,8.367132376961509
22103,8.463534632433932
22104,1.4512494484880962
22105,5.409892072878738
22106,5.08662749600222
22107,7.175144552497599
22108,5.808466718271648
22109,3.6719324857596
22110,5.64981455093937
22111,4.250282409640423
22112,6.025806118247797
22113,6.13506711706736
22114,7.783340396603524
22115,6.4148381737327895
22116,4.163044267635811
22117,4.606204637280981
22118,7.577279656540268
22119,4.852953327816985
22120,4.67921929609773
22121,7.56345682373294
22122,5.889140172223551
22123,4.5604046074825035
22124,7.149041391158655
22125,6.0210176454127415
22126,6.184942134642395
22127,7.425856737017209
22128,4.10243445177284
22129,7.646482929346451
22130,6.962619854579465
22131,4.983527076450519
22132,4.9469160521710345
22133,3.6121834429910202
22134,5.278632680171215
22135,6.660546399900208
22136,4.906927892753885
22137,4.4642136023293455
22138,4.00082770973608
22139,6.106339320066964
22140,7.357189065879695
22141,7.9149976036338066
22142,5.302476291351753
22143,7.293316880355849
22144,8.125877845512846
22145,5.031880343105879
22146,3.1009454480066783
22147,4.052813203484216
22148,1.05858323982932
22149,6.295881131337222
22150,4.569478650354393
22151,2.6846341028833303
22152,7.657204612251892
22153,4.1396542536033225
22154,4.2341197259007854
22155,5.867458347962146
22156,3.328353608367808
22157,5.744821938501874
22158,8.68512265502455
22159,6.642968225924987
22160,9.060307252729785
22161,6.012190355110615
22162,5.31679063976121
22163,4.421917848495489
22164,4.544973802826969
22165,6.770675385818609
22166,5.3750942147745295
22167,8.076605659521341
22168,7.724508278549759
22169,3.7713124800652364
22170,4.359773993393608
22171,5.286079103044614
22172,3.383274325226749
22173,4.908986785258249
22174,5.221491249276716
22175,5.705192430518184
22176,3.860547108211352
22177,2.0267760124368133
22178,8.305201671205706
22179,6.844948635240785
22180,8.442736249071581
22181,5.221271617769907
22182,4.435912581070081
22183,6.588303464979074
22184,6.265571046748107
22185,6.683566420172469
22186,5.883530840120256
22187,7.682752343494309
22188,7.149945108679147
22189,2.559267885386249
22190,5.821428568178397
22191,4.29883899502843
22192,5.80619123097435
22193,6.97188872833088
22194,3.7750832765175426
22195,4.7741359237483785
22196,4.698209186062126
22197,6.266469988364099
22198,6.762762236899778
22199,5.237518166992329
22200,5.0441959049897385
22201,5.562719427128509
22202,3.8474554694503786
22203,8.88691133439757
22204,4.989417890095184
22205,5.4723982050928095
22206,8.203391735192309
22207,1.947698135591689
22208,3.360931638238718
22209,7.1288120073289525
22210,8.072564270759582
22211,9.195949313958007
22212,4.378460979266469
22213,6.045820517271706
22214,5.331047956618393
22215,7.039560295316883
22216,7.338947195688996
22217,5.100370007878148
22218,5.579802138039201
22219,7.907399659494329
22220,1.4601881631112714
22221,7.454682868511448
22222,4.410570247497092
22223,6.778476191119586
22224,3.341223305191735
22225,4.425941504886056
22226,5.197436691203641
22227,2.988914817498043
22228,7.346264131838329
22229,5.456122981412325
22230,5.502520608512356
22231,7.723471323637988
22232,6.323424294501778
22233,8.76104473510465
22234,4.8641860298052375
22235,7.130372069823335
22236,0.835045541101995
22237,2.100061340532089
22238,7.135236800599589
22239,3.9301172628105188
22240,5.791155625604723
22241,7.38804947624872
22242,5.746971828564292
22243,5.199063798577327
22244,5.487680263832907
22245,7.416684207242447
22246,8.108803993189865
22247,6.105692666843477
22248,8.718227530223848
22249,4.948310147960403
22250,6.31938289458088
22251,3.245429902389394
22252,4.276961324566427
22253,8.696825165507512
22254,8.94597053397664
22255,6.876873873287138
22256,6.489774581591729
22257,9.197085341156908
22258,6.9574824794840815
22259,1.7006539318667815
22260,2.1025437220976917
22261,4.844090455547942
22262,4.506333992251562
22263,7.05316920265925
22264,4.31294386680078
22265,6.845773397452136
22266,4.918496651086415
22267,3.701575857711454
22268,3.279914046066309
22269,3.961551433683703
22270,5.832454491160918
22271,3.7675831182746267
22272,7.216782035056309
22273,2.40206714494945
22274,5.417583169645536
22275,6.66794037533177
22276,7.248393786211469
22277,8.749970496296926
22278,6.7347788036740095
22279,2.4479944495007384
22280,8.486496927102975
22281,4.603117542722655
22282,4.299583848354235
22283,5.6865415930674725
22284,8.5760375674719
22285,6.23489289504928
22286,4.970219950760879
22287,6.271123436629744
22288,7.742133823511488
22289,9.046544186666106
22290,4.066854493347035
22291,4.397587074253991
22292,9.495610983068778
22293,6.175523095204519
22294,8.266955206810854
22295,10.0
22296,3.0894039637842186
22297,4.190992508027531
22298,5.554133211959263
22299,6.154563380345957
22300,3.4586161572051415
22301,8.73701664233337
22302,6.209929156379799
22303,5.764430006042827
22304,5.482488887539419
22305,6.735188818485177
22306,7.81723262096946
22307,6.512655987843357
22308,9.263752942611324
22309,6.42661716878051
22310,9.45560507668377
22311,4.417872873242222
22312,5.853961876662668
22313,3.370691477254825
22314,6.300930154311234
22315,5.744485162301845
22316,4.369912278184092
22317,9.07882311698298
22318,2.6241010339436084
22319,5.155109668392634
22320,6.115988213422282
22321,4.513913367365575
22322,5.399394458916049
22323,6.146751770352998
22324,7.24014295811607
22325,2.860135052240116
22326,3.4872982359511826
22327,4.116369918996265
22328,5.712257362419206
22329,6.402704651266898
22330,7.283681712656643
22331,5.1627535268605405
22332,4.058874826554525
22333,7.966370068407286
22334,9.233465896555085
22335,6.033732751168862
22336,6.38579684216796
22337,5.950629128381084
22338,4.6197721912610765
22339,7.606772554642919
22340,9.257789145532056
22341,3.2777014933896624
22342,4.612909723132075
22343,6.808146786963973
22344,5.083779306668394
22345,7.688991997057935
22346,3.5965265565768996
22347,7.978041595289829
22348,5.51446130866083
22349,6.601633698465045
22350,5.913457763285326
22351,3.24474109098254
22352,6.504977241439624
22353,6.747641315654003
22354,5.587474182401833
22355,5.318643548120252
22356,7.093101488498536
22357,6.429369600410063
22358,5.223385316783849
22359,6.012615526855166
22360,5.899206100389579
22361,2.721165685942409
22362,7.624411854539986
22363,4.041885119797057
22364,8.726477272619054
22365,7.984432835668478
22366,7.5588919422923455
22367,4.941088871144826
22368,4.824158637230891
22369,8.81363465469464
22370,3.1350484912130585
22371,7.1154511986969835
22372,8.201952276089749
22373,3.2414190223325425
22374,7.402827405568365
22375,4.541180045065887
22376,9.106344347543024
22377,4.671500172130509
22378,3.5686588435373157
22379,8.224848217284977
22380,7.4353983625739835
22381,3.2279139769860956
22382,7.550722260386944
22383,9.077312388766464
22384,6.422977376014239
22385,4.65935731642816
22386,7.763341991604648
22387,4.300780135944386
22388,1.493603415999215
22389,7.173737565536639
22390,3.176529234423325
22391,4.960068933767384
22392,7.266654077378036
22393,6.804223653881289
22394,9.456258283834808
22395,6.406699966254706
22396,8.571545857141318
22397,8.13020780042276
22398,7.214547388898359
22399,1.590094020238414
22400,5.139412577020275
22401,6.75784026984697
22402,8.943253508056062
22403,7.0992167387102585
22404,6.789342648652048
22405,6.786332583433606
22406,8.96024016276877
22407,3.4475824741089167
22408,7.8317295951128765
22409,3.6913970538391028
22410,4.868287704515323
22411,2.7064432672430625
22412,8.155668898484132
22413,8.027410182410557
22414,6.954752780270954
22415,2.5406556624700687
22416,5.12177157406521
22417,8.872015404999637
22418,6.444226039465433
22419,8.296521000519245
22420,6.054980393435474
22421,5.764613006656389
22422,4.450159800028976
22423,4.998317469930985
22424,8.225731210059351
22425,3.9582946412773903
22426,6.805050221872432
22427,8.16598507867731
22428,8.305126892087095
22429,4.0261108201422555
22430,7.358637934011568
22431,4.657215217243349
22432,4.629930346017071
22433,3.4108960800005073
22434,6.1104866804565745
22435,4.82913188399454
22436,7.208226541680153
22437,8.858701856946968
22438,5.378107335558484
22439,1.4408158802153903
22440,6.075831289910576
22441,6.760173220741071
22442,9.003482246002024
22443,8.53729039401691
22444,7.493765859763001
22445,6.245524233826341
22446,4.146322101932411
22447,2.6714807634709405
22448,8.204878827741583
22449,5.66103256189802
22450,4.431832493899523
22451,7.198767850335827
22452,7.172954405711779
22453,5.1603844084612325
22454,4.293710239156967
22455,3.0477618663326425
22456,6.640020461208341
22457,6.419913025322892
22458,4.887783518384823
22459,3.792997043008106
22460,7.345505867377789
22461,7.221661233366488
22462,2.953341975356344
22463,6.855489520470584
22464,6.707774295672669
22465,5.032794505445273
22466,8.328586587566885
22467,4.492736124732788
22468,5.350142691002145
22469,7.752754829857677
22470,6.406087525315772
22471,8.301971660424599
22472,4.815616525433834
22473,5.048455121409828
22474,7.321286179931905
22475,2.238252322808812
22476,8.76125831996367
22477,7.2594641082950355
22478,7.849963611307201
22479,6.784825111332273
22480,4.307815638970773
22481,8.476833436862837
22482,4.629822042844487
22483,6.480197100640408
22484,5.682649843302853
22485,2.526253329275748
22486,3.271155402153975
22487,7.353386920520431
22488,3.7470368846284465
22489,5.103646937787092
22490,6.2800513889512155
22491,6.699327993831126
22492,8.217796832837738
22493,6.798043794631606
22494,5.812743552493301
22495,7.777540916277775
22496,4.14213685494305
22497,8.36461450108126
22498,5.8837385784319
22499,8.428465214501392
22500,6.545324453180855
22501,4.1996065037024035
22502,3.1960306527927584
22503,8.689861284349803
22504,3.40092510117263
22505,4.947415898891647
22506,8.196734324140255
22507,2.722713786011883
22508,2.483422575856678
22509,5.7207330855191625
22510,6.315655664214571
22511,2.4682033267251167
22512,6.983203207038161
22513,4.364318096305687
22514,5.8478909011166085
22515,8.85915224568366
22516,6.229892567098523
22517,4.775944480648761
22518,6.619737909945161
22519,7.726437470262513
22520,7.000946277208738
22521,5.023927404055236
22522,5.771529265323705
22523,9.47809005560276
22524,4.424134026576912
22525,3.4288348885175224
22526,8.15335741878355
22527,5.377123806887304
22528,2.162852913401289
22529,7.517624626157936
22530,4.896242331549045
22531,7.318663017472925
22532,4.643604521181425
22533,5.1278499739512275
22534,7.329939164810314
22535,4.6074953279631465
22536,5.140801884005433
22537,2.4697142841165194
22538,2.3209101906184384
22539,5.013304431777837
22540,7.695890560015625
22541,8.201635150229903
22542,5.5229284313398175
22543,6.58289923989602
22544,6.977222028708557
22545,6.675596787156988
22546,7.302926783572699
22547,5.960234336434233
22548,5.400451031651386
22549,5.809518666890982
22550,6.300207983764642
22551,6.955155665074731
22552,7.4209407750290755
22553,4.283080946182808
22554,7.6389628264617055
22555,3.972859670186957
22556,4.849843495303109
22557,6.278554000340515
22558,7.937258715761855
22559,7.62571842706045
22560,6.291494840827943
22561,2.4219100628317514
22562,6.785099821928744
22563,3.9268764363970767
22564,7.531672234876699
22565,7.169831563843046
22566,4.663148012154045
22567,5.024374436682189
22568,7.710355357260918
22569,8.929680781116385
22570,2.645063539815877
22571,7.094676210816296
22572,4.154201904114176
22573,4.596953725431834
22574,6.07796842837398
22575,7.823552954760178
22576,5.182677862917137
22577,3.615952504571016
22578,6.215357144785245
22579,5.591326952731065
22580,3.6772045236338737
22581,6.155328122387177
22582,6.159959167926181
22583,2.5328826560223177
22584,2.532863074368726
22585,4.766393200412931
22586,3.801640992508843
22587,3.7333186567933225
22588,3.2931677872914085
22589,5.277968220391982
22590,6.04447498545183
22591,9.250807181815896
22592,3.538845741673648
22593,5.610293114322259
22594,8.168188876247651
22595,7.254863222370583
22596,6.567971170378215
22597,2.3847068216129657
22598,7.068752447836132
22599,8.040333052294498
22600,4.824236489506667
22601,2.6613655325018444
22602,5.090273939574309
22603,6.79103901189838
22604,8.174662495178103
22605,6.217814642882169
22606,4.758069665336709
22607,6.698617156731608
22608,2.4510095933877185
22609,3.780843402215714
22610,6.213811063698714
22611,9.100223620403593
22612,5.321560470568836
22613,4.560705559638588
22614,2.636158013945819
22615,4.644605527917157
22616,7.573948739211538
22617,4.786060195730459
22618,5.781384769505492
22619,7.993536073705797
22620,4.600845407276486
22621,6.977902630059766
22622,7.955499806763588
22623,5.343426213706691
22624,4.564204981307872
22625,6.306519861216823
22626,6.948323907691265
22627,6.091574166721616
22628,8.450547521605298
22629,7.708549759381247
22630,7.121567304510727
22631,6.366467830092782
22632,3.1024056960672457
22633,8.283995796640072
22634,9.130780781242512
22635,7.792748862723052
22636,8.17017745613443
22637,8.698911039627681
22638,6.5235626434627845
22639,6.274626195453917
22640,3.9182200732209913
22641,7.057633175911058
22642,7.12440990739755
22643,0.9125596215968723
22644,7.860751389598024
22645,4.921007001804034
22646,6.7596105837095175
22647,2.891944401804907
22648,5.481733199300467
22649,8.130107161916975
22650,8.111523574712061
22651,2.1763566826067833
22652,6.743432657498543
22653,5.008747563940432
22654,4.064263026601888
22655,6.478565004202797
22656,7.841622202531427
22657,3.452791455391302
22658,5.01840361239517
22659,5.384768095748763
22660,3.6691781218141974
22661,7.051252676662012
22662,6.088761118317024
22663,8.12749183164707
22664,8.128951472387046
22665,7.573952797900442
22666,5.2193425172804115
22667,4.734148904737619
22668,8.078809932256362
22669,4.7189103144541
22670,6.121641837644075
22671,7.442787509356311
22672,4.838457447946273
22673,6.279123117169163
22674,7.943101435361604
22675,4.358911450334445
22676,7.326377839219744
22677,4.093372438432584
22678,5.300274158217872
22679,4.880458981992262
22680,7.0230748299550685
22681,2.928973824825918
22682,4.417023522467517
22683,9.257590126940208
22684,7.5745373168244345
22685,5.983029638377959
22686,3.563689144700801
22687,4.895791704239223
22688,4.062884503326779
22689,6.0206447075964675
22690,7.155286186700122
22691,5.042589838685738
22692,4.549083902244168
22693,4.981135044818866
22694,7.461811539325893
22695,3.0385051125635436
22696,5.220751929424804
22697,4.4456043947912605
22698,2.4715049669412883
22699,4.397944559888424
22700,7.809832309817883
22701,5.402727330437952
22702,6.2374223135424405
22703,6.1944091577614815
22704,7.2164861360384736
22705,4.65722527382758
22706,5.495653189294416
22707,4.686386549118286
22708,4.834069201165492
22709,8.230407938118946
22710,7.995298187987603
22711,4.772565231733999
22712,5.9482070042825805
22713,6.902108210386264
22714,4.692524303151529
22715,5.727727366022373
22716,8.029622786699408
22717,2.854214547808747
22718,7.7672821308957
22719,3.5581575493189455
22720,7.8556507194075
22721,5.933716257621152
22722,6.983118744424754
22723,4.610677805593272
22724,9.249936196204537
22725,7.0431758830852775
22726,6.032008756004694
22727,6.682779899544709
22728,8.487492525936819
22729,1.3479366985519816
22730,5.9497177515831075
22731,5.178117166826988
22732,3.782453535041554
22733,8.434095495948478
22734,8.44452906328556
22735,8.984755993080492
22736,7.234874586091624
22737,6.080379494224047
22738,7.101254124585236
22739,4.068408371079794
22740,5.009643888140103
22741,5.813725352195842
22742,4.781724039344144
22743,7.6006845060962736
22744,3.6450300761552303
22745,7.297347671568193
22746,2.4651357172510835
22747,6.4450710598792025
22748,8.942722749122714
22749,6.274593561166791
22750,2.9040612629806764
22751,5.993592213957828
22752,4.089395151543424
22753,4.962084143346363
22754,4.751669805787514
22755,5.603608714949846
22756,4.27910042713731
22757,6.463016709709219
22758,5.223332192983574
22759,3.9925151106054964
22760,7.866824372536395
22761,8.258802595063282
22762,8.421094490441877
22763,8.073681367489272
22764,8.081381612321676
22765,6.189801562994451
22766,5.94147183087498
22767,6.009391812027339
22768,6.349446492304363
22769,5.219525306592565
22770,6.713646201295887
22771,4.287501192019137
22772,7.185390448098497
22773,5.530758012396128
22774,5.003246059784786
22775,6.820606103724212
22776,6.400440363444062
22777,5.229436831664303
22778,7.580288860337447
22779,9.406490401161246
22780,5.031083294628328
22781,5.363958658934651
22782,7.068249434245113
22783,7.368206863382402
22784,4.344270991452144
22785,3.4348193831870053
22786,7.148046700478615
22787,9.516611459596072
22788,4.6590822803784
22789,4.886521184321544
22790,6.967635159588534
22791,9.005870863292396
22792,4.526816396457808
22793,4.681595762732515
22794,6.168231755462531
22795,9.633417324585386
22796,7.1342938802013025
22797,4.176290086705355
22798,5.7881267361148545
22799,6.6438136145439595
22800,6.108217122867525
22801,7.590029866972988
22802,6.520529254080547
22803,8.428258120472892
22804,5.920269327259005
22805,9.290497695104861
22806,6.092678935358256
22807,6.936112283105726
22808,5.203524455693193
22809,6.013297555259506
22810,5.068217638592001
22811,4.972543838230259
22812,5.317121859610244
22813,7.13056944849038
22814,7.1502994016461505
22815,7.50191606022863
22816,8.495921753501253
22817,3.0035265894546983
22818,2.6495229027861456
22819,4.352889726695142
22820,6.149624622345197
22821,7.214906090535915
22822,5.5321696779154665
22823,7.39081251634481
22824,7.5118224489024445
22825,6.151833040987244
22826,8.715392068808349
22827,7.736318693735295
22828,3.2868017204033357
22829,5.750608495956895
22830,4.198154257183261
22831,4.237478640132134
22832,5.881005386560953
22833,4.254334950146323
22834,8.041981526508621
22835,6.344371010127199
22836,7.612801705350277
22837,5.304456038920626
22838,6.336925158504226
22839,6.378749012015269
22840,2.6082400915066195
22841,2.4241003906203242
22842,8.11159210501442
22843,8.64477758124122
22844,4.917876343070078
22845,7.297885900167246
22846,7.500030901649555
22847,7.1288808946220055
22848,2.6498170277097843
22849,8.84783624792798
22850,3.168081426983768
22851,6.818349879836517
22852,3.8656086513576082
22853,6.136113877324795
22854,4.76503135147301
22855,5.614968589818156
22856,6.155751249234406
22857,5.123259671336467
22858,5.037285899473494
22859,4.94271668898019
22860,9.48553281064983
22861,3.9680177855605203
22862,6.503782412765166
22863,4.168158654796923
22864,6.094817893828969
22865,8.530203125998238
22866,8.216096788034774
22867,5.4566431511366265
22868,8.134506434105685
22869,4.033210026980288
22870,8.234998898930538
22871,5.756422442132353
22872,5.632197254124196
22873,7.014857278757024
22874,6.680986210439155
22875,4.822152443033909
22876,3.78018490493334
22877,7.940187984656486
22878,4.219150169772441
22879,5.826434506845854
22880,3.8904146876227967
22881,4.176780289260751
22882,3.8400191148275846
22883,4.367034191377932
22884,5.1297510267084485
22885,8.399037290969858
22886,8.948344282604575
22887,4.263317454851772
22888,4.4786813080548376
22889,6.040531214963736
22890,6.824692972536636
22891,5.015586512045883
22892,3.8473472204030688
22893,4.705041399978059
22894,5.885812709576266
22895,7.026636393568014
22896,9.213106084903508
22897,6.043343153984147
22898,3.9607560689366856
22899,2.830427298791563
22900,5.352357096571168
22901,2.6380366030526843
22902,8.080084230539711
22903,2.442761980699436
22904,3.9987948988967577
22905,7.575064515663516
22906,8.81659684598262
22907,6.542270581163174
22908,7.287650863316504
22909,6.834264922426738
22910,8.673039372990361
22911,7.161156928130818
22912,9.517077052394587
22913,3.3760258445609463
22914,2.187362773866043
22915,5.540994681720858
22916,3.717152026374408
22917,6.279422871802443
22918,4.550526843556422
22919,2.8784829372480862
22920,8.956321039108158
22921,6.661667740358835
22922,3.1456437920457745
22923,6.837777749896426
22924,7.117574757290894
22925,5.779210173796686
22926,3.0441445784222667
22927,5.3478115458188915
22928,7.854427025710644
22929,6.965356443475988
22930,7.122586247815219
22931,2.745240484682173
22932,5.220362722645109
22933,7.198203400329378
22934,6.918376212275768
22935,8.26693559903072
22936,2.4112821428800117
22937,5.36034723467186
22938,5.35993290962052
22939,7.9546963275648155
22940,5.173848813791578
22941,4.455660247692179
22942,8.441046264987031
22943,3.28141461020772
22944,7.26518579528868
22945,4.97479534749783
22946,4.435883439820338
22947,6.078673578013034
22948,5.402587778178596
22949,4.884360371816264
22950,6.0834537975416
22951,6.819131844381892
22952,4.421723310421288
22953,5.447798335748562
22954,6.399011019297587
22955,5.1784367251409265
22956,2.543857169705698
22957,2.9170299795031696
22958,6.121389123179347
22959,5.8914337493178595
22960,6.748306645738846
22961,6.319944952780628
22962,7.55783377127469
22963,3.1844233783417026
22964,4.148821682869629
22965,5.248184088980428
22966,4.2066545105942
22967,4.304747558358996
22968,4.271063957519774
22969,2.5899562852537885
22970,3.0066290416724883
22971,9.652994566690422
22972,6.006410530053799
22973,4.987690624976336
22974,7.852565765358744
22975,5.212107544465916
22976,2.3572145685846198
22977,3.8912144219699716
22978,6.080706733134398
22979,4.316015179678088
22980,7.767810567895718
22981,7.099030389910111
22982,6.992344006850156
22983,6.1267399689492095
22984,6.809212069287653
22985,5.62288084469102
22986,6.321606236577101
22987,8.601839697084568
22988,9.503114558358435
22989,6.094205770421474
22990,5.388130835168993
22991,7.4228297651986255
22992,3.6392248896612225
22993,7.939729253093985
22994,3.3325285992749456
22995,4.628639552940156
22996,3.4996549378602992
22997,7.4111302498488865
22998,2.7203664697682037
22999,6.486348421116884
23000,1.9495215353595512
23001,6.837263501318201
23002,7.702725568302986
23003,6.194976895907106
23004,9.266885559274703
23005,6.5162680191719415
23006,2.7102727773589246
23007,8.50567029229006
23008,5.134340494238544
23009,8.30855725590796
23010,5.745495273165556
23011,5.444383380925997
23012,5.1402451155134
23013,6.0917510062380895
23014,7.615371251364627
23015,3.168339908188885
23016,6.877084555347312
23017,4.813554424757487
23018,3.6337822326143043
23019,8.507387182989756
23020,6.24726249875075
23021,5.678667998848129
23022,4.692620243991609
23023,5.932605232612932
23024,4.912758369490411
23025,3.606155861177913
23026,4.5707512884794514
23027,4.233381893408878
23028,6.433703939233977
23029,5.284236622976782
23030,6.875529241766496
23031,5.640509654302909
23032,5.571052762575344
23033,4.3824651331164315
23034,8.457244143349161
23035,5.506772173212735
23036,5.626422817863178
23037,5.3305788225764905
23038,7.7328011276044215
23039,4.849094631588757
23040,6.038354843525642
23041,2.874055341700546
23042,6.301739742908054
23043,5.322706277778109
23044,5.8682146982725705
23045,2.615777950091787
23046,6.502886067438735
23047,8.11183222978515
23048,3.254510276509878
23049,4.878634424097559
23050,6.374725265720575
23051,9.855095746808498
23052,4.099938167852421
23053,4.795375249348351
23054,6.7586609586270665
23055,5.840147117575812
23056,8.064112967779206
23057,5.902575947813528
23058,8.83021588642429
23059,7.166751966643846
23060,8.113083217477284
23061,5.455183004989665
23062,6.676784540588305
23063,4.253522455500951
23064,6.519083986370959
23065,6.752373274908397
23066,3.7034380719726103
23067,6.093853549244066
23068,3.742189839896642
23069,6.910020018878107
23070,3.4823569476482805
23071,5.729609244620402
23072,8.351234479090577
23073,5.406120565580384
23074,7.423091522242566
23075,5.520036590379987
23076,5.78292915880879
23077,7.914088228056674
23078,7.145530504724777
23079,3.3495771384436908
23080,8.674217904506875
23081,7.683178739347292
23082,6.623141275380441
23083,6.660046329468359
23084,7.2274865445732654
23085,5.882129961506461
23086,5.709009918106791
23087,8.86406898873425
23088,7.226359979860934
23089,7.243280735842602
23090,5.228936263658997
23091,6.178487555907635
23092,4.761480114869535
23093,6.417642435803136
23094,7.205741459757234
23095,5.956728894649306
23096,8.497362562879104
23097,5.478435714986428
23098,5.307318117926913
23099,8.613724490148952
23100,6.725062176485717
23101,7.58974383844401
23102,1.372298841492531
23103,8.013462345637176
23104,5.294941693536165
23105,5.3708347769462685
23106,5.275218512964683
23107,4.801049850081358
23108,8.734410019610408
23109,5.35302251190101
23110,2.9741390555163667
23111,3.953960263458235
23112,7.1896592852913175
23113,4.376212699100628
23114,7.228159928162034
23115,8.32828762708305
23116,0.6725663963458909
23117,6.875909995217017
23118,6.792164497109157
23119,7.514429617302485
23120,8.853844410733599
23121,6.815498699829481
23122,8.256316787152436
23123,7.718652877299357
23124,5.0883766031924065
23125,7.1932224331553565
23126,7.790569215486309
23127,4.975823099839576
23128,7.631668218005765
23129,6.171695808409624
23130,3.5477388243529595
23131,5.462767873738741
23132,7.664982064550182
23133,5.373639707249935
23134,6.328413733888298
23135,5.3855115732833525
23136,8.10090328504032
23137,5.307135409452482
23138,4.036856542586749
23139,8.619212393593521
23140,6.569738927276144
23141,5.666879066027262
23142,4.587564723941922
23143,4.097963014956302
23144,5.297721126060265
23145,5.362393272413604
23146,7.28808489108431
23147,6.632723937598558
23148,3.727077644668224
23149,7.204457297619596
23150,7.228114989950656
23151,7.149147506094328
23152,5.735453765016178
23153,4.13429742728908
23154,5.193037395122655
23155,3.9112984117147733
23156,0.531437030941632
23157,5.800794055583115
23158,5.787417588169167
23159,4.34641617111197
23160,6.702421958548189
23161,6.120216326136275
23162,2.478008245357789
23163,7.619585130484389
23164,3.7807966385727285
23165,6.03265889438725
23166,8.645361001635559
23167,8.59363810025716
23168,7.419666772993367
23169,7.0333088982260685
23170,6.5243737195229805
23171,3.058019968759859
23172,8.055963801717494
23173,7.134790055705495
23174,0.8511029271153916
23175,5.590812046699497
23176,6.197220460929736
23177,7.602974650577724
23178,8.89652683015097
23179,6.88903038238348
23180,9.236247181198586
23181,5.930008384795999
23182,4.49458996652434
23183,5.214179618205578
23184,8.382591938481166
23185,7.36221224185848
23186,6.88466392036279
23187,7.433308573324128
23188,3.301694702668983
23189,5.626164769148625
23190,7.199467686202617
23191,8.040181111250769
23192,5.624371782283285
23193,8.495593145524179
23194,5.876466457880481
23195,6.212044058118331
23196,4.115699471751573
23197,4.019422779022412
23198,6.870614767123331
23199,6.715466148961796
23200,5.525757824634804
23201,7.355369281623746
23202,4.367427404653031
23203,5.945283397950195
23204,7.431317685250277
23205,5.89914072778107
23206,5.293751206048512
23207,5.768421178782009
23208,2.374897108097767
23209,4.90015004456078
23210,1.6461005263744932
23211,4.149891414267081
23212,6.742250286088349
23213,3.2196126557334903
23214,7.5624956217505535
23215,5.408670550688825
23216,6.799168695729409
23217,3.0880070866234335
23218,6.793153506014709
23219,6.549130774989874
23220,4.840134894954269
23221,4.686081369975304
23222,4.170546016313482
23223,4.162577693693816
23224,5.142882384084796
23225,7.215163245024462
23226,7.397052763892553
23227,6.299201644540725
23228,7.772026322840728
23229,7.0082399518337315
23230,5.8107295339085585
23231,6.489515161163799
23232,7.042957255186055
23233,6.507014965785426
23234,4.676947046916673
23235,3.9094592164507738
23236,6.481192122827516
23237,4.834757981724974
23238,6.934946394737088
23239,6.996791142610992
23240,2.3921986890850233
23241,5.689661479773198
23242,4.987216391463594
23243,4.330236048772144
23244,5.861114873475931
23245,6.179728998403472
23246,5.905774871299037
23247,5.84122463245641
23248,7.072323202086791
23249,4.120363148295829
23250,4.675414369194788
23251,6.5116862758543546
23252,5.970536563040475
23253,5.398950157911996
23254,1.5106433980480587
23255,8.545013891870788
23256,8.030453144248977
23257,4.312244352124862
23258,3.354153332514471
23259,9.016488794885074
23260,8.604674650896914
23261,6.114886412843487
23262,1.2444527823459925
23263,8.193725154485179
23264,7.304967979946192
23265,5.322292340112399
23266,7.241315144093289
23267,5.698028942813266
23268,6.145667933517923
23269,9.030646875519793
23270,7.021883621414473
23271,5.580278569610949
23272,5.927180397578207
23273,7.942375938230175
23274,6.89756524749142
23275,8.121359985891466
23276,7.349281375041686
23277,3.5524261401061823
23278,3.6136942461656005
23279,5.05457108792593
23280,6.187867582134447
23281,4.731708637039257
23282,6.456984389784456
23283,4.928571644597625
23284,4.589126397541374
23285,6.070097378531725
23286,5.020670625160352
23287,5.529327518667462
23288,4.525974470120687
23289,7.228556320071755
23290,7.394952513103847
23291,6.733524224487656
23292,5.522222391566582
23293,5.817685953849979
23294,7.810580951596712
23295,6.5360061745639335
23296,9.687872435720774
23297,7.065066658410878
23298,7.678810896548464
23299,7.184809102357669
23300,5.4530982913408845
23301,4.541591384494742
23302,7.778996166808456
23303,8.320198230965289
23304,5.551772141505292
23305,4.987375433767258
23306,6.444140838170799
23307,8.215653550100553
23308,8.802488548481048
23309,5.483383479403939
23310,6.242575757199998
23311,5.347473194668858
23312,7.735971045552753
23313,3.860908184131352
23314,6.226956324289843
23315,5.439106373322252
23316,8.977595933632815
23317,4.959585907519229
23318,8.87291645202331
23319,6.546494096113563
23320,2.5942818585890484
23321,4.066436588542571
23322,7.9854399259723925
23323,6.762320002499381
23324,7.559227525996579
23325,7.578807892545365
23326,6.8655946647672
23327,4.004413467493386
23328,6.0675650968635395
23329,4.921554004890871
23330,9.703869013303493
23331,5.620211737805283
23332,7.250822967981669
23333,5.091820808931837
23334,5.272635854030191
23335,3.951686990497344
23336,3.2282538733466897
23337,5.30205782800538
23338,5.798461350135519
23339,7.999788877429027
23340,7.424742906823879
23341,8.901678635178934
23342,5.0393963352131745
23343,5.928267694485714
23344,6.185044929503673
23345,7.934243401129647
23346,6.794519718480816
23347,3.050864701413165
23348,3.8707767062303047
23349,2.063840469748241
23350,5.347979943198297
23351,5.9114911234792675
23352,6.98498343297937
23353,4.790960371708587
23354,4.18651216837285
23355,8.80800089114193
23356,6.240498516768324
23357,6.965258982676491
23358,9.580757593142335
23359,5.559611019348831
23360,5.379771686629122
23361,7.3810161684889435
23362,7.919549300923354
23363,3.2456135107028468
23364,4.418457497207604
23365,4.382265120926386
23366,7.219078705501962
23367,5.458730890520604
23368,6.234245951572396
23369,4.862154401923568
23370,4.16446214499033
23371,3.5682904637404715
23372,6.290904957829339
23373,9.306460043538245
23374,4.397058943478866
23375,4.624535400155086
23376,9.031993914341097
23377,4.354826086791499
23378,3.361323578861337
23379,6.451404083895971
23380,4.054868068364178
23381,6.708435195837801
23382,4.501798449602118
23383,5.524253158710834
23384,7.4343669439852285
23385,3.884207625420355
23386,3.6306143159309796
23387,4.306553583878686
23388,3.4996562335124444
23389,2.298385291517614
23390,4.76080585816155
23391,7.2057252383260595
23392,2.2115008687257958
23393,7.795634837718122
23394,6.664307142950875
23395,4.058348374865331
23396,6.176413571067884
23397,6.04629592807338
23398,1.6656523090320408
23399,6.068821261485683
23400,9.11696041399177
23401,1.699777853714931
23402,6.391728021902251
23403,5.106905119008757
23404,5.948885135509106
23405,4.624245178648729
23406,9.163469173225767
23407,9.003603888392423
23408,4.706070371299431
23409,2.830759164132975
23410,8.675184594775933
23411,6.169440982674791
23412,4.845143569016164
23413,7.990049676687424
23414,1.9218947774409016
23415,7.5099258149974535
23416,6.057541930733994
23417,6.036528705146651
23418,6.392643940949657
23419,3.6334160921333374
23420,6.856393307630835
23421,3.8107189191919026
23422,7.291042883087817
23423,7.570538384502582
23424,7.8646451991201545
23425,6.802009095817142
23426,7.926223044536965
23427,9.264497832872019
23428,2.320588885266749
23429,3.271032039861053
23430,7.206711372310479
23431,5.207148688115659
23432,7.699778454849261
23433,3.1995114774081665
23434,5.4142776674933595
23435,6.205668299593079
23436,8.162410192639484
23437,8.65433069604782
23438,4.105073858467401
23439,2.8430104166114716
23440,2.5178366605927276
23441,4.374898522329394
23442,4.031732375135689
23443,5.769198540392776
23444,5.274301040963688
23445,7.885145776097322
23446,7.181134329245834
23447,6.746326534219215
23448,3.8743854645725313
23449,6.309906957960166
23450,7.543782747792627
23451,4.182763836774151
23452,7.502691606684446
23453,4.423774894874059
23454,8.125090323336511
23455,3.902049447012212
23456,6.246256734535968
23457,6.6946450425534145
23458,4.4123209599091116
23459,2.213153113647044
23460,3.9100133052822743
23461,8.938757638782711
23462,7.686040560464669
23463,6.29018817027228
23464,7.336305972393863
23465,5.8280499545646665
23466,7.958066482110783
23467,9.410978627196844
23468,5.843684151369138
23469,4.818245894337662
23470,8.105718757718764
23471,5.120238112607234
23472,5.413894748730635
23473,8.664443120227638
23474,5.7091085975748195
23475,4.15441446933661
23476,2.1529922881050214
23477,6.622159481283392
23478,6.594874639226558
23479,3.676663797874358
23480,6.27763673854265
23481,4.2737510248653665
23482,9.2379061729943
23483,5.401924368311948
23484,7.65213859973394
23485,7.460079515868616
23486,7.524246829016298
23487,6.565037864621098
23488,8.866792122256493
23489,4.749926861275594
23490,3.9123805259436972
23491,4.142844704185849
23492,4.785972277512273
23493,8.286256797634518
23494,3.6101994778845534
23495,4.895818890517973
23496,6.996090642181257
23497,3.513048492256927
23498,3.7762656455327113
23499,5.422663274286722
23500,2.573740318191355
23501,7.061544374677645
23502,10.0
23503,7.181205416494706
23504,6.420861827569629
23505,8.248137623879828
23506,6.671157562655324
23507,6.152348202612135
23508,7.7513274636596154
23509,10.0
23510,4.225390470152836
23511,6.70346279826628
23512,4.477332408644198
23513,4.44667680449721
23514,6.604561682269742
23515,2.6029002920227815
23516,8.5722103810971
23517,6.580090839730718
23518,4.958051385035124
23519,5.015308572448172
23520,6.588177837126971
23521,8.222147581809276
23522,7.252506433944466
23523,6.184395477281319
23524,5.947473608728604
23525,3.86655207406733
23526,7.664221185838805
23527,1.7485004909788575
23528,3.3986413728172944
23529,8.29612225885436
23530,9.093966124183206
23531,3.8739686481092375
23532,4.891162563281293
23533,6.905458133589562
23534,6.370875834223875
23535,5.719444423936513
23536,6.66066764735843
23537,1.864321343295003
23538,7.140518028428015
23539,2.297038436438249
23540,4.766137053211846
23541,4.281876096465089
23542,2.8275932554279715
23543,5.244491665879952
23544,4.304208193329444
23545,6.1374145755748755
23546,3.129671115583336
23547,8.754488778930858
23548,6.2885303466549365
23549,6.496274277476249
23550,6.386725011445514
23551,5.5636044394796045
23552,5.849670108731994
23553,5.0239266736467005
23554,3.03440347076138
23555,5.5965085027682315
23556,7.024603913925309
23557,6.94815134919278
23558,4.402059399630435
23559,9.308783414524154
23560,6.699558555248306
23561,8.797242881455434
23562,5.570767597834713
23563,7.6618599490739445
23564,4.364496996140095
23565,5.234196250909261
23566,5.5499793847744625
23567,4.74486760443323
23568,5.423799941241979
23569,2.968269236928599
23570,7.23826307573383
23571,5.502461236256859
23572,4.976291203518979
23573,4.2186145950531975
23574,4.660374631864363
23575,4.731062018119214
23576,6.610209802389402
23577,6.757510031240138
23578,2.743762972834723
23579,7.162769652762782
23580,4.309207308399071
23581,4.458960357209973
23582,6.1633024834266665
23583,5.748835600251147
23584,6.441779898820755
23585,4.748140450704525
23586,3.1692120424804804
23587,5.46507074555313
23588,3.7913685612173134
23589,4.7724790356140065
23590,9.21624559003673
23591,6.083312662022295
23592,4.545819420340463
23593,4.984182905854092
23594,3.5140742925569857
23595,7.100918031762807
23596,3.1662085779108553
23597,2.245692764360011
23598,7.563662019778239
23599,3.0984039474180367
23600,3.1241943253871245
23601,7.648973302507289
23602,6.603298128149265
23603,5.822696380774111
23604,2.161172282111116
23605,9.984322463211875
23606,4.297259203425758
23607,4.869780031315817
23608,7.342803182756574
23609,8.616208481683385
23610,1.82294879985319
23611,2.4950373808718376
23612,3.6608241532442114
23613,7.560242328305343
23614,6.334463251014883
23615,2.714217436819957
23616,6.706291785443463
23617,6.740922738515941
23618,6.151794496848871
23619,2.1967247600585247
23620,5.242157895712444
23621,5.222977858265699
23622,6.6936820235609105
23623,7.000935566660387
23624,5.330146528399802
23625,9.177876392176486
23626,6.594520785466516
23627,7.084630288315676
23628,0.9715588485916746
23629,9.219355926075467
23630,5.853464264752522
23631,7.051474203266417
23632,4.625970349338752
23633,7.5185143722858765
23634,6.0929626561010855
23635,4.50413709716739
23636,5.345768798402272
23637,5.629808401479223
23638,7.1435857561111265
23639,9.281893470205661
23640,4.59320350545133
23641,8.647759476706423
23642,4.937817510831711
23643,4.833866876720539
23644,7.90702896976438
23645,7.16524519992787
23646,2.1059177283583925
23647,5.867235968000097
23648,6.231349628055527
23649,5.457596255462921
23650,6.814074488481219
23651,7.233430721161073
23652,7.282732445485573
23653,6.13947870774343
23654,4.783092576544509
23655,6.898695368056879
23656,6.654855552811693
23657,5.122721574061057
23658,6.264778314869589
23659,5.142937371595787
23660,6.380539499454429
23661,6.774295468777489
23662,6.75424715917785
23663,5.215658877749591
23664,3.254700753158307
23665,7.337108638949287
23666,6.405167511507363
23667,8.655115688523368
23668,7.101139681122413
23669,6.890621364289059
23670,4.812576678907321
23671,5.822015722167136
23672,9.396550600274628
23673,7.0415459594770615
23674,6.4691963092500115
23675,4.699049264092199
23676,6.218281309277789
23677,7.829406106968949
23678,5.963380558209142
23679,10.0
23680,3.8637505117631368
23681,6.014872952156212
23682,6.961353019809887
23683,5.890187109764998
23684,4.593295198086293
23685,4.579832333158369
23686,8.267775168332308
23687,4.692718346408451
23688,6.602363022106148
23689,6.776149937018852
23690,2.4325427335017733
23691,5.95742760834316
23692,4.029955053946456
23693,9.46244835599271
23694,6.240976321038525
23695,2.489659794687779
23696,3.9396932435826195
23697,8.295550549350244
23698,7.335613882959589
23699,3.4301634066377704
23700,6.682133863475328
23701,4.970077328250942
23702,4.858537802864879
23703,7.931936523907421
23704,6.5632315464408455
23705,7.423167743721569
23706,5.721047437534042
23707,7.053258020489077
23708,5.9315315790512555
23709,6.618994172562397
23710,5.508192588568723
23711,1.9313819029075454
23712,6.982015971405211
23713,5.699229171393099
23714,8.005855967922573
23715,2.6915615952606804
23716,3.5854880679651697
23717,8.625192697300829
23718,4.991463777413296
23719,7.61960537613515
23720,5.465553963241663
23721,3.1333329097971654
23722,1.3669346643387927
23723,5.3387288087328155
23724,4.624186468327104
23725,4.73049909967356
23726,5.792820793198036
23727,5.371360406291638
23728,7.022876728856012
23729,9.044876421083892
23730,1.5532173469473036
23731,4.072723878307948
23732,5.868075659799448
23733,6.263940655598417
23734,8.657969603348322
23735,6.204207068609737
23736,3.53459292000831
23737,7.5141134861071155
23738,4.799034256021384
23739,8.993609379826172
23740,8.91757027364403
23741,2.474703559944587
23742,4.332233738593686
23743,5.048817288249784
23744,7.648865381348299
23745,7.854679622304763
23746,2.2442088762009265
23747,8.220240458833146
23748,7.641207306609312
23749,7.419845815303814
23750,4.9701698616834085
23751,4.418700326980037
23752,5.926068240120207
23753,7.542617371552674
23754,6.606102717960357
23755,7.5302008511389005
23756,3.8721433201305473
23757,4.102294215838942
23758,4.845645493070371
23759,5.413693829612115
23760,7.747324870402483
23761,3.2118906388272372
23762,5.1683332356193885
23763,4.756633123627122
23764,7.8174511076893305
23765,4.91227604629573
23766,1.8034334925969207
23767,6.38121067483398
23768,4.2827776143421765
23769,4.989570793463672
23770,2.978924919590414
23771,6.425692341898507
23772,4.000299735992257
23773,9.72931010438673
23774,7.475688882067546
23775,7.680632724698976
23776,5.8833315397108805
23777,8.23477054573129
23778,5.824240888952062
23779,3.465712434855327
23780,3.034482320731117
23781,2.7577761683262265
23782,3.3367263201529482
23783,6.54986274818596
23784,5.313457907654707
23785,6.899779680307458
23786,7.1320320652014555
23787,7.850018496028211
23788,6.803204724967021
23789,6.637055731002902
23790,3.2538468856988456
23791,3.2069157100895884
23792,7.124063180348083
23793,6.1507904789233505
23794,6.6946857263333
23795,3.4103145045251324
23796,5.416645339925158
23797,7.15752644293923
23798,5.930427640468907
23799,7.526065377100293
23800,2.834778973848282
23801,6.9169120607834795
23802,6.771458583966914
23803,4.849417888411386
23804,5.008323730593289
23805,6.386386334002348
23806,6.118163467625652
23807,7.447749058024242
23808,3.0654877317927505
23809,1.1235052631717057
23810,3.6994532750067965
23811,4.8364096680667386
23812,2.5866850749526487
23813,2.2173779069937605
23814,6.6831732740224545
23815,5.7148536998974215
23816,3.7512784446988046
23817,4.037880869480581
23818,5.8272663859068405
23819,8.733348286141341
23820,9.091917574874667
23821,8.234487105651418
23822,5.821355510182652
23823,7.0147332817673185
23824,7.804452091958621
23825,6.386725536105122
23826,6.318878522300601
23827,4.103252909480158
23828,7.33230642252769
23829,4.458607112498962
23830,6.807909690359396
23831,0.23394851440456088
23832,3.801885605547784
23833,1.6394412743309146
23834,8.362650722142634
23835,2.6440846964795766
23836,6.030201466359183
23837,5.640208712980986
23838,3.360157052256374
23839,5.069050529978691
23840,2.4555624889518857
23841,5.106405814079162
23842,6.307098345105848
23843,7.3043334083392955
23844,2.1802215017231807
23845,4.036090571899756
23846,4.115026507074062
23847,8.833568568612
23848,3.7587577288966254
23849,7.807009810479585
23850,7.480582953387985
23851,5.036636090093049
23852,7.368047210587291
23853,8.839022479803731
23854,3.864708412847895
23855,6.950544039519844
23856,7.100528407432767
23857,6.036834469073162
23858,3.004559774151706
23859,9.063643296077904
23860,4.866081337076472
23861,8.357418544972491
23862,7.75117941949675
23863,7.918484798061918
23864,2.3736684407163513
23865,7.303571341485592
23866,3.9941597825370008
23867,4.102110305512513
23868,3.9610300307554858
23869,5.452998667536638
23870,4.587788694292305
23871,10.0
23872,6.076617726034222
23873,4.781011742400089
23874,4.119560761592501
23875,6.786749808830888
23876,9.388781964933216
23877,6.765155480225105
23878,7.450075769998959
23879,5.211233288346653
23880,6.425314882154811
23881,1.1319331729426165
23882,7.778778011920061
23883,2.2810164709661382
23884,5.037365000021452
23885,3.8708024140344603
23886,7.203346811228913
23887,6.169304983776258
23888,5.760718445181129
23889,4.769633522862491
23890,8.756652562999964
23891,7.062089517679967
23892,5.794972849786517
23893,6.0097432909191655
23894,3.840137012517798
23895,4.420044601791465
23896,3.0553103503267653
23897,6.677651483263942
23898,7.449329837992304
23899,2.7715654542301884
23900,2.387342585715229
23901,6.858279433741964
23902,5.397678228118118
23903,6.696972201872683
23904,6.498547639838623
23905,8.256132298284978
23906,7.510024254924179
23907,7.094830541973849
23908,3.5356732515524936
23909,7.198788088631313
23910,7.309041303777322
23911,6.193845923117728
23912,7.338136551477533
23913,6.0175504986544395
23914,5.962867828189883
23915,8.499961180783
23916,5.334571395771739
23917,2.8761051850940675
23918,5.157920177729533
23919,4.214730503982584
23920,8.742085579051736
23921,7.428806612484149
23922,1.2287759437492638
23923,5.460335682135178
23924,6.6794846545895235
23925,4.062911086151353
23926,6.96408488275868
23927,8.067651738580937
23928,1.2815869678824194
23929,4.983595451848144
23930,4.106082498011134
23931,3.4385141034380173
23932,4.973957492667791
23933,5.973522718370882
23934,5.927117876392776
23935,5.560607671076553
23936,3.756918151599371
23937,5.4009067110718645
23938,4.855941148649618
23939,2.6040691930744373
23940,5.94629023934658
23941,5.379182016050056
23942,4.073425921742109
23943,8.502821456451114
23944,7.174700561037214
23945,5.641718783466535
23946,8.56153079695056
23947,5.037352183715576
23948,4.428444570441893
23949,4.639125602202309
23950,6.616954153198481
23951,5.474842409932602
23952,6.796085330861821
23953,5.576116205639133
23954,7.892141201638262
23955,1.9868356608152906
23956,2.56107887171722
23957,4.141585911106137
23958,8.265056049687937
23959,9.737533218599614
23960,5.001015826986956
23961,6.206599787460149
23962,4.71879977967857
23963,4.20290807690125
23964,6.07220444404415
23965,4.551366298935347
23966,1.861432106475542
23967,6.215029354979034
23968,6.833625405371638
23969,5.78135432841494
23970,4.812405169437624
23971,6.945558576825613
23972,2.767369434754481
23973,7.4765840768638165
23974,7.1233572324450645
23975,8.379236527979657
23976,5.332597953897133
23977,8.323885370519607
23978,7.470086765239916
23979,8.557933982948288
23980,3.8285163216303446
23981,8.68306547581036
23982,7.10278056310032
23983,5.219056391491969
23984,5.075425380245092
23985,7.971935495748546
23986,6.164082808242322
23987,7.094375752222188
23988,6.152240147998397
23989,4.85757291607068
23990,3.7889178285083194
23991,6.330119329791813
23992,4.178252467188013
23993,8.737826858077055
23994,5.343318601283309
23995,6.41186452688853
23996,3.443833261717282
23997,3.740197099025043
23998,5.344198980667396
23999,5.191415106097239
24000,3.4137104771350315
