id,bilissel_performans_skoru
1,6.122386521678126
2,6.166133239996894
3,2.919599674731724
4,7.304773180476735
5,3.803698439505169
6,5.445702088225296
7,3.2925634176823313
8,7.519858617258714
9,3.775089131836828
10,3.731399092661788
11,8.598879623074204
12,3.9908720847426187
13,6.475908613045715
14,6.73197462003948
15,5.868934157648808
16,4.389562502982626
17,7.25593143284955
18,8.156608158591334
19,7.405354899423339
20,5.114039609777853
21,4.18761676186916
22,7.357120407932303
23,2.7720472365498274
24,5.195917440256337
25,7.077498301652269
26,6.660458385557095
27,7.055356466990071
28,8.045444421905374
29,4.234754657900243
30,7.5480024324057755
31,6.9772074121981404
32,6.459729899474559
33,5.477791329946305
34,5.157831554149945
35,4.357818723991769
36,5.486414144171194
37,4.8088031836388385
38,5.770995712871787
39,7.543614023724851
40,8.05959158080077
41,6.699722371382269
42,6.1480413472607705
43,6.7728827700305825
44,5.464845885691666
45,9.00582286495854
46,1.6241362115364235
47,5.175434423608225
48,6.37778044370671
49,4.808525532883555
50,7.885188087012452
51,7.227788950717896
52,3.3559122615132457
53,6.7704380318243915
54,7.368586088827552
55,4.3203688407502145
56,5.726500883412157
57,2.5986722046833224
58,3.5775060380904913
59,4.663141010218555
60,3.899802267355792
61,8.801690566219268
62,8.511194533732043
63,7.405900300424075
64,5.535652252297944
65,4.603994466947042
66,5.958361094689733
67,4.840798401704486
68,5.430962331870671
69,7.455083522131236
70,2.9027621924817097
71,4.295267893456774
72,8.513400682703775
73,8.175863194698294
74,5.86365816004257
75,2.8101520923463217
76,7.400295038821698
77,4.418045166171939
78,3.874288254722003
79,8.71578436247735
80,6.04042708088854
81,4.042599799392773
82,4.8665092486115515
83,6.305223087348831
84,7.291634124506028
85,5.9052108409108754
86,7.00798903198017
87,7.321484159006629
88,7.331007639017278
89,3.240400634821696
90,8.335459627289524
91,4.147565412566919
92,2.728676319317037
93,5.946617485941122
94,7.687089328532099
95,5.7169185618764535
96,7.569243702540392
97,4.803850175075024
98,3.927429848480746
99,5.933308200160418
100,8.859175643777572
101,5.322232760553241
102,5.970868349390037
103,5.500861907678185
104,3.767459097350525
105,6.130631214807831
106,5.779541416612037
107,8.093845475463471
108,8.58794882305169
109,7.899169522990347
110,8.079794025246294
111,4.048017626873483
112,2.9812171272896286
113,6.557379502869732
114,5.6437513474480525
115,7.109653566582253
116,8.115298473937042
117,7.7752755500499
118,7.337191084922136
119,8.894937070926069
120,3.496117223873455
121,1.4566608257803448
122,6.196382129214347
123,7.064209077502476
124,3.7576043649932873
125,3.2999748792599037
126,8.088988459078234
127,4.508058143373436
128,6.9375217223272365
129,4.665680321115401
130,8.261864566592454
131,5.719842891459566
132,5.986486747902477
133,4.589241519725091
134,6.814400546752463
135,7.360029686680322
136,7.5247883074563795
137,7.515162065126578
138,6.566133731280077
139,4.651639502140769
140,6.405231263392494
141,7.3543129710388415
142,5.1266518923520525
143,3.557875010666282
144,4.715850470725916
145,5.735239293221483
146,8.299242160050028
147,6.239773658778189
148,7.916227787198932
149,3.693067089599057
150,6.720703037549168
151,7.913553330366172
152,2.419423806111082
153,4.982250160648604
154,7.737501971176211
155,5.822157508370655
156,8.545777126913366
157,4.6430886035290495
158,4.760823726113191
159,4.752943999193065
160,4.555055005047658
161,4.169828519157859
162,6.396186678697179
163,4.33746170446208
164,4.08500416740466
165,8.639703601676096
166,6.095663283522406
167,8.111917833838197
168,3.998525723126555
169,7.759841018956636
170,7.7965596657105465
171,7.051486743128174
172,7.4256439282086575
173,3.4401911512939627
174,4.7116374407999615
175,8.171791279992643
176,6.353566611777234
177,6.457377111092318
178,5.831246993785846
179,1.25305151872972
180,6.115899681849761
181,3.7124284398491723
182,3.2862664339676657
183,3.855305176212385
184,4.0493317989619735
185,8.80913163175832
186,6.013100878483599
187,4.658947395843747
188,9.156601764874653
189,5.852320235764125
190,5.906221254565841
191,4.045017853596008
192,2.80417036705526
193,5.506276487452965
194,4.0262178637514765
195,8.918324617613067
196,8.058989276429298
197,6.764098986947362
198,7.347925383704722
199,6.767956253800529
200,3.077008746890297
201,8.443786942882932
202,6.648982572897456
203,5.64129568605778
204,4.467114833332189
205,8.599666778372963
206,5.984889363813495
207,6.450662062995018
208,3.762565579556896
209,6.202978765790785
210,6.368563403581614
211,4.556914335111259
212,8.29362589763868
213,3.0024579482501723
214,5.362089643073279
215,6.358254390336894
216,9.40578407671696
217,8.575217349992085
218,4.490798271823637
219,5.45544824998899
220,5.100264463868433
221,0.8715869930338866
222,5.355712848966295
223,2.5889450956112254
224,8.101027097778607
225,5.939131432336958
226,7.983281938257214
227,7.543592094305655
228,5.445978656841263
229,3.6938324872000496
230,2.851265619833976
231,7.370383693933284
232,7.314901230241123
233,3.8907030606054964
234,1.5701059601527985
235,6.690374476090934
236,5.604811555364202
237,6.964865733544915
238,5.779393237253117
239,7.396091987738626
240,3.9931164585478838
241,8.805224728330979
242,6.63389088988778
243,4.334214045568819
244,4.675875469294224
245,4.51385572200472
246,1.7616645191820397
247,7.858055468740554
248,5.72992158094278
249,7.204838733532073
250,8.61635417583367
251,6.303784759528886
252,6.970784562179787
253,7.284428582590034
254,5.507686806526982
255,2.111210883514774
256,8.831403963835644
257,4.603364854606217
258,4.636171418741053
259,6.522089865631662
260,6.311707030257576
261,2.3856266299776103
262,5.437707857606734
263,5.760263107312566
264,4.976184302307027
265,4.540976454157862
266,5.864152862183246
267,4.274580199433838
268,8.903159986233874
269,7.351720732795224
270,1.8517206020575092
271,4.832620226771596
272,9.562498687118852
273,3.6583874667188008
274,5.771745188181473
275,8.991736459578384
276,5.966233033425777
277,9.19676299624732
278,5.372578797335786
279,3.789709429977357
280,2.4614182436650767
281,5.190418329668365
282,8.916465568501218
283,6.275055276725613
284,6.136537216279781
285,7.788821861144024
286,3.4584028994278513
287,3.496511314714898
288,8.180290229603836
289,3.613021581753017
290,4.6519387024790655
291,3.3172540682838463
292,3.9658249748332643
293,5.604074646190627
294,8.809375209570362
295,7.4894417958574415
296,4.740729569538072
297,6.309874136367144
298,7.373451459931955
299,4.772539069271568
300,4.333142714147812
301,8.692787108800962
302,3.149545633108911
303,7.619018547664014
304,3.6286606380681112
305,8.713593491315908
306,7.886029792403128
307,6.935699340675368
308,5.000965628801815
309,5.066027125993848
310,4.528735864219703
311,5.593793741762863
312,5.11640126326547
313,9.467156055980652
314,6.961892486060487
315,5.447603854999468
316,5.728192617065968
317,2.5479537502352834
318,5.532389826219953
319,5.169632038269253
320,4.44886289170654
321,5.467537682120381
322,5.385213008884351
323,3.7695315057769863
324,4.94825478145399
325,7.673990224741901
326,7.6400033443138105
327,6.511624153499168
328,7.053662566279446
329,3.7989612331808678
330,8.992397515822596
331,9.074538401980234
332,6.859231331297739
333,4.677240898782372
334,9.068892515276742
335,6.723372782672134
336,6.045722887885773
337,5.18204297966557
338,7.750112798395853
339,4.957788481306764
340,7.105055221050105
341,3.9395791725849536
342,2.352166804266933
343,7.026321866611225
344,4.6449746321131835
345,5.634217894140475
346,6.060887143798277
347,5.722953531862813
348,6.197199850788895
349,4.742469361025906
350,4.35132778066076
351,6.436543011833602
352,4.363671798986374
353,7.194610221384622
354,6.0300212318180835
355,3.512453356180549
356,5.4344008697976225
357,6.486623388698883
358,5.698606956850722
359,3.2770465432451763
360,8.367453254435473
361,6.523892121598259
362,5.200145588126338
363,2.061747300535793
364,3.0737310539548757
365,6.7899516533507835
366,5.603761558003741
367,3.891253645440152
368,6.853684964168718
369,6.366003652796126
370,3.862196110504562
371,8.657230434887017
372,6.275772964299017
373,6.479848933777137
374,4.057844259520467
375,6.666644977587861
376,7.580719471628125
377,5.978913031333506
378,8.218202823570504
379,6.838352549008774
380,8.709644486340073
381,8.87961826876195
382,3.1706036791810006
383,3.8432810354923745
384,6.770049830751786
385,7.725860610354964
386,6.4686313234853685
387,9.328009517905837
388,7.815084773301855
389,9.819377163919928
390,6.287661061524371
391,5.1872535602369485
392,3.6430451424458683
393,4.055699050268528
394,8.820060316004666
395,5.150569399433893
396,5.624275662618137
397,6.021094528031178
398,0.36957640240052203
399,8.801089593665678
400,6.630271500422168
401,7.662249000859713
402,3.4424948672756104
403,4.196342023617912
404,6.892715497587085
405,7.990097080705366
406,4.127662329012018
407,5.586207315994841
408,5.794507020219475
409,6.188059092180777
410,5.359330848274299
411,4.734002662059238
412,6.904636717111853
413,5.520077099549791
414,6.262718458137238
415,5.185677742116245
416,5.110807148772931
417,5.019470769931564
418,6.145321227511743
419,6.052908000260317
420,2.923174620923765
421,3.8478237675533173
422,6.481787122343652
423,4.6555533526751525
424,3.077575010320861
425,6.258649795978906
426,5.085168588213822
427,3.4514734661076534
428,4.257141985599485
429,6.212252196167022
430,6.11583745078077
431,7.760716506628728
432,6.528610708755073
433,7.677043981560415
434,4.360493584317427
435,4.831620846016387
436,4.324029568343475
437,6.4089801945462295
438,7.412898798388886
439,3.9471922425722896
440,7.749691222308474
441,7.7994385802692054
442,2.648813370137698
443,6.271406534268923
444,5.173954251459282
445,2.118590738867099
446,3.8330328227415222
447,8.022686019438707
448,2.0533767023869105
449,8.850873888486534
450,6.012990768346239
451,7.723389635040894
452,7.130901745612887
453,8.34324721596604
454,5.473581198660499
455,4.652842399687938
456,7.72726706393032
457,5.284516666401272
458,4.960591385455249
459,6.353432212011128
460,6.613280886790125
461,4.111331806496508
462,7.503523044662211
463,8.936392293470822
464,4.898971427483517
465,5.789760524365076
466,8.093389312763392
467,6.5474986870855645
468,5.715002076470106
469,5.112359120809781
470,6.284503224396496
471,5.778970998147907
472,6.884524843439028
473,8.667464757212052
474,4.426359803491105
475,4.664516499806241
476,4.847757181381093
477,7.43707966295079
478,6.501408883873148
479,8.14892715975554
480,4.308231717930257
481,6.682043761987439
482,8.371955611877333
483,4.803096189458653
484,5.926656072042294
485,7.799154983422536
486,7.333478375672344
487,2.371908877136776
488,6.786612020789706
489,6.525415898271467
490,5.745326495093649
491,10.0
492,2.775230837485191
493,6.340408890613297
494,1.2228416803361575
495,6.129544506809863
496,6.875020630652015
497,6.813469744882592
498,7.416882212200665
499,3.804351385329598
500,6.613664394828609
501,4.882016203734268
502,4.838686634528397
503,8.360183914301375
504,4.929806936174458
505,3.420567002239763
506,5.329664890404047
507,7.468946975884661
508,6.400507487381681
509,8.484851965480852
510,2.4325407940850874
511,8.498306709163291
512,6.6389976069792604
513,4.292619513194557
514,6.921475958354897
515,5.00345297524713
516,9.050025550927174
517,4.91206334807913
518,6.262674327152863
519,4.0260817068606745
520,3.5997252101477675
521,7.8288784256459625
522,5.654187249155756
523,1.8787686303006792
524,8.962960725306738
525,7.313830825558216
526,4.539572954116108
527,4.512009422113427
528,3.5068220671200336
529,7.631084463169525
530,7.444039349879725
531,6.224625859696481
532,2.0656393210831707
533,9.043205362812296
534,8.554011357437197
535,6.706600708348075
536,5.938032354615196
537,6.893142472916148
538,8.759334448040473
539,2.934518248327712
540,4.637760045745321
541,5.580649203055415
542,7.493208086805848
543,8.540979215436195
544,6.891788775389293
545,9.675695511328152
546,4.740769847044261
547,4.699201353705533
548,7.2653995704652665
549,6.368757981720945
550,6.924739818576711
551,4.698619866104984
552,7.1728137893560415
553,8.853222931656312
554,6.392862978544738
555,6.73504543233734
556,8.2273555579337
557,5.634077971214046
558,5.554476921575836
559,4.481473033172181
560,3.009088438289787
561,8.929623796050143
562,7.937379605234494
563,6.415191712864196
564,6.094176869230173
565,4.699922728094089
566,2.7827378178797106
567,7.562085978559539
568,6.441390186218607
569,4.533810489820054
570,8.404759175007964
571,6.318831751738479
572,8.475206001087264
573,4.983077539945727
574,9.043288815192835
575,5.867029640933789
576,4.802189657229125
577,7.8250631266147295
578,4.507286556477958
579,6.697940664858601
580,6.060954119218647
581,6.995230294844641
582,4.312881478495106
583,5.0394501736479995
584,4.660560743992722
585,6.668875089735385
586,6.1441211889915905
587,4.459767982827641
588,5.551038908093238
589,5.55398436408098
590,7.14513823627152
591,4.18702933035113
592,3.151414645029182
593,7.291228487174143
594,6.002905976482506
595,6.046079159064396
596,9.685263430053544
597,5.336120365790811
598,3.231218813937663
599,6.667341136217649
600,8.061328842879343
601,7.530518342160385
602,4.069936610278958
603,5.267967934048774
604,2.224240696856581
605,1.6900724697345118
606,8.266158801195505
607,6.6788043717224035
608,5.384470287531518
609,5.776733264774409
610,5.889078518404351
611,5.0668363229508016
612,4.771465073138558
613,6.605521105535383
614,3.4938546568930438
615,6.511370597087595
616,7.947574085994105
617,6.949188223632305
618,8.065939134334293
619,1.3963214251821792
620,5.8091557803586475
621,4.654463727682071
622,4.772697205151149
623,2.3430802571381024
624,8.138788182698132
625,5.3636721152361915
626,4.800645140142494
627,6.275961255576077
628,4.657518527058098
629,5.303517616483742
630,5.634596970326206
631,6.616237709104038
632,4.057656806688385
633,8.259863514503841
634,5.831045791843435
635,2.758188203894395
636,4.666294936759906
637,7.810703623916308
638,5.1682007178077285
639,4.875118397956116
640,5.847411299544615
641,3.588205793463368
642,8.987207838042517
643,3.7086409769902833
644,6.083099369954839
645,5.120939429078868
646,4.1550473214977535
647,9.744355509142935
648,6.705416681454043
649,7.458227178656498
650,3.2457299761549168
651,9.891059695395972
652,5.8499004256117635
653,4.626655150293342
654,5.17937786235318
655,6.816303358510801
656,5.480760737497855
657,7.282227479807148
658,8.08841708355443
659,6.800961547451918
660,3.829910112394403
661,3.4871257580471555
662,7.002911557211991
663,7.373304103418755
664,7.580294456874498
665,5.0655217343141015
666,9.068486165082922
667,4.350973935717179
668,6.067329001425847
669,6.471581195725282
670,8.227214738272453
671,4.980124787437211
672,7.09088904446294
673,5.027693245793516
674,7.896521236813726
675,7.036099737821658
676,8.116988356337716
677,5.981187747462602
678,8.092287894367178
679,3.6771649868508463
680,8.048885946901736
681,2.492078925445104
682,5.504641202087063
683,3.4502543426582433
684,8.451183014346375
685,3.532374695898622
686,6.480238983885047
687,5.43013278479022
688,6.305100517825535
689,8.901095302355053
690,6.609353436542769
691,6.635540268806524
692,5.6833525811195
693,5.44581876940862
694,4.904963616685819
695,8.349616355535305
696,5.664253443619471
697,6.678230019029662
698,6.424620808366378
699,2.5088383442379465
700,3.642029292877939
701,8.69292341013221
702,4.670162473884686
703,4.385992130618149
704,2.656350411014302
705,7.032722824423789
706,7.764936174226123
707,3.454208611229482
708,6.796095542149292
709,7.899909652854906
710,3.879001012863615
711,8.084195844597055
712,7.979622305973711
713,9.27437190674702
714,6.778581500014718
715,4.014750590354691
716,2.3401303444156305
717,4.100259429879079
718,6.928599837492655
719,4.633812703125395
720,5.917727018645684
721,6.180813556954062
722,5.9040435622496314
723,8.249994939518604
724,9.844402342350616
725,3.5150083680101822
726,6.055921604300226
727,6.863491673833437
728,6.418591214323509
729,6.1622451787582735
730,4.539894795265679
731,8.185195552406364
732,9.458804467596952
733,3.999706622727632
734,2.5210898572463964
735,7.62123980661471
736,7.289032812437643
737,5.461115088638264
738,5.273390120414723
739,4.748162342188914
740,4.87910004411476
741,5.576363278491929
742,8.04866597889804
743,7.414748060035588
744,7.572079139013173
745,5.185024706824551
746,2.941322033030583
747,8.754760933716952
748,5.380406517987955
749,7.9298402360042
750,6.442083957073225
751,3.9651783585604274
752,7.940393964438881
753,7.628201916297494
754,4.798112670741872
755,6.512888579681647
756,8.031822918488116
757,3.9614449546180834
758,2.936736031003525
759,4.091984903049228
760,8.237477349212805
761,5.413049088328966
762,6.382426579631947
763,5.716451518586982
764,6.827590474575112
765,9.088657889799482
766,8.45108935721938
767,7.872293163352481
768,3.2207580890692995
769,0.8197389172526677
770,7.007391931301397
771,6.500708727108789
772,4.851416740355001
773,6.474818471865223
774,7.0466273203012815
775,5.064552354582141
776,6.92376241555192
777,5.507339003139325
778,4.375733562276458
779,5.590875117348578
780,4.41370977170022
781,7.254692408565788
782,7.648695060647951
783,8.530615283779142
784,4.472669646323684
785,7.5383196731165585
786,6.293388952712046
787,4.960302399136947
788,6.984031755564084
789,4.269434726071664
790,7.314896450125442
791,5.906550921149316
792,6.130203105994198
793,8.21361431420853
794,8.543148337933868
795,6.048654069077989
796,4.9935682793079295
797,5.186208480924858
798,2.9878915348928254
799,7.146668017109904
800,6.2626282031044145
801,4.9915191485819985
802,6.848064657964665
803,6.4608258042780555
804,6.306747087320853
805,5.825611483145288
806,4.668763540150836
807,8.039402291270804
808,3.369044307760963
809,6.651773948901514
810,5.447414179253901
811,8.86967810116217
812,9.098310076557379
813,5.965559263424469
814,7.197940919005125
815,3.360183636456331
816,5.853997980269336
817,4.293716149000354
818,2.497973520764252
819,5.436533009354424
820,4.881931531747172
821,7.11312008968777
822,6.109538334201282
823,5.512853107514754
824,5.494731632060665
825,3.2158882362262844
826,5.317294803718953
827,4.690110895108562
828,7.2059028678701775
829,6.101998682012634
830,4.367566647677264
831,5.2687589466106735
832,7.746248302623465
833,5.22477546186256
834,6.155325562142044
835,8.748075017818673
836,3.49575815802121
837,6.951670266776846
838,4.682723058626785
839,6.7463889984280705
840,6.646669664271614
841,8.299748346288741
842,8.090036120752307
843,7.147960007476858
844,7.36082888892657
845,4.140803990356721
846,4.904392290857274
847,5.232675724079838
848,7.187403634092202
849,3.1546384570216848
850,3.135730354610319
851,8.231347033793533
852,7.2428854751339475
853,6.126351373135502
854,7.414756958865705
855,10.0
856,3.7145555309280684
857,2.531316506003324
858,3.167620036629463
859,5.433014132385765
860,8.087272719041687
861,7.0119491477516185
862,6.308144227362712
863,6.0373144109751395
864,6.642654783066975
865,5.190460609282363
866,8.921214237098688
867,3.950569831080248
868,4.166847037527793
869,2.845093026420969
870,6.304854702469764
871,6.879107331416098
872,6.691018232432585
873,7.288235794476409
874,4.216999016546779
875,9.545089985202384
876,3.889790476525935
877,7.31083892241616
878,4.6174978263929045
879,8.072905242911212
880,6.925636163277928
881,6.509588149787005
882,7.856772199176647
883,4.997894692963863
884,8.00658136870783
885,3.6230763243591495
886,2.345326027777165
887,3.024735709156757
888,3.9426987858842764
889,5.256653707545705
890,7.8721681114593585
891,6.280388485756692
892,6.932013624931336
893,5.594757463295176
894,6.359790052647394
895,6.619123620385223
896,3.842859739031961
897,4.808703047299982
898,5.038715976992247
899,8.526280347900542
900,8.783414049036963
901,6.73975341804263
902,4.371352413613984
903,9.306974882888259
904,1.0009157936813082
905,4.99395754427202
906,7.790111222715099
907,7.376324717729068
908,3.99304471570909
909,4.005090839301951
910,7.0744717147494045
911,2.5441517645362746
912,9.712834105672961
913,7.286096866198968
914,5.6855297887531595
915,5.439056251496172
916,3.64684509294569
917,6.026303045614084
918,6.980488456889706
919,4.621553039965261
920,6.405541143011556
921,7.310538702126537
922,7.09180025692347
923,6.888760233683145
924,5.038628323878236
925,8.22344823354469
926,8.199662862736167
927,7.7823071541993105
928,6.395241023046804
929,8.53870887597436
930,5.479735023077502
931,9.03829559409941
932,7.50478236618585
933,4.203629780760507
934,2.9657794319529276
935,3.0046763513294774
936,3.1220015817032802
937,7.9064806249116355
938,6.815213394297506
939,7.1521949969588885
940,3.5576533654191205
941,6.892027867713301
942,2.2722751436419006
943,9.484089837798805
944,6.040530566168476
945,7.911985157999192
946,7.427697153630396
947,7.803153295581199
948,9.443611625842141
949,6.144903326499944
950,7.149766684122756
951,4.888661438701652
952,4.307695269702294
953,5.73932173880408
954,4.032590789793832
955,6.0067072698415735
956,6.739464731854333
957,4.264224953625352
958,2.8357231057911365
959,4.1152715960333435
960,4.293420830365313
961,7.697250936889249
962,8.496915551551567
963,4.2896009859649675
964,7.851805576711399
965,3.182163498802917
966,6.298564696654172
967,3.940934287783373
968,5.072158356765577
969,5.588355854434309
970,4.596504807846928
971,5.787066193048069
972,6.342769425715544
973,7.315034178119266
974,4.618945731784223
975,6.897857497582573
976,5.191763953308
977,4.531359759846318
978,8.110749564309273
979,5.521380460284012
980,5.386962073481911
981,7.681907565976237
982,9.021930829550989
983,9.207627709382944
984,6.347478865816223
985,1.974273156468667
986,8.178621058939209
987,8.38714360578285
988,1.6411763167226718
989,4.259828644082585
990,5.013331410801737
991,5.754893714264378
992,4.4468857528234
993,6.748075529095575
994,4.407083621461019
995,6.908382215037417
996,4.6688474640518365
997,7.8079098529593125
998,3.994392616586003
999,4.638405114145004
1000,6.045486318210886
1001,5.043176231567193
1002,7.630760504551935
1003,6.665965348354137
1004,7.847750606896657
1005,4.991887404159186
1006,4.350882055795714
1007,5.665806870413588
1008,7.26706815872603
1009,5.021260084839843
1010,6.590166902289042
1011,5.4798798720077375
1012,7.09832351834793
1013,6.19477509298793
1014,6.692846699133179
1015,7.527478933956443
1016,8.719835846216487
1017,8.255354140723608
1018,9.616998826177053
1019,6.0516043215414035
1020,5.180002829256161
1021,3.8798083321404593
1022,4.239415861254103
1023,6.829019102697943
1024,5.124994408387792
1025,6.437418377948092
1026,7.637011938406776
1027,6.827712244652295
1028,5.3937995949273105
1029,3.3815132081369947
1030,5.54222465139593
1031,8.222289594174441
1032,7.782478092142351
1033,8.331549469284928
1034,7.675174111688245
1035,6.544638772208328
1036,5.199024475266654
1037,8.016034817063314
1038,5.494748021597765
1039,7.995920944168601
1040,7.895550728426773
1041,6.107376838665252
1042,5.661069423538596
1043,6.482423250930427
1044,8.54927651765168
1045,5.653235983092333
1046,5.085768695764179
1047,6.426912216330106
1048,3.610362657441769
1049,4.62044938900037
1050,6.849997068387192
1051,8.68239396758049
1052,6.346655255097083
1053,3.602578965084982
1054,6.011860547122681
1055,3.346358695682576
1056,4.3316221649170865
1057,2.817919034709414
1058,7.683194478328878
1059,6.445321954594986
1060,5.087002752063155
1061,9.128799077249097
1062,7.146065180288988
1063,5.159203569437111
1064,6.11435585427391
1065,5.287017715233748
1066,5.4892607284668
1067,8.4257701735436
1068,7.777293172529163
1069,8.439583517680731
1070,6.076153230358898
1071,9.54762032719189
1072,7.203104521174666
1073,5.864589188858168
1074,9.23115726733553
1075,7.775699116857243
1076,4.510961534066283
1077,5.715514792896661
1078,7.615231664849418
1079,4.292634066843966
1080,4.515551872549872
1081,10.0
1082,6.571137493147037
1083,5.1499805121206155
1084,3.2610579519685485
1085,4.864091875229151
1086,3.975161795084299
1087,3.916052076377542
1088,3.106035669934979
1089,2.898813151227885
1090,7.867742597096615
1091,3.8051825518740143
1092,5.32164905778753
1093,6.634120955397146
1094,6.4822079426517725
1095,6.158371230362582
1096,9.145759480067744
1097,5.824413376245998
1098,5.186330894611285
1099,5.865165799785986
1100,5.190546259206293
1101,5.7380625138236265
1102,7.309783130779168
1103,3.9243384192025452
1104,5.42044167309008
1105,6.085596861229952
1106,5.12258291941878
1107,8.330497802539625
1108,5.545765715851686
1109,8.065551911482153
1110,4.191630796281178
1111,3.607005105840429
1112,4.280501927780323
1113,7.022778799713974
1114,3.0622569827091137
1115,5.029519636503448
1116,1.8268782437684736
1117,6.139232063959362
1118,5.763141339773826
1119,9.65078978024353
1120,8.617698413552038
1121,8.558146882611542
1122,6.66428785386859
1123,6.616852760453507
1124,5.426345625558502
1125,3.3009766973847467
1126,5.47553829083814
1127,2.8470307187540107
1128,8.115433210329321
1129,3.3964744835686407
1130,5.698441218582605
1131,2.9788707199594553
1132,6.658877432777635
1133,6.435050589277199
1134,3.1906165556225687
1135,5.777297131853157
1136,7.350558193313876
1137,3.970938706897175
1138,4.033558307671844
1139,6.8818601867031735
1140,7.154268905498369
1141,5.093843630359052
1142,2.3013278974893803
1143,7.798809935035909
1144,4.332683645446471
1145,2.1818855229430523
1146,8.372921452475765
1147,1.2884887641995557
1148,3.343540156569765
1149,5.529335974489853
1150,6.0287661517168925
1151,7.9415321672661445
1152,6.414881470918175
1153,5.318584170471501
1154,3.9230354604404196
1155,4.93726560257798
1156,5.0636172907853165
1157,5.064821593667636
1158,3.7257835229283507
1159,3.335360781188613
1160,6.366148259357436
1161,6.6637954758191675
1162,7.493507365767954
1163,7.284202245930736
1164,4.7511468836505735
1165,7.562737575140645
1166,6.847546257560333
1167,6.765894972683677
1168,6.222837411315265
1169,5.923023232358
1170,5.738383482289082
1171,5.675546179305865
1172,6.792387991859943
1173,4.0831771409897915
1174,6.781298061543495
1175,3.9908036458204044
1176,4.0812781243223935
1177,4.829244338223445
1178,6.2522411491035665
1179,6.979475591147656
1180,3.2925120968915684
1181,5.601533646394276
1182,9.686546823459155
1183,3.518073353131184
1184,3.901233183423579
1185,7.386445726385
1186,5.027546936084931
1187,4.62352052878958
1188,7.551389806584662
1189,4.897767729822194
1190,6.854790541057342
1191,3.264449670293434
1192,5.344496184503983
1193,4.082274196795953
1194,7.428802464773187
1195,3.9669059045161648
1196,2.441888959916536
1197,7.8577460613831605
1198,4.448730256019882
1199,6.507082521558463
1200,3.2856366296846535
1201,6.009131428247529
1202,8.67953407142108
1203,5.499576752867112
1204,7.618496973996866
1205,4.912698895895751
1206,5.678973395099547
1207,4.07642932712141
1208,6.259405833518786
1209,8.05170160290489
1210,6.610306753199705
1211,7.866383966182463
1212,6.144620798392907
1213,8.789307882715665
1214,7.208483285718534
1215,5.721350536222235
1216,4.237925017076261
1217,7.488763041373584
1218,3.4590127933606962
1219,4.495845281878508
1220,7.752525601496868
1221,5.900654368889727
1222,7.134470502736878
1223,5.224498708475339
1224,5.1250054594795245
1225,7.414735869467291
1226,8.6578562026914
1227,7.147631269684247
1228,3.6233634568639275
1229,6.779034483291207
1230,7.199134800473155
1231,10.0
1232,6.732834359577064
1233,7.970224488878779
1234,6.747706532505126
1235,6.573386166321715
1236,8.351625943753493
1237,3.5852929004256726
1238,7.707801643978675
1239,3.646223275645872
1240,7.463597594614328
1241,5.65935565314315
1242,5.808468648879288
1243,2.564340752943553
1244,6.763641181070599
1245,4.732047779739166
1246,5.507559306875517
1247,5.36401564877001
1248,4.625724253702525
1249,6.682532096834898
1250,4.9513941736823375
1251,8.16034989701637
1252,5.421361154307144
1253,8.876647956595418
1254,3.4681322185920638
1255,5.473933021363963
1256,6.690106569382895
1257,5.470803706262773
1258,4.5047153518437835
1259,6.532690460016832
1260,5.875802693807492
1261,9.067967937230392
1262,8.285919559407112
1263,6.026066390050074
1264,8.139136133963156
1265,6.727766757591096
1266,7.494365438256791
1267,9.148047731747813
1268,8.176742696561647
1269,7.368461021929551
1270,9.548898625251933
1271,6.399966801939189
1272,4.534259037152559
1273,5.158461765930649
1274,7.1288836487974425
1275,7.872142713398061
1276,5.45496208759177
1277,1.199791796757343
1278,5.887753019576806
1279,3.9042513035005277
1280,5.714314000073346
1281,4.719157625498157
1282,6.072573496776785
1283,3.189307924985856
1284,6.09728174817168
1285,5.856139391097894
1286,2.5035068112538346
1287,4.675133079821656
1288,6.37311983806962
1289,7.756207974235483
1290,2.9820560958129487
1291,8.048190014161314
1292,5.521399821815864
1293,4.753697048998251
1294,3.602170816983001
1295,6.957721622876294
1296,8.023917104859368
1297,4.395111516778654
1298,2.938098131165285
1299,2.961433701447666
1300,7.959740580579281
1301,7.357570324327089
1302,6.152063288618752
1303,6.533695264618936
1304,3.9881856193815968
1305,6.939950580076223
1306,3.8725538843706167
1307,5.59162090080048
1308,6.103100562033398
1309,5.737982242555869
1310,4.856250599935013
1311,1.5383657771014758
1312,6.881374144886083
1313,5.131872781961542
1314,7.759242609686192
1315,2.6850378408986746
1316,8.835732126925802
1317,2.1669500418360275
1318,2.5866098863578184
1319,2.0031197303179553
1320,7.559193311382688
1321,3.7748902490007143
1322,5.048531520292338
1323,6.13836983590462
1324,5.6209597675406755
1325,8.698861367015844
1326,8.860895015230764
1327,5.597809453069148
1328,2.479120614332154
1329,6.6891775888158955
1330,5.65769541869653
1331,7.184234404895733
1332,8.083555035279172
1333,7.6355889787978715
1334,5.720572673677921
1335,4.729975727769986
1336,5.864098070306444
1337,3.358345790627155
1338,4.405346410054118
1339,6.337174393065336
1340,6.165409453367759
1341,6.109436838118783
1342,7.365927663800604
1343,4.500766724479542
1344,6.562148970272734
1345,3.5110996536292616
1346,5.323112190648171
1347,7.0252627536755
1348,3.9558221160809333
1349,7.138313226729736
1350,6.845594821009524
1351,4.029510226728424
1352,6.976534023100388
1353,4.836155691944127
1354,6.953631777332376
1355,6.977243299194762
1356,4.517503718207689
1357,5.756535491467371
1358,7.823462853239905
1359,5.80190351968152
1360,4.9247042206644736
1361,8.528279682381076
1362,8.531599031237493
1363,3.985285314873541
1364,7.1660565088151635
1365,4.406763640859507
1366,5.318834477900471
1367,9.513972212562448
1368,5.991459775493704
1369,7.808710729091262
1370,5.161137998357866
1371,7.710604683057501
1372,4.747024768492292
1373,7.27689985817953
1374,4.712099237877393
1375,6.859556516348601
1376,7.1523206216147495
1377,5.610107635465214
1378,5.738629214419582
1379,5.997134142608752
1380,5.4067950337631805
1381,1.944863980362335
1382,9.425505171228924
1383,3.3318965049037663
1384,7.2581778599706235
1385,7.95544287113337
1386,5.3056045535987995
1387,5.195849846159481
1388,6.455822688448681
1389,6.516520201017473
1390,4.746317885059721
1391,4.800065179045166
1392,4.015996010333546
1393,6.224592807039384
1394,5.0316598627437426
1395,5.143678367620658
1396,6.8278788622762
1397,7.263314302739678
1398,7.508334307239293
1399,4.91787511075008
1400,3.995742459617553
1401,4.6616903519600825
1402,7.770195170850542
1403,7.593808976021839
1404,4.879101578264352
1405,6.1850984979846935
1406,4.99727035699525
1407,3.111423178766179
1408,5.142621450425853
1409,6.417902228594398
1410,5.668317738591481
1411,8.13840874739838
1412,5.156768776449205
1413,6.40952091947653
1414,8.745078023700955
1415,9.175631289830829
1416,4.410921231318853
1417,0.8202482298944299
1418,6.426419705673642
1419,6.370803753568948
1420,2.7209127492268963
1421,7.807323146210777
1422,8.990436065246765
1423,7.033912046013835
1424,7.444090692483323
1425,9.196530310232284
1426,7.999223182240019
1427,1.48268563173899
1428,3.1807668969513596
1429,5.393832326535876
1430,3.1357146367120112
1431,7.0380512022590285
1432,4.732890601322328
1433,7.779252276984999
1434,5.307969937577794
1435,7.79968225071562
1436,8.475305982836128
1437,7.603992275123136
1438,7.737367038391304
1439,7.334075840172087
1440,7.694752973596155
1441,5.123933182490095
1442,7.071712973075348
1443,7.464059271825924
1444,1.7671183517331812
1445,8.785764631894834
1446,6.45283383565087
1447,6.700476515101768
1448,9.093598773285446
1449,5.746533737566507
1450,8.20853724507888
1451,7.467078586875749
1452,7.0789490103841715
1453,6.276337733631639
1454,7.577182452906574
1455,7.263171567050253
1456,7.580542457119828
1457,6.160748593554797
1458,4.537572583883977
1459,8.44729982889131
1460,2.1868505946320798
1461,6.3132420840665
1462,4.258987043780292
1463,3.3865770471986845
1464,4.672287718740513
1465,3.7991409284381277
1466,7.169898566128528
1467,6.461272670605423
1468,6.940372978048195
1469,8.890803817714149
1470,2.5724279005787616
1471,6.101971092448295
1472,3.8092340971596625
1473,8.22803467479255
1474,5.197620519537743
1475,4.688714984605558
1476,7.8560680628300545
1477,6.569999353395557
1478,7.066825002575552
1479,3.791354691696508
1480,7.193300660059641
1481,7.035238450792954
1482,6.927356855458491
1483,4.858312383806359
1484,4.853448915792621
1485,8.498413168092226
1486,1.803171501505445
1487,2.984025876459257
1488,2.335162513923069
1489,4.275652910085067
1490,4.3893973740996035
1491,6.767673132765511
1492,6.173979986473189
1493,8.840647646574507
1494,3.7741637882619807
1495,8.026120765082757
1496,5.184857229081123
1497,5.235123447092546
1498,6.369123157937289
1499,4.636346981803297
1500,8.334652596855326
1501,6.2416406906347905
1502,7.159313229511732
1503,5.898671140027513
1504,5.3627328377033345
1505,4.531919105582979
1506,7.492539638425683
1507,6.986966842763232
1508,6.114040980387753
1509,3.333054774138252
1510,4.598352600842691
1511,8.08247917525738
1512,2.225568473477792
1513,3.338699186472139
1514,8.444802094741355
1515,5.82557285211575
1516,5.8933077612774785
1517,7.620872426106551
1518,8.130846725363472
1519,6.291231654906258
1520,5.0724803759279595
1521,4.9376972058069235
1522,7.836565348036544
1523,5.901646196594073
1524,3.1286600789217496
1525,3.8253135404732777
1526,8.784499423570734
1527,4.127141770993621
1528,5.934545295245394
1529,6.878026366308923
1530,8.251857041763685
1531,4.8780550485323815
1532,4.142348863947198
1533,6.282646756974367
1534,4.643749451265469
1535,5.35155104920624
1536,8.876123619332905
1537,5.20088248134951
1538,6.818093737939089
1539,4.610855579530765
1540,6.815490449723226
1541,6.271495581970825
1542,7.293502105273949
1543,8.822765871860039
1544,6.662573592384954
1545,3.5799340617668953
1546,7.381054660040933
1547,4.69835142016649
1548,7.717559897665727
1549,6.213541155518447
1550,6.239842069825038
1551,3.1153762579878848
1552,5.450826506130892
1553,4.290788715832438
1554,6.033448467192471
1555,5.654373517518975
1556,7.85680861712529
1557,7.32349183433686
1558,4.5526336770545495
1559,5.463120480805717
1560,7.999690243784536
1561,5.0947843307677605
1562,7.914357465864883
1563,5.377024434990682
1564,4.512871980470662
1565,5.046053823553461
1566,7.831812830461663
1567,6.460361216710848
1568,5.202386842308986
1569,3.542804371527566
1570,5.106273662595025
1571,5.2707390631457365
1572,8.533172136040072
1573,3.0992301493125907
1574,6.739953420696182
1575,4.0809030998107465
1576,7.344901473844843
1577,5.067724467100788
1578,7.379994894409625
1579,4.1595410812389755
1580,7.475939764716458
1581,7.170760852071201
1582,2.6135992862453445
1583,2.97732383325351
1584,4.596893552206305
1585,7.295919045826924
1586,5.064135007632073
1587,6.822087050270264
1588,7.994052444014555
1589,5.389499695094225
1590,5.1584902145599125
1591,8.317870837176168
1592,7.400530440949565
1593,3.5173517109444106
1594,4.289953380565114
1595,1.6046276513178555
1596,2.811669138533707
1597,5.465107363466688
1598,7.007722985901493
1599,6.401086836199294
1600,2.6832225098639615
1601,6.228130159332915
1602,7.440584386435417
1603,5.377721581166619
1604,7.793064835977148
1605,6.167763603771654
1606,9.632967323924593
1607,9.19219841523265
1608,5.310550088691141
1609,5.36279165492226
1610,8.332449320987154
1611,7.709658944863483
1612,7.512561332253608
1613,6.7506475802442
1614,5.2763230274324275
1615,3.037239295546751
1616,5.71936947490507
1617,5.922181127833467
1618,5.61858432129222
1619,7.391039309647663
1620,5.68397366568823
1621,4.404530091565361
1622,5.436646907175568
1623,7.357608589848097
1624,6.393259489229633
1625,7.158711531242492
1626,7.771316267847167
1627,7.884846787419866
1628,5.70289731720126
1629,6.5212541411066764
1630,4.214612778919653
1631,10.0
1632,8.072923825430667
1633,8.764603042616788
1634,7.346965437506322
1635,8.766994825998777
1636,6.069923718591272
1637,7.8879752504185525
1638,7.726968582797914
1639,8.145356560396724
1640,5.1617856475004915
1641,5.59442778391619
1642,4.524132811837362
1643,5.2813785480393305
1644,7.4083455843479165
1645,8.027303440067623
1646,5.860947662830721
1647,6.3754563776873585
1648,8.952283355262537
1649,4.901706550266802
1650,4.7385918792626915
1651,4.087404989957564
1652,8.162284198186683
1653,2.7558177306692855
1654,5.691823322390412
1655,6.908177957863129
1656,3.7943823279902773
1657,7.303207952983284
1658,3.640153979112017
1659,6.037186042164976
1660,8.594366933901059
1661,7.467420560315119
1662,7.186722488268275
1663,4.390450573855967
1664,6.420179928740016
1665,6.342503770094129
1666,4.83393960156742
1667,4.1826963567119995
1668,6.638681921281046
1669,6.913624987466228
1670,6.700033607096786
1671,3.4677900485904773
1672,4.13150716733388
1673,9.857910366599775
1674,6.464810802286783
1675,2.515941434018827
1676,7.8039736430495825
1677,6.089804980691552
1678,2.980009149759266
1679,6.021111934465852
1680,3.4414870291792905
1681,5.73539213013103
1682,1.739822307903836
1683,7.648777175761702
1684,7.422787160115068
1685,7.686339187201077
1686,4.40625048558651
1687,2.0896244989778903
1688,7.370070755943646
1689,6.966688304904469
1690,3.4087276256876033
1691,7.136149984675512
1692,9.34374537773783
1693,6.937611075962573
1694,3.186560876821243
1695,3.29172303650116
1696,6.08090239617349
1697,6.431177511458941
1698,6.673630766775864
1699,5.149441286530306
1700,5.236166091933088
1701,4.527888249566385
1702,4.096770678673468
1703,7.49028587138684
1704,6.581061611680926
1705,5.480407225189115
1706,5.636582220712086
1707,4.981769520665013
1708,7.489664985464952
1709,8.393701070476496
1710,6.346853957776143
1711,7.319568967469992
1712,5.687110339727088
1713,5.777488477931945
1714,7.766865170510554
1715,8.852112527814977
1716,6.1768285283205415
1717,3.5329569447733613
1718,4.771512167535054
1719,6.793380585926718
1720,8.54183733819394
1721,6.825918564895648
1722,2.268273681207297
1723,7.255242811941324
1724,3.218246366671737
1725,7.631544744428884
1726,5.960969541748677
1727,3.95203496782789
1728,6.430781328155678
1729,3.8115278070089635
1730,4.830768254886307
1731,7.226214095997152
1732,8.049319450049364
1733,6.132135329073903
1734,5.344704747971233
1735,2.458204675284404
1736,8.414794242612635
1737,7.5674886454930075
1738,8.68122443691895
1739,6.67813386795257
1740,7.479476445867482
1741,3.368218976141712
1742,6.84047544604279
1743,6.94530018225676
1744,6.436233754729177
1745,6.552242423726868
1746,7.2682505533459665
1747,5.59719976600225
1748,7.494076296642326
1749,2.3214899102911977
1750,6.3810753303011065
1751,7.073370150689289
1752,8.134688594392955
1753,7.145115355714545
1754,6.874081000984044
1755,5.453222912559729
1756,6.398464800720889
1757,9.379291032787023
1758,4.880366887008515
1759,5.491135854602788
1760,4.945033979297154
1761,3.2801891682523987
1762,5.048693256540496
1763,3.7624719275058514
1764,4.334768337500357
1765,5.585637168839041
1766,6.337233275238427
1767,3.9988334518690687
1768,8.29115866351781
1769,6.247023110378839
1770,5.849103312146609
1771,4.541813115949207
1772,5.305245577191858
1773,4.233165026822299
1774,6.902465349135128
1775,6.766051310780769
1776,5.039033417470391
1777,8.379780255095719
1778,6.143094139971249
1779,8.18258288867453
1780,8.288038070736004
1781,7.392141075610823
1782,6.898715971991973
1783,6.166631779029095
1784,6.957149270020455
1785,3.809251345459425
1786,4.645263076364329
1787,2.6685676171855235
1788,5.756496635327879
1789,8.459206591696393
1790,9.133485328255833
1791,8.019873100029944
1792,5.8691122967019425
1793,5.318461324612917
1794,6.529508629000139
1795,5.338165890797736
1796,6.912789790901417
1797,7.941686579984708
1798,5.218333884478394
1799,3.6706968645516564
1800,6.535661768037854
1801,3.4936095330387182
1802,5.477234437443123
1803,9.141741328071111
1804,7.190421425937668
1805,8.732542662652161
1806,4.7602433543421
1807,1.6542639219356605
1808,5.516207618274855
1809,6.222062732310861
1810,9.07295363103044
1811,5.185418042101784
1812,7.208103482178112
1813,5.970982718997834
1814,4.720410726104015
1815,6.9031707218322484
1816,6.346190864145141
1817,2.3235356616851135
1818,6.912436100147797
1819,7.3951733353223705
1820,6.996697193863018
1821,8.103371670485863
1822,7.25189562520231
1823,4.79499109958895
1824,8.282454294337224
1825,5.9561800464403465
1826,5.906163867673726
1827,9.295509938421297
1828,5.63000798463517
1829,3.736938284585838
1830,4.442649884185828
1831,5.990750748044373
1832,5.437168798903201
1833,5.664779816534628
1834,3.818993432934726
1835,6.4348786831185985
1836,6.932235526938781
1837,2.9365920807954233
1838,4.929744407486554
1839,7.551947834784608
1840,7.180516307874817
1841,4.4805050535647295
1842,6.2463545798936675
1843,7.3171485082420205
1844,3.4203732609386277
1845,7.599331008596553
1846,6.550132955099038
1847,8.055647843355624
1848,8.187397184732822
1849,5.36995727462021
1850,5.34920297791598
1851,5.645080538122793
1852,2.2617915724822826
1853,4.765025628597118
1854,5.368534009699918
1855,6.365734666630326
1856,3.1293403437945297
1857,3.8408185295605275
1858,3.4934981421493614
1859,4.557881467843735
1860,4.778984044245636
1861,4.162186662085877
1862,8.149918560117706
1863,5.2873048459430905
1864,5.852876617563541
1865,6.014658436032258
1866,8.902380973355315
1867,7.354662006783014
1868,7.439721540192192
1869,6.709035776878334
1870,5.131234372373373
1871,3.7243528894636273
1872,5.885243043941866
1873,7.124861594228183
1874,0.8406202690480173
1875,6.018912348471546
1876,5.803438582952262
1877,6.774374546032961
1878,5.487215709067831
1879,2.8638823344284523
1880,5.633697354058947
1881,3.8069588913949373
1882,7.53551610620495
1883,5.629823386480641
1884,9.445915866775408
1885,7.731454500605034
1886,3.964516318198151
1887,6.566865420892197
1888,4.087719220280437
1889,8.016407530216725
1890,5.548661008874733
1891,6.452102920306695
1892,8.293137839430605
1893,8.016688049658985
1894,6.983639580615198
1895,7.441922929306408
1896,6.620543917776692
1897,6.7127995248786885
1898,6.181495343083295
1899,8.86612049627643
1900,7.5734834252042695
1901,6.5442629718020875
1902,5.4250790072801225
1903,4.13795863262453
1904,5.79490811526777
1905,3.974763285529493
1906,5.2731236207873575
1907,4.789197843638217
1908,7.646077345806086
1909,6.317505389341339
1910,5.91382210732229
1911,6.36626891654203
1912,7.14388465656173
1913,6.969201042589484
1914,7.3788126183641545
1915,2.5436049058368573
1916,3.6121973038872737
1917,4.466220963500623
1918,6.848260146206082
1919,4.190073774731523
1920,7.347726252878244
1921,5.791464096308431
1922,6.04763678397919
1923,4.856742054493758
1924,8.067892912391255
1925,8.160947379444004
1926,6.676397840032509
1927,5.350064826895527
1928,6.763052803021132
1929,5.163116664621462
1930,7.758956949315965
1931,3.116483073293655
1932,7.769053315413641
1933,3.9231723075673983
1934,6.47636997798235
1935,6.078320244553467
1936,2.761375726035606
1937,7.594728840907225
1938,2.148114660662438
1939,5.130979987930338
1940,3.6450020181348197
1941,4.868565141480486
1942,4.088652908036569
1943,8.439571456441984
1944,2.3632457031771117
1945,4.423389379906796
1946,7.956974260595905
1947,8.463207721287613
1948,8.234646434013634
1949,6.7476924419098925
1950,1.6557320364757513
1951,6.687143300623701
1952,8.39581580297016
1953,4.546588479934064
1954,3.9771772218986916
1955,4.758664883290962
1956,6.492264740906985
1957,3.6030384744136232
1958,7.922700638521745
1959,2.5148481256643747
1960,8.794627654592789
1961,5.709769589293314
1962,4.2924120269887505
1963,8.047218811900528
1964,5.142886200204873
1965,5.1515511393638285
1966,7.8747463557870985
1967,4.032269777242519
1968,6.4374172652586825
1969,6.762253082959366
1970,5.529583688113518
1971,5.481620600926172
1972,8.40741960393257
1973,6.962894910409175
1974,4.690505386842235
1975,6.166630026926631
1976,5.5085598506241915
1977,5.7807551604914185
1978,7.783580897049074
1979,7.12533835002581
1980,5.656985902582992
1981,2.283760574856742
1982,5.951447147888828
1983,6.94029028006131
1984,8.897969941347416
1985,4.030289467728127
1986,3.2686833793030594
1987,3.924763834181298
1988,7.4750569389549675
1989,3.8859094148541713
1990,7.926955544940148
1991,5.804130868469825
1992,9.06274873380901
1993,4.172750573883029
1994,5.602517934044407
1995,6.296786769531069
1996,6.69448058766047
1997,8.913298519607967
1998,4.6768067963780116
1999,3.8088312317700677
2000,8.762112685140584
2001,3.9088857153750656
2002,8.49738083109507
2003,5.57062649463819
2004,6.242329840834902
2005,7.445695995184366
2006,7.0622710174074825
2007,5.385679190236731
2008,3.6936214264619274
2009,2.960278285913243
2010,6.554615775569531
2011,5.8836203702253105
2012,6.676020265302617
2013,8.640996666269295
2014,5.60421707615482
2015,3.9158845633698975
2016,4.291011035907653
2017,4.622932725772195
2018,6.664431179559999
2019,6.887491827771571
2020,6.887385710946295
2021,3.5179814816951755
2022,7.107990287210041
2023,5.419424225469823
2024,6.114501930409849
2025,7.522445645386526
2026,8.38775665338391
2027,7.4044471965481975
2028,2.9114297371610878
2029,2.107355182176839
2030,8.07990451054786
2031,3.8874337012269877
2032,8.638379807589184
2033,6.5009793033052174
2034,4.29623504799084
2035,4.868746632983678
2036,7.629605870784612
2037,5.8516151616366505
2038,3.9948166079636342
2039,6.941957594449743
2040,7.519639175375078
2041,4.469097901138075
2042,4.809690923678487
2043,5.618546893669803
2044,5.918088766642828
2045,5.631826935330224
2046,6.5750761938488225
2047,7.073467532779028
2048,2.8474825705649414
2049,5.420715338671181
2050,2.041614245811441
2051,4.799882004936006
2052,1.10863644485181
2053,5.113448619741809
2054,6.6208583336238584
2055,6.538960249829456
2056,3.6441548762863962
2057,6.8347490357072935
2058,5.381238500060285
2059,7.172900880561069
2060,4.634726942844876
2061,2.8759929059373865
2062,4.713927098847314
2063,6.467076633810568
2064,4.8152691742195906
2065,4.595487088021553
2066,9.017536183053966
2067,9.829220355811628
2068,8.461406489062377
2069,5.497720043199388
2070,6.227333388451658
2071,6.380571968955147
2072,4.437756854398636
2073,4.707577061296105
2074,4.224348225632316
2075,3.891275113224167
2076,3.5044737714960554
2077,5.6407540700958645
2078,4.8030935315839605
2079,7.050726898440744
2080,7.466505708724264
2081,8.854434301650713
2082,6.053887203971875
2083,6.264064493846771
2084,6.546574946073223
2085,8.06911695662242
2086,8.190471183744041
2087,4.441393229697399
2088,7.849499039059212
2089,8.888336911582783
2090,8.809848552132877
2091,5.5792235252769204
2092,2.7942947501943207
2093,6.704862352187529
2094,5.217906622114288
2095,3.6642270456042674
2096,4.291345691762434
2097,6.437693895072233
2098,6.981412071237394
2099,1.7403626300252784
2100,7.393597148624657
2101,3.3119419067248153
2102,7.18213401227686
2103,8.384269104980103
2104,5.868548070254876
2105,5.068311769425076
2106,7.8683179112085355
2107,3.0150704411406073
2108,2.685673457152752
2109,4.408340723026384
2110,6.70119495845934
2111,5.217600709583778
2112,3.9791510981588085
2113,6.597871121733899
2114,7.279724111983539
2115,3.5190347550362038
2116,5.103690462872663
2117,8.785495689824627
2118,5.80502781444639
2119,6.437108790899521
2120,7.640928507607326
2121,5.010210517307443
2122,3.1828454276958014
2123,3.197705403824087
2124,6.749527067909323
2125,6.690811956121578
2126,5.207428651150271
2127,6.3922705491072165
2128,7.730247518179532
2129,4.411701549228659
2130,5.803458457756236
2131,5.421985556199157
2132,6.379782483818605
2133,5.333235255044546
2134,5.843130338821374
2135,2.9788861958801043
2136,2.6389305457812418
2137,7.038686480765098
2138,3.003590789114275
2139,5.967237216927281
2140,3.2532859933362372
2141,7.162213006532961
2142,2.7222876659722175
2143,6.583827851526174
2144,6.4668330838908865
2145,10.0
2146,7.406920847995233
2147,7.387592260944983
2148,5.6816144365241525
2149,8.513916744312077
2150,6.507072246160515
2151,5.138160018436574
2152,5.365206362588522
2153,6.612812560717881
2154,6.635640113829819
2155,6.068032338389546
2156,7.129392326390462
2157,5.6124424648606634
2158,7.8500019925185285
2159,8.81837992904364
2160,5.448598397840508
2161,2.4318823967122882
2162,8.008675639595172
2163,5.990327481360183
2164,5.066077940719282
2165,5.808160547236287
2166,6.50785781847968
2167,7.529853592870955
2168,6.2601982525856
2169,7.368453341368492
2170,7.186315523703044
2171,6.1715060045018415
2172,8.372420060268894
2173,2.4274761816403188
2174,4.066699352905626
2175,5.143643729105003
2176,8.422704467832212
2177,6.487734334399498
2178,7.096629087883475
2179,4.674216642929978
2180,5.393929540187794
2181,2.5330372695536107
2182,5.229745303626865
2183,5.49884437778306
2184,9.048091898163767
2185,8.315835756664198
2186,7.767075123236621
2187,3.6282270278484834
2188,4.953472678039173
2189,6.2979930335875824
2190,3.729024728770928
2191,5.988173818188301
2192,8.734438734917934
2193,4.136685601917101
2194,6.236436450387552
2195,7.413155101110171
2196,9.080125094978783
2197,7.504756212908573
2198,4.052478037746183
2199,5.628309357090556
2200,7.547931143151456
2201,7.966784994890166
2202,7.775288185184242
2203,4.764483445229505
2204,8.49113803803888
2205,8.864231162585611
2206,5.215847498834044
2207,7.461123570083033
2208,7.185748450970937
2209,8.283908774634217
2210,0.928852021910513
2211,6.294214466513532
2212,9.136802283718279
2213,7.1166309829042245
2214,7.461964820813909
2215,8.094669528792194
2216,3.3140070953754996
2217,7.682218821821958
2218,4.153532498984129
2219,2.926559141868533
2220,8.19659816225747
2221,7.791978342817906
2222,6.976522588368141
2223,4.295901742944773
2224,5.678866170432499
2225,7.198634193190138
2226,6.718007402112664
2227,6.706831649443004
2228,5.178916655524118
2229,8.204709184121581
2230,7.284228947862028
2231,6.266135693909279
2232,6.540414694598597
2233,5.998334102663351
2234,7.683272168940932
2235,6.9148909785846255
2236,4.5559520838900305
2237,4.594650285725434
2238,4.7287946576368345
2239,7.238640912694946
2240,5.750036378117019
2241,4.783788044561997
2242,5.2625705534477
2243,9.069428571632423
2244,6.634198427105503
2245,6.911444557641039
2246,6.986734620085399
2247,9.40435551733274
2248,8.015994865938605
2249,4.857985101676784
2250,5.16476538723129
2251,7.052327798801484
2252,7.985856356544634
2253,5.486985520768264
2254,8.599427146262606
2255,3.299041963838416
2256,6.547094529162148
2257,5.120992281089386
2258,6.280406410875184
2259,4.146124135944335
2260,4.694967240067367
2261,8.068823336452054
2262,7.730202006380723
2263,3.6078383113038885
2264,8.645805170615901
2265,5.90188567360949
2266,6.725440489615815
2267,5.141302184279727
2268,1.5771904945649644
2269,8.147818183094328
2270,7.3098453365101435
2271,6.9148898495897715
2272,3.0613203226681844
2273,5.191559435734073
2274,5.109288777916481
2275,8.684846982686516
2276,9.74306737157227
2277,6.321331267913338
2278,5.0978700799777155
2279,9.408529838208835
2280,3.67827680832378
2281,5.544202473342494
2282,4.249530656027227
2283,5.804425919881085
2284,6.837591134302224
2285,4.2435707530984725
2286,5.5610620218666105
2287,3.8935091600566523
2288,3.8827530876481506
2289,5.81113123199672
2290,7.58573142554787
2291,8.51308266146924
2292,8.81729429183612
2293,8.089538626072448
2294,3.1676959971193064
2295,7.322602820045407
2296,7.929750456667303
2297,5.42412189452811
2298,8.117722445544542
2299,7.783092445626972
2300,4.736463249178415
2301,5.890899834955028
2302,8.042908271992975
2303,6.055547893484681
2304,5.349873074141082
2305,4.827774392278757
2306,6.418139720726343
2307,5.644153450457571
2308,7.731903526779419
2309,4.29156393849575
2310,3.7919032508635158
2311,6.66275067955996
2312,5.324435041728517
2313,8.707659466160104
2314,6.691882433460568
2315,3.1683523130054905
2316,9.071516813639406
2317,6.7636252354049216
2318,6.760880276742025
2319,7.305833790755235
2320,6.187649228911884
2321,6.3087077178159445
2322,3.12897419099885
2323,7.630062650366846
2324,7.053191507004253
2325,7.609451547095201
2326,4.7505854258617966
2327,6.0984615526463575
2328,4.741469368717212
2329,4.931110054295194
2330,5.006374508936833
2331,3.4902765534987736
2332,5.489029695535511
2333,6.71630845188664
2334,6.060263223323336
2335,6.919561541509789
2336,5.111301513195256
2337,4.019989007915429
2338,9.030385943891652
2339,4.568087628772783
2340,3.1254771290042056
2341,1.9741419049851063
2342,3.903010732861853
2343,4.716660137135271
2344,6.770398976276201
2345,5.764348660526845
2346,2.8528468386791284
2347,9.431947113181721
2348,7.488476451135402
2349,4.004357559984941
2350,4.220656992370195
2351,5.592354309829984
2352,3.756185094896211
2353,6.224630658552039
2354,6.085194878503715
2355,8.407864235002718
2356,7.001607734130265
2357,5.453875576500675
2358,5.460870160953176
2359,7.54262072276572
2360,6.463796751034474
2361,4.963243842171735
2362,3.6753318844304412
2363,8.814326283526107
2364,7.361087937301612
2365,4.809715967378011
2366,8.047307624839146
2367,6.7536315674886005
2368,6.133920376034105
2369,1.8039423318280217
2370,3.103816746261799
2371,6.198663047206704
2372,6.1898863972617075
2373,6.901397006307363
2374,3.177231980515451
2375,3.412846073789833
2376,7.270723267241583
2377,6.39973676727476
2378,8.455985428329468
2379,4.698801941639923
2380,5.403322614001234
2381,9.176863592117837
2382,8.052606868789507
2383,3.4285854021702304
2384,7.748484590448388
2385,6.07268123085583
2386,5.455562097858115
2387,5.944971749561173
2388,4.544417975911128
2389,5.773542518372275
2390,7.591202546281712
2391,8.799515800846505
2392,6.224034198642197
2393,7.730299413755652
2394,5.434988027551067
2395,3.055618069238111
2396,8.384314942962565
2397,7.1976901046507
2398,4.123742659845762
2399,8.636262068272238
2400,9.46033370854709
2401,4.694472811912668
2402,8.966114066596687
2403,2.463862283312707
2404,6.8651740272943425
2405,8.11521410680271
2406,7.51269006067813
2407,2.2035930128674464
2408,8.362653020263265
2409,5.472594167962059
2410,5.501702856235818
2411,8.255181371165664
2412,5.085418693564056
2413,6.446057100979363
2414,4.167892047477759
2415,5.9017386421328455
2416,6.677016445976263
2417,8.115835339269733
2418,6.334704775269017
2419,4.776945796334138
2420,6.074301213765114
2421,5.163424558916185
2422,8.045833944646523
2423,2.374531601422788
2424,5.166961763602747
2425,0.2502544517100571
2426,8.425554966345151
2427,4.949101448020988
2428,1.3269037289952577
2429,7.16796258304222
2430,4.608996616800325
2431,4.360357166385302
2432,7.99843216673247
2433,4.8040590169145965
2434,6.738894760065445
2435,6.261865435896569
2436,5.743901305790526
2437,6.95821060501561
2438,6.913857474898627
2439,6.061189864172938
2440,8.152941749441649
2441,4.356232946873791
2442,4.94637649594792
2443,6.199135251423311
2444,8.653707592734833
2445,8.28897932596333
2446,6.501512536703569
2447,7.098165422178731
2448,9.464601321098021
2449,4.439852253414695
2450,4.947181027682252
2451,6.422081600557041
2452,7.514559608960746
2453,4.939460456024705
2454,6.0283026222773985
2455,6.684708999897344
2456,3.5232972221861933
2457,8.666892875737082
2458,8.1483237013781
2459,6.797683643801039
2460,4.505990329019449
2461,6.211458826309842
2462,3.365009501669829
2463,5.422048502982553
2464,7.443026783135583
2465,8.72649402356565
2466,5.318414556739431
2467,7.466687659486944
2468,7.553856089934364
2469,8.296048442987399
2470,5.2386770506464915
2471,4.268848957838284
2472,5.091174059078924
2473,4.722696430574539
2474,5.791156763353842
2475,4.922538537867156
2476,5.587813756554363
2477,6.206207601015661
2478,8.116219899979836
2479,6.155460352535471
2480,8.463676461911797
2481,4.8645123182676375
2482,7.603580029919458
2483,3.376022174359395
2484,7.703276074608906
2485,3.2861845318101106
2486,6.580859429248684
2487,5.144824517404485
2488,4.252944445154938
2489,3.7173380987955644
2490,4.326397139109018
2491,3.9645799463823366
2492,4.118315125398032
2493,6.950373745245927
2494,8.575716069061329
2495,6.056232654745672
2496,5.75251786466106
2497,7.301118284726779
2498,5.228591896906809
2499,4.687229440232432
2500,4.550866943560477
2501,6.8425411861735785
2502,6.708615113272961
2503,6.5448263670324405
2504,3.865663815783926
2505,7.140147685627214
2506,7.450098480357872
2507,3.8549252532156366
2508,4.781358434096895
2509,3.8982560129205677
2510,7.164996462817334
2511,9.526916773168413
2512,4.696422401480794
2513,4.648519577257309
2514,6.809278710849808
2515,5.872525946371968
2516,2.2252848494594293
2517,7.314100245115652
2518,5.25900277955342
2519,5.273226660664724
2520,3.0747042337504547
2521,5.759459495828886
2522,9.414393906854574
2523,6.268835469706188
2524,3.983425735963804
2525,9.57498088077243
2526,7.158459829001284
2527,7.994265943430841
2528,5.439445222663085
2529,2.302139878253931
2530,8.965132130785705
2531,8.652757782282457
2532,8.651267434164438
2533,4.676419102884273
2534,6.954064922504788
2535,5.8963349800625044
2536,6.560548445066565
2537,7.042079520570581
2538,6.969772293887868
2539,7.947162207212321
2540,9.409426464711267
2541,5.504780427340427
2542,8.076736820999216
2543,9.301811562338951
2544,3.5062356769424294
2545,5.826494109166054
2546,5.148657290098118
2547,5.221797663925411
2548,5.182858646669844
2549,7.1587005683798335
2550,8.028373275250066
2551,3.5364674068603907
2552,5.3866730179421065
2553,7.661626392874771
2554,4.974758419914361
2555,5.363859421429119
2556,3.0971751770127747
2557,7.207964204055165
2558,8.028919756111168
2559,7.991833391190064
2560,6.623996047504958
2561,6.019969178393578
2562,4.021205282611769
2563,5.764375943860429
2564,5.631750046696067
2565,4.656580539178146
2566,6.630055999928972
2567,8.511171404863717
2568,4.384067500072377
2569,3.365209366619509
2570,5.384572421362414
2571,8.825180042713606
2572,5.447701031912484
2573,4.143396626419151
2574,8.844145843883084
2575,9.153984964779387
2576,6.690653797350047
2577,5.123190490420902
2578,5.388717300753216
2579,3.5873901188681785
2580,5.280900702597631
2581,10.0
2582,6.414338867010574
2583,7.397897654746684
2584,4.601501168214419
2585,6.275677515702737
2586,4.0290153888144875
2587,2.956611372911164
2588,7.276499510199158
2589,6.079495231766829
2590,8.006009730383148
2591,8.567998827445084
2592,7.967008340807685
2593,3.427536550235045
2594,7.497310017150689
2595,3.7686487186587896
2596,3.4492245656073592
2597,7.931663307819305
2598,8.636673360061653
2599,3.286236594492728
2600,4.284675898117496
2601,4.110515016869094
2602,7.596193258621207
2603,5.7396640403022845
2604,4.7538592276354805
2605,3.923913378173326
2606,4.702537444247206
2607,7.093312560626877
2608,7.882248493282908
2609,7.257050254921651
2610,5.494899314358932
2611,6.640252965283078
2612,5.045615851036497
2613,9.0660142800017
2614,1.6356519513036656
2615,2.967523594506769
2616,7.2722986409373265
2617,5.290376696454421
2618,7.471515339510722
2619,8.938610930957033
2620,1.0058246671714623
2621,3.878274152756865
2622,8.345101680574453
2623,7.019447106884737
2624,8.220192829736847
2625,7.0506377808777545
2626,8.541693260936544
2627,5.744101176770972
2628,1.7716996712391924
2629,8.460238022445875
2630,5.870950856530142
2631,3.5430947182188186
2632,8.583464056243985
2633,7.528453396653723
2634,7.232898367128245
2635,2.8168888479969025
2636,5.005313727426669
2637,7.0625424843080555
2638,6.037164727892778
2639,6.159226218494241
2640,6.571531326396116
2641,6.0000346965302676
2642,5.503552576083736
2643,8.184654243844607
2644,6.888356362186209
2645,8.19207974389249
2646,5.183552013299529
2647,5.871285498567007
2648,8.95508888985438
2649,7.794562302097116
2650,4.635497675089102
2651,7.436385489991491
2652,6.618108891557121
2653,5.355711316749671
2654,5.820971058577131
2655,7.032594048751145
2656,9.392830036113722
2657,6.1441013206706785
2658,5.772775143118014
2659,4.093624446181208
2660,5.901572988096033
2661,6.681355931039622
2662,5.17592876384121
2663,6.656586415888641
2664,8.032955477927155
2665,5.8580305924514064
2666,2.9083407949888196
2667,8.122190129049294
2668,6.149725925926116
2669,4.666756689822641
2670,5.618870804684198
2671,6.530745790443322
2672,2.2823136000448696
2673,6.677924623619666
2674,5.800280875394272
2675,7.6953863102563
2676,8.105268067443081
2677,5.004640391421782
2678,7.432104101927587
2679,7.01397918717827
2680,3.781843502746387
2681,3.316601532107917
2682,7.921802539360012
2683,5.71978609512371
2684,5.408456804886063
2685,4.517615971315026
2686,4.067686580738406
2687,7.296823097939454
2688,2.786501786213817
2689,7.188621914662291
2690,2.716478043514443
2691,6.051102897024549
2692,9.78211669205546
2693,3.5581866256483416
2694,4.748866008013943
2695,5.747305652875053
2696,2.147315016705537
2697,4.0296846896724485
2698,4.687088029247242
2699,8.722961124177125
2700,1.6220146353073335
2701,4.8637080735617175
2702,5.3798440863915475
2703,7.49301477728411
2704,8.30849353814559
2705,5.882640390181254
2706,6.666559139113803
2707,5.6755181909138495
2708,4.484042110102521
2709,1.1718823397419158
2710,6.6856620533605176
2711,6.739664994710193
2712,4.610196747598672
2713,9.481879637977167
2714,3.4518555040298673
2715,3.672985726325219
2716,3.5393468349328856
2717,2.3325883529146045
2718,4.567798662839495
2719,4.887994701149653
2720,5.278453000979853
2721,6.008443484387568
2722,7.331968344177812
2723,6.570937620344728
2724,3.5839224764355504
2725,7.341844644309047
2726,8.261291544520564
2727,7.751447740413486
2728,7.662415263479872
2729,2.601620857898369
2730,7.250139688120788
2731,6.932415831360158
2732,6.065848891190572
2733,5.933180028757115
2734,8.217899367724579
2735,8.65110330409289
2736,4.844436767266142
2737,5.2112757891393455
2738,5.013667258728919
2739,7.274463064670714
2740,5.33796293412979
2741,5.564534877191271
2742,5.709264097859533
2743,3.206946269976698
2744,2.368911563555673
2745,9.022089360583674
2746,6.736642827044074
2747,1.960163551243299
2748,6.397810629248667
2749,6.467188194932352
2750,6.519209794215467
2751,6.430083549487092
2752,7.436648585731047
2753,6.963787700183512
2754,6.341620423333513
2755,7.097491977096906
2756,4.272156169066732
2757,5.726780287024089
2758,6.34281401137255
2759,3.9768343657781235
2760,7.1311323017111
2761,6.764751379634897
2762,3.287661074943082
2763,5.898773566936718
2764,5.8001803607633935
2765,6.822917762825393
2766,5.723023005672998
2767,8.539901697294917
2768,3.720849800724617
2769,4.66970655378579
2770,2.491746395122998
2771,4.760395595972206
2772,4.701942492464587
2773,7.667731290206701
2774,7.964629836160369
2775,9.061767528495343
2776,8.628472707774387
2777,6.946017264419589
2778,6.582778849552408
2779,7.482685144758522
2780,6.130287786150099
2781,4.067741939076783
2782,9.122143093600076
2783,6.96837505145077
2784,7.72510997770285
2785,4.853932836686022
2786,5.278485613931393
2787,7.049102456064562
2788,6.318912360797288
2789,6.05548575510103
2790,2.912228674353914
2791,8.58864054409062
2792,2.558563261180499
2793,2.880166806641196
2794,2.581128354657815
2795,2.696973084289092
2796,8.129444302835855
2797,7.011719494643298
2798,6.7734758506166415
2799,3.7298700359126356
2800,3.6294964874947313
2801,3.5707324505920743
2802,8.531706392570873
2803,5.512559601653747
2804,4.09744027481713
2805,6.780857937848914
2806,4.925514366829675
2807,7.947075549682399
2808,7.998225436493431
2809,6.658838675445516
2810,7.518358074504981
2811,2.7257751123777547
2812,7.1388874785113305
2813,2.9178761582660444
2814,5.307723832372824
2815,9.034897893012877
2816,6.312393469453507
2817,6.02672610333088
2818,2.5343156704110923
2819,6.981083269672338
2820,7.933953578847126
2821,6.908720864536928
2822,3.3075001475368153
2823,4.495468124538152
2824,6.0194276645079
2825,4.287038147930415
2826,9.082906998501402
2827,7.312749610406742
2828,6.578764645330405
2829,7.2483619050970285
2830,5.211699184819789
2831,6.266507154590853
2832,7.814023454211313
2833,2.040300156989882
2834,5.644263004043701
2835,6.540739902588776
2836,4.236226816436106
2837,5.874637893718534
2838,8.531058696703232
2839,5.599907164047151
2840,6.091637132929089
2841,2.489579666965567
2842,8.092744888992836
2843,6.431389259584554
2844,6.882092106220712
2845,4.485915527379353
2846,7.793042833044109
2847,6.601790941542966
2848,5.96305604961935
2849,5.529711600123235
2850,3.516808135558873
2851,1.9028134540176707
2852,7.3899025687118085
2853,5.11990258521481
2854,5.342700840713961
2855,8.794378609647872
2856,3.4336879421000455
2857,9.269045624030378
2858,7.383902281966694
2859,6.2719464546874
2860,6.845817765663182
2861,7.350221605760174
2862,8.33021828739504
2863,7.280602362154861
2864,7.397465931347217
2865,4.865422051956869
2866,8.043406097140995
2867,6.585410423228888
2868,8.634436890111918
2869,9.716700875278427
2870,6.178802724440776
2871,6.787038904207634
2872,6.235641497415429
2873,7.598082153342448
2874,5.20644293417117
2875,7.159750111144591
2876,4.339173014940977
2877,3.8485579390578284
2878,5.857203576188642
2879,5.551951359785258
2880,4.019595149130375
2881,9.73989921754775
2882,5.438345504858596
2883,5.876342479911047
2884,6.525520959341827
2885,6.469846131546999
2886,0.918357706162607
2887,7.015509493872382
2888,8.439168343885001
2889,7.00241993570365
2890,7.650928371878505
2891,7.830167433945708
2892,8.323887442181096
2893,5.162109296767639
2894,9.370834436024412
2895,2.9321717162758683
2896,8.174374525632086
2897,5.081438490059252
2898,3.5930877914763175
2899,3.1165124284352546
2900,5.3310620209249215
2901,3.465755231734476
2902,9.068809387350063
2903,8.111767642354877
2904,4.4174652195603965
2905,7.852021857284409
2906,7.9236001623903105
2907,6.886664814174893
2908,5.933030650501307
2909,1.3871729643586117
2910,6.025847602118366
2911,8.86304308584247
2912,4.011336106258113
2913,6.855733739591857
2914,3.7035231290968627
2915,5.181072851576992
2916,8.664911507285783
2917,3.474513135512539
2918,8.033249624494744
2919,4.116892826027359
2920,6.7537102040151495
2921,7.791043170159433
2922,3.5568198349784286
2923,7.6676427600925265
2924,7.3906021528996835
2925,6.496087973719665
2926,7.370919969398148
2927,1.822205114077729
2928,3.9699474043957608
2929,7.775793604405434
2930,5.088282373229536
2931,4.370201363962721
2932,6.235887493116172
2933,3.3638205525999556
2934,2.658107689581694
2935,6.510384916284387
2936,9.537003617459922
2937,4.705259801481969
2938,4.569258842487914
2939,5.979525685325402
2940,5.726388141318003
2941,9.174848440466064
2942,5.3766793754443185
2943,6.056083695417898
2944,4.712894529304084
2945,7.3433565072369165
2946,8.038867709887368
2947,7.023771477647919
2948,1.5876044188134302
2949,5.915842416080144
2950,7.055653960788474
2951,5.176995651355412
2952,5.449900438607487
2953,5.523439504658034
2954,6.243895351625548
2955,3.6477601520260707
2956,4.848711338645584
2957,6.551419904188593
2958,7.519497679072916
2959,5.769447496078721
2960,6.3152620602540015
2961,3.889569500025513
2962,8.457188464597795
2963,7.658932332489691
2964,2.5799490275849113
2965,3.2176214144953015
2966,4.733314513032601
2967,6.261202272912328
2968,6.604763264295958
2969,5.365635000295137
2970,3.4004518251191813
2971,8.677339475674192
2972,10.0
2973,6.260629465750533
2974,4.910881929855989
2975,5.482078692585773
2976,6.636292202950284
2977,4.903811737144947
2978,7.83800901257511
2979,6.802687393676328
2980,3.7816938783768292
2981,9.872159920233138
2982,4.622766996552686
2983,4.580420332805598
2984,8.51561030887484
2985,6.901853140723521
2986,6.5576708882342505
2987,8.911886856356796
2988,6.524885801310665
2989,9.266596001306716
2990,6.4792165218223445
2991,4.882756766926213
2992,6.545060810028697
2993,6.319849995492193
2994,6.0671743881011615
2995,6.453429400163659
2996,7.156929511286455
2997,9.870789645338668
2998,6.165257834665235
2999,4.836509357102493
3000,8.88884802297449
3001,8.120375536187447
3002,6.776629909470399
3003,5.3026795237310544
3004,7.511414520147328
3005,6.337927440011197
3006,6.2317830439980355
3007,6.6758716042476305
3008,9.297453764075824
3009,7.434704343971257
3010,4.880694701903952
3011,4.105787063157149
3012,8.1855799274358
3013,7.172538247919857
3014,4.955829555315185
3015,1.6586084186098389
3016,8.377838223272926
3017,5.5140184342060445
3018,8.496679323731328
3019,4.083367533173746
3020,3.931229192272758
3021,6.292612510274652
3022,4.390988497328566
3023,6.031255798810699
3024,7.826899741037824
3025,2.899423885335202
3026,3.9234321843192994
3027,6.101073303963049
3028,7.697384401765366
3029,4.266404565489662
3030,6.953492384407738
3031,4.373184052584383
3032,7.0424132466869445
3033,5.137691685865831
3034,7.285003437002018
3035,7.8440261848842106
3036,7.130806332583545
3037,6.429277965460825
3038,5.9486517700559975
3039,8.537529299797871
3040,6.606816480502099
3041,6.641210477806217
3042,2.4692822108013797
3043,4.7062968970070855
3044,5.717155170348773
3045,7.702249484561463
3046,9.47497531272043
3047,6.50218430111814
3048,4.9162593616659755
3049,7.839672163874058
3050,5.950003168518931
3051,8.257824995444466
3052,3.1447344030619604
3053,6.359774467024182
3054,7.424682115123252
3055,6.603701349618845
3056,7.007633083769574
3057,7.5442378049415035
3058,8.936404740307232
3059,8.10734512661769
3060,4.127474602239961
3061,5.570152755717261
3062,4.101189557197327
3063,4.502864106531882
3064,4.378028331696896
3065,4.399326815437393
3066,7.453528416308411
3067,7.301845047634875
3068,3.1183017974640177
3069,3.345819004428739
3070,5.7425993234944315
3071,7.356324190970167
3072,4.69598539283338
3073,6.965862119679466
3074,4.423518865719768
3075,7.1549646173884245
3076,3.384230015367188
3077,6.871411975736151
3078,8.46665778749189
3079,8.198127867488187
3080,8.718720545114689
3081,6.028672375162275
3082,7.777529900440392
3083,7.248945525295277
3084,6.3098387933949045
3085,8.593965472477468
3086,6.02127984262016
3087,6.174648132239628
3088,3.679352183351053
3089,5.41784324172578
3090,9.294605653836143
3091,4.688228406857354
3092,2.849685591068319
3093,4.161225176694697
3094,3.835069017486818
3095,3.4944042000536895
3096,3.9673389870009528
3097,5.729070871486023
3098,8.080091949563883
3099,3.822229012631161
3100,2.9928260965331903
3101,4.006601914967842
3102,8.045088100932295
3103,8.12195938806021
3104,5.008542635470151
3105,5.554575659337905
3106,7.198070348154353
3107,6.73615959462594
3108,6.948261138586883
3109,8.51760188258816
3110,6.683569214093238
3111,4.6478537210424555
3112,7.053724382218169
3113,5.439835759523675
3114,5.406471173922853
3115,6.126599983442976
3116,6.1057893202533275
3117,6.891794631756085
3118,4.1113617236228315
3119,8.483149060317892
3120,6.065299270021466
3121,6.019265341129846
3122,6.648182845684438
3123,5.961945911302051
3124,4.301673268436255
3125,6.191480166025229
3126,6.922497945763231
3127,4.601742360488469
3128,2.8762116987210042
3129,5.224265766833688
3130,5.320398419745671
3131,4.876100952528322
3132,4.858563783623035
3133,6.864155341099622
3134,7.267627356656762
3135,5.06891308509851
3136,3.701992248523068
3137,2.4857825400591453
3138,3.7490931464014796
3139,6.7015961491324285
3140,9.926884417955062
3141,6.866245528001957
3142,5.267866789170101
3143,6.254433653374462
3144,5.990772475633279
3145,2.996387344572465
3146,5.443212612214231
3147,5.912985726137656
3148,3.2043439418251136
3149,8.044290387822295
3150,6.860626169528391
3151,4.532200314881447
3152,5.539609614107239
3153,3.843854611755043
3154,4.241549005829781
3155,3.125308040351803
3156,7.0136528527630535
3157,7.745374411448033
3158,6.505124528124512
3159,6.137946512342148
3160,3.3039311524341386
3161,8.142159167159512
3162,6.445300982452989
3163,7.524608704528566
3164,8.356397433601717
3165,6.764664523163081
3166,4.808533311271569
3167,3.635563807151085
3168,8.885306140689993
3169,4.208215102715743
3170,6.586633891846359
3171,5.49781760369167
3172,6.351007045455701
3173,3.7454130652661672
3174,6.902365242000926
3175,2.0218522850139617
3176,5.445343561723671
3177,6.9843858431737695
3178,5.093947999517109
3179,3.272009874234195
3180,6.836534254403563
3181,5.076395153213475
3182,5.705384973701868
3183,6.9460562273310416
3184,8.21691548915052
3185,4.901623025828027
3186,4.760643673827177
3187,5.469691080816153
3188,5.530412624727764
3189,3.7145090942925467
3190,2.0650896990162755
3191,8.001582386778804
3192,5.245036433090038
3193,5.711315123206164
3194,7.507892595987741
3195,2.7736298067852454
3196,8.05334106075485
3197,6.435333830990389
3198,7.342574114816846
3199,3.7104555565200004
3200,5.644153980693862
3201,8.532306401379552
3202,7.126153280893304
3203,6.131786879121957
3204,7.776303753662205
3205,6.713524040512921
3206,5.430878706659401
3207,7.2937941813340466
3208,5.464882637848327
3209,3.2087031941280024
3210,5.885626355268652
3211,3.5544679274426887
3212,1.6153197257846807
3213,8.617061691322842
3214,5.14596173995427
3215,5.192575313976326
3216,5.533728357575052
3217,4.909863263581842
3218,2.5662905503133024
3219,6.154446343307132
3220,7.35460585515732
3221,7.453798702126653
3222,6.928049773818591
3223,7.399606766312764
3224,3.946485514396876
3225,4.15783598103922
3226,5.0031013124107275
3227,8.90573613682349
3228,4.3627854970173034
3229,8.280158223204175
3230,8.737690047302035
3231,7.4866188044171995
3232,5.967402472744343
3233,4.8337974035132065
3234,4.553908748244778
3235,8.028288494494255
3236,5.67063372921233
3237,7.258521863179146
3238,3.7159388821759567
3239,6.6467559243278735
3240,5.1168045681425625
3241,8.105108720483486
3242,5.240436842484693
3243,4.029483627875141
3244,7.332652928320657
3245,6.31102179670129
3246,2.1547263980466935
3247,6.538735697012857
3248,8.9900408980867
3249,2.3952709388908993
3250,5.348787837029544
3251,5.709491976081172
3252,6.102874255596001
3253,5.698768964933983
3254,4.565632003393997
3255,4.877206497845361
3256,7.662331751052017
3257,6.3643542070579695
3258,8.537105162182492
3259,6.808586506515692
3260,6.986454747137875
3261,8.149222782231574
3262,8.317075422647548
3263,9.128185843912643
3264,5.457370520898072
3265,8.323219381367265
3266,7.2227606138323175
3267,8.310105855981712
3268,7.214159068831361
3269,5.683412747078711
3270,6.19163042990333
3271,5.275214331742343
3272,6.646678444976969
3273,7.658571638657084
3274,1.8249594729776062
3275,7.031128348149401
3276,6.522119355425769
3277,1.8903357270944632
3278,4.344580052911873
3279,9.471170857173306
3280,6.687511718009786
3281,5.1973790174470675
3282,6.796611766770782
3283,7.6035072571689915
3284,6.916834025252901
3285,7.233476519752528
3286,4.032436930010261
3287,9.257994854785249
3288,6.093272633594193
3289,6.471691945186588
3290,5.099825995269818
3291,4.962723282938692
3292,3.85272065580405
3293,5.922727826861994
3294,6.610009495662617
3295,4.962466119766656
3296,7.251330701188877
3297,7.207080260315335
3298,6.614452970966177
3299,5.2092049836872345
3300,5.699780862910751
3301,5.6872798230556665
3302,5.696887730787958
3303,5.139947941649224
3304,5.501425332727743
3305,6.100014656788196
3306,5.84745623010302
3307,6.496398544260914
3308,2.5353761802133254
3309,7.4921172673842324
3310,6.7786771532127315
3311,8.136626620513521
3312,4.977832192807853
3313,6.119932040601533
3314,5.983958787611789
3315,4.4827431013395325
3316,6.994860531017593
3317,7.753732680269383
3318,1.5378758285140117
3319,8.58601968747929
3320,7.212314267436787
3321,4.465348917378561
3322,1.857226407429566
3323,8.107418138053143
3324,6.485214697829525
3325,6.273620382606582
3326,10.0
3327,7.2793936056700455
3328,6.289340085607559
3329,4.789080906822056
3330,7.06806243088695
3331,6.984211033911091
3332,5.581618801215942
3333,5.564536879479002
3334,5.153623757137673
3335,6.115740563648194
3336,4.165341371573948
3337,2.8823300020159834
3338,6.677867243201741
3339,4.721923743339612
3340,7.91017507418785
3341,8.158118897105146
3342,6.992066607464295
3343,5.784023660737384
3344,4.8553567728455125
3345,6.717327913605114
3346,6.830876711470357
3347,9.0147182203794
3348,8.46750847797701
3349,7.6112648996633805
3350,8.247748928379346
3351,5.262625463905076
3352,5.191733589911446
3353,6.765463399166606
3354,7.015997007300053
3355,6.386430283981362
3356,6.959738514572929
3357,7.91646047227019
3358,8.857699607448897
3359,5.961074123132478
3360,6.52788409691864
3361,8.010109671233502
3362,7.620775059294999
3363,6.207819134549188
3364,7.191898418300795
3365,2.554841969725249
3366,4.998615986779192
3367,5.509239769462509
3368,7.433415083799954
3369,5.93606603589379
3370,4.548808454028674
3371,6.813406300041736
3372,6.9632091591334015
3373,7.4756932791327575
3374,6.127102554878272
3375,5.55577193663899
3376,8.686737294752826
3377,4.61749873486205
3378,6.983170684357491
3379,5.672210240529022
3380,6.46220574935247
3381,8.011944942832137
3382,3.341607588772395
3383,6.2701866783077485
3384,6.75113510812121
3385,7.974339732922745
3386,4.278573990189001
3387,7.699875513137512
3388,8.672224692155158
3389,7.488198493377924
3390,7.811743540708944
3391,7.982564822664898
3392,3.5555250952536803
3393,6.996396727307303
3394,6.377084221435984
3395,5.431542198132622
3396,4.365929307325562
3397,9.347753300711144
3398,9.900668787666003
3399,2.4607459938159284
3400,9.534549045310227
3401,6.152282438256739
3402,6.904802262282506
3403,5.558722809204631
3404,5.787140730341797
3405,6.080178722626588
3406,7.572878382637832
3407,7.547976625990433
3408,6.300868432032317
3409,4.828636992205494
3410,5.0152226011613985
3411,5.08554365697432
3412,4.157818717312846
3413,6.603783646730053
3414,5.656186978894038
3415,6.765914694169867
3416,5.533281500500802
3417,5.909628471060917
3418,4.896485511428748
3419,6.462490141390663
3420,4.845977433374912
3421,5.638741327364166
3422,7.035835469067553
3423,4.502885811292073
3424,7.266601372493469
3425,5.043351684604657
3426,9.295477196630898
3427,4.466926117057225
3428,5.591119598922238
3429,7.133026783504966
3430,6.447221355593397
3431,5.914775126474797
3432,2.0794255989117687
3433,7.103267137072432
3434,6.397724853808761
3435,6.369305909083914
3436,5.0969766476720615
3437,4.5990985789952035
3438,8.666130115309002
3439,5.27142472881102
3440,5.804449143345324
3441,2.897021244919072
3442,7.432642787339635
3443,2.7379032665345266
3444,5.795887834423077
3445,6.738078666451043
3446,8.956491414018652
3447,8.013388560022532
3448,5.30974650256555
3449,4.899124742432783
3450,5.095857583925798
3451,9.086526870394906
3452,9.311940399708341
3453,8.791257166304264
3454,2.1991853712652842
3455,3.616902848351198
3456,4.75608465080817
3457,6.2709071312731215
3458,4.406817917889885
3459,8.505568320055032
3460,1.7388794063201845
3461,5.92962887214144
3462,6.101309168532764
3463,4.4082374216249764
3464,7.251530671609791
3465,5.521811736293822
3466,7.306492925635851
3467,4.739722624320319
3468,4.73406360956343
3469,4.286131173241321
3470,5.831264110953407
3471,4.731348639101952
3472,4.039385351830548
3473,5.247614485870963
3474,9.05869520564369
3475,4.779395070685808
3476,2.4408777892829256
3477,3.9872018891230425
3478,5.250491916085389
3479,7.097385230245951
3480,6.763061922012916
3481,3.5257214272114616
3482,6.381275564751149
3483,9.142536103164668
3484,5.406401983632909
3485,5.6206981700685485
3486,5.992881829377383
3487,4.936347686150434
3488,5.855952280921046
3489,4.126890697970199
3490,3.9181181076435347
3491,7.898028798563734
3492,8.700410639787739
3493,7.319832012131162
3494,8.837097082384968
3495,6.251864839606599
3496,7.989882238274858
3497,1.957900336090983
3498,6.203270211332244
3499,6.34244862848788
3500,8.474169823911556
3501,4.081747637268054
3502,2.5688682222383212
3503,4.224989522099642
3504,3.7190955908602517
3505,1.218453021613832
3506,5.992003396120612
3507,7.685535630154126
3508,6.8639275728796
3509,6.938001105342691
3510,4.433613101523465
3511,6.498811335734024
3512,5.977853200473019
3513,6.384403852593976
3514,6.851373185490623
3515,5.228921130634289
3516,4.990371580402634
3517,9.002386727353937
3518,1.0715459892088373
3519,6.619520169306009
3520,5.65853751486916
3521,6.3656845755658304
3522,8.910883894731741
3523,5.334664231103382
3524,7.3957517292840205
3525,9.001142628733383
3526,2.9866781864054497
3527,5.424468460932623
3528,7.687842690792186
3529,9.522618328348418
3530,8.24542220410027
3531,4.355988252347528
3532,6.261767480924339
3533,7.71462394294783
3534,6.712009287784642
3535,9.373477182036353
3536,6.634701626358618
3537,4.01873042225028
3538,7.207683479459128
3539,7.6210172688072575
3540,5.701314170113062
3541,6.707790313036219
3542,7.270663479217724
3543,6.243649424455237
3544,8.168595363377383
3545,7.619769543979546
3546,7.920208803722603
3547,6.596435862826007
3548,6.042067794257585
3549,5.235365162818252
3550,6.2168141117451885
3551,8.625229695137895
3552,8.198403526390436
3553,8.089362753487027
3554,5.411134703871261
3555,7.71830676794605
3556,5.8587054058686405
3557,2.9448350343698877
3558,3.3012294444954344
3559,5.350815274626045
3560,4.213292711892855
3561,6.218774521923692
3562,5.171557029278707
3563,7.684799893260785
3564,8.282523858471558
3565,5.906601393058939
3566,5.53610597987022
3567,4.770560553718805
3568,6.574757730278654
3569,7.240061810663223
3570,5.996051987409991
3571,6.082203183712693
3572,2.3367373187308362
3573,8.473828531731852
3574,5.3154658041607075
3575,4.876367926211271
3576,7.914165869526592
3577,4.313100834392395
3578,8.616097254739332
3579,5.388037245032426
3580,4.877205639072402
3581,1.8972721445017084
3582,6.15374253099367
3583,5.552251238963472
3584,3.0123490740775134
3585,8.197809486465111
3586,6.301304327989223
3587,5.336689738796693
3588,4.818839071522953
3589,4.910733235275767
3590,2.8165832674937255
3591,7.3067549364713855
3592,5.741637974995084
3593,8.091667754397033
3594,6.4972149528953
3595,4.690216895562702
3596,7.818851753485271
3597,5.99652654539223
3598,5.37648171408895
3599,6.764742817713222
3600,4.9282545721696716
3601,6.748757946452091
3602,3.2961516319925694
3603,8.890887561380435
3604,5.341420160644637
3605,5.528348658858091
3606,0.8384109623747872
3607,4.683743089899039
3608,6.4470767940303855
3609,5.318260512582369
3610,5.454136204213347
3611,8.907156817865362
3612,6.198174759549653
3613,4.975591743353702
3614,3.5640312732565747
3615,1.7150936334238385
3616,7.777545265992069
3617,6.139848934557201
3618,7.325743358873334
3619,6.428776775900557
3620,5.412932378142889
3621,4.0481182878164566
3622,6.331985327901066
3623,4.6295115664943935
3624,8.761215669850287
3625,6.332586649010139
3626,8.861827035953702
3627,6.768966822056086
3628,6.5437213811225
3629,3.979194810083283
3630,6.011292401824123
3631,1.6649524641501516
3632,9.497823522194679
3633,5.995624408745506
3634,5.887602614461805
3635,6.028001449186959
3636,6.280413709212018
3637,2.348186071981501
3638,5.8345122162583944
3639,3.6800128363224975
3640,4.255600039400878
3641,3.682049361544041
3642,3.307795821106949
3643,7.569218940192979
3644,7.042056326108823
3645,7.182387609706808
3646,3.3189705908721923
3647,6.465358563649482
3648,7.434344782885917
3649,9.597516417283952
3650,8.221316866743567
3651,7.526588755817311
3652,8.487303401579346
3653,6.595721734065863
3654,5.551729724546516
3655,8.798836342393663
3656,3.296780653818507
3657,8.708806433526174
3658,5.742425162366551
3659,4.396814569674418
3660,7.988552559171532
3661,6.996990187782332
3662,6.2321804010126405
3663,5.533409195783181
3664,8.489723339934377
3665,4.351290343694149
3666,7.878698985589724
3667,6.975216455147423
3668,7.809126698475026
3669,4.793397309702904
3670,3.391195161369751
3671,6.716135543411404
3672,3.092581026684467
3673,6.460600853262838
3674,2.504993891206688
3675,2.232666073687395
3676,5.666783426408729
3677,5.316094679130293
3678,5.55804747854486
3679,6.314044554201272
3680,10.0
3681,5.828398948604759
3682,8.85685725270612
3683,8.74273991912985
3684,1.1711455080691087
3685,5.142218497434092
3686,6.987681326407001
3687,6.342980754722714
3688,3.210430251167656
3689,6.963804950668503
3690,6.141450445137769
3691,7.03130966539736
3692,7.816549086886715
3693,8.877351136239161
3694,6.444619156196161
3695,7.506091342008859
3696,6.49703589364368
3697,8.205817252775134
3698,5.000437961892107
3699,4.5724758071498295
3700,2.776374143053633
3701,3.6545957942081735
3702,9.314680881932054
3703,3.629148189296636
3704,7.387584332230807
3705,7.0057446101784935
3706,3.1509328603521727
3707,4.487600482231935
3708,2.573554477729666
3709,6.3191478674749675
3710,6.071103927759459
3711,8.307003526455214
3712,5.695911544676652
3713,3.754809055491223
3714,5.085619112083241
3715,7.910346245867968
3716,5.468466935382148
3717,6.471139905066118
3718,6.888159624916873
3719,6.81899828714764
3720,7.645967620720018
3721,7.869377224587383
3722,7.338540109634293
3723,3.846145313553273
3724,8.17720544693696
3725,6.204575729320973
3726,2.8262842791853986
3727,6.338839746592065
3728,7.164607661185054
3729,6.814780505790814
3730,0.39666723573175505
3731,6.485636059014211
3732,4.947389893296521
3733,7.6041745912910494
3734,6.743675479486498
3735,1.8720192158658606
3736,6.485681798154868
3737,7.318505909856928
3738,5.702251192095656
3739,8.650517506933255
3740,6.70870220118793
3741,3.7273772733006147
3742,8.797815642730074
3743,4.658761959970773
3744,5.606306444013834
3745,4.921049203743459
3746,9.549763857885193
3747,7.667847186499925
3748,6.792746022909754
3749,7.612029331966514
3750,2.640371131232471
3751,3.6886310343702324
3752,6.391484827881304
3753,3.80953799082849
3754,4.330539067094421
3755,6.259092618612287
3756,3.3073055141865324
3757,7.661955849186071
3758,8.169617748376513
3759,6.933372710364106
3760,8.711904368681367
3761,6.88518087339226
3762,4.472084544771965
3763,8.309528581194854
3764,4.543653473993794
3765,9.028586884476582
3766,3.4242022894966033
3767,5.752646617277627
3768,6.1995102397036295
3769,6.328179961172338
3770,3.5967626524999847
3771,5.936849915432199
3772,3.283219955983336
3773,4.950082375130787
3774,6.034348949925694
3775,6.566989902074
3776,7.386809493697316
3777,0.773289842913004
3778,5.947172560209832
3779,3.4229221312415703
3780,2.92959663822165
3781,4.276706992391325
3782,5.388480768579596
3783,3.725260005620329
3784,4.08747040187246
3785,8.053459998805776
3786,1.9728878529715723
3787,8.322601235122985
3788,4.804228433483786
3789,7.420044672450954
3790,7.678995374804112
3791,5.324839135567107
3792,8.29008772241909
3793,4.416154321920327
3794,4.960226961198261
3795,4.437513006950351
3796,4.140663367909374
3797,6.276606382603654
3798,3.6994113152918295
3799,5.99772089898803
3800,5.466621976299102
3801,8.431062605348755
3802,4.012301691503771
3803,1.6063639267242409
3804,8.971809544658061
3805,1.6485736593628908
3806,8.213939894206312
3807,2.965113895715465
3808,4.1394242921718245
3809,9.14877466703425
3810,4.8672197143509965
3811,7.31515757490903
3812,6.443713673081701
3813,6.816689800135849
3814,5.058879148808485
3815,6.790300300523917
3816,5.446692164739401
3817,6.0553620517690465
3818,4.606789215928292
3819,5.988024279135995
3820,8.364481846755021
3821,4.372218807439328
3822,8.038229456751274
3823,7.225053070484098
3824,8.59535726918866
3825,7.6927611414283295
3826,4.838032619490724
3827,9.3891763157377
3828,6.5376188675462235
3829,5.871162300677232
3830,6.405601409172608
3831,9.167545544337543
3832,7.601058257769785
3833,5.399544765901979
3834,5.87914289144602
3835,8.573778321537397
3836,5.754150243974553
3837,3.367747480737699
3838,6.774894651484983
3839,3.5803892123332135
3840,8.672360435119499
3841,7.328128040442504
3842,5.738322957955091
3843,5.7382896517936555
3844,4.666275529833332
3845,8.712328684297761
3846,3.126399718006807
3847,5.8252261910830585
3848,6.674130347567221
3849,3.8561774987973454
3850,9.081606639666916
3851,3.64039031726608
3852,4.565086402376708
3853,6.078727765803611
3854,3.21953003522892
3855,4.228794092637065
3856,5.273355618722535
3857,7.234576615003095
3858,9.483715125677309
3859,3.6365188465988876
3860,5.67052800121877
3861,6.794434422987472
3862,2.6357640521109396
3863,4.8102948576068645
3864,7.981753472890818
3865,6.245855671588077
3866,5.629235082398667
3867,6.379191476799882
3868,4.174015606022157
3869,6.311225506151924
3870,6.946318692870918
3871,6.114160307015993
3872,6.165424515573362
3873,5.407203715668835
3874,7.2981585151253725
3875,6.158372751068578
3876,7.905181154638046
3877,6.9004873283630594
3878,6.956946033385504
3879,1.6998533267440752
3880,7.24901806795037
3881,5.216449847935044
3882,7.3376810767061755
3883,8.11948403343462
3884,7.9790838445212335
3885,4.083876826433944
3886,2.0223779542952856
3887,2.5203035089907306
3888,7.8235610510167515
3889,6.537829708417212
3890,9.266788143619907
3891,6.83970410502778
3892,3.2557308501075735
3893,3.393903599067534
3894,7.36409350661885
3895,5.809829311144788
3896,5.554682879323102
3897,3.4255051850034244
3898,6.406280752840834
3899,2.0233197865378427
3900,5.052527438623361
3901,7.277227448424296
3902,8.379911808805376
3903,8.452177043800653
3904,6.351304070371916
3905,7.1340416136185585
3906,1.136769240239336
3907,8.82615057693267
3908,3.908619126040364
3909,1.013115157291164
3910,7.60313952094341
3911,6.993875946848994
3912,4.054617252760418
3913,5.190049727579961
3914,5.268779412607818
3915,6.260287194387009
3916,9.15559336116483
3917,1.9010062454279546
3918,6.34944243529731
3919,6.251094758489094
3920,0.2640943818896474
3921,6.16122390096358
3922,3.2989096941848794
3923,7.028928944428585
3924,5.631700650952426
3925,7.9029189896379854
3926,6.4442095109094275
3927,3.0546364100521997
3928,6.715463114630904
3929,2.3005762386542274
3930,6.389331539141615
3931,4.286000949237014
3932,3.490313157208249
3933,5.6000490265813285
3934,1.7848490504932448
3935,4.659076346522877
3936,7.558600015320576
3937,5.3327973002309434
3938,4.802297277293198
3939,4.8791100230380335
3940,7.340711804922521
3941,3.3137597618062324
3942,3.415120430043353
3943,6.549562044913583
3944,4.995402540134673
3945,4.276682901967122
3946,5.663903524713409
3947,8.095103980207051
3948,8.34244517338078
3949,3.7373599622886484
3950,2.2238022893916645
3951,5.858235964865633
3952,3.503418443352192
3953,6.658029613901764
3954,6.151377022919214
3955,7.330005844445447
3956,5.5871200488470105
3957,5.654011240892626
3958,4.647006110215203
3959,8.09897570971191
3960,7.530124357119524
3961,3.578913645591487
3962,7.542724769071061
3963,4.370207768333595
3964,3.9186747004424642
3965,6.464726614595216
3966,5.493110818990403
3967,4.763456660643174
3968,7.136006776319741
3969,1.1633446694884833
3970,9.111643669400554
3971,8.459669824630229
3972,6.319785351187942
3973,3.978065814665742
3974,9.168731933129521
3975,5.027661307299893
3976,8.49903122986048
3977,6.5463817493702
3978,3.244716329635227
3979,7.019652965019649
3980,5.364984018490479
3981,7.796505985304131
3982,9.973028827926047
3983,6.757240703873263
3984,3.5220759869631615
3985,9.507516605115244
3986,5.165883534334089
3987,5.328508248176801
3988,6.9406811018548575
3989,7.570772348063281
3990,5.806601026304988
3991,2.059421267787841
3992,5.737220931945316
3993,7.808390764185685
3994,4.095949612350184
3995,4.162103802794984
3996,8.578783729626661
3997,7.999577219330661
3998,5.477230467346968
3999,5.491845732640147
4000,4.867412752574603
4001,5.710754513075901
4002,3.89514910185972
4003,4.3514037853440115
4004,5.364145096860084
4005,5.421658172126646
4006,6.8720886646420425
4007,5.1125534362834815
4008,8.678033244867695
4009,7.0538919486432725
4010,5.801690550681789
4011,6.694639616431561
4012,2.255225357540141
4013,2.923086324306147
4014,4.029355527253686
4015,4.808238074905063
4016,4.131110565773136
4017,3.5054699688390443
4018,6.493957675214844
4019,5.489016498384995
4020,9.062004394623264
4021,2.0015851587280453
4022,8.249883330727062
4023,5.632367108913808
4024,6.404558333798082
4025,2.2520304399052775
4026,7.3836727798318
4027,8.197601725188186
4028,5.115471979131733
4029,7.316006540946184
4030,6.15149239649974
4031,7.745028463136615
4032,5.2335166539687465
4033,8.96241593965291
4034,6.619847595680165
4035,6.427471146643629
4036,9.806165464629036
4037,6.770920783244798
4038,5.7024016288789445
4039,4.947909176293667
4040,3.2763122570174903
4041,8.366136115522535
4042,7.119885394329338
4043,8.093451882781572
4044,5.972108799976787
4045,7.904433147455208
4046,5.147471529778285
4047,3.210588504311538
4048,7.282155371459647
4049,3.881647197415623
4050,4.988718897375332
4051,2.1308355566418573
4052,3.8060458681529363
4053,5.873102042238618
4054,7.87970748631771
4055,4.217949673710489
4056,6.490792076345945
4057,7.5254425063256125
4058,8.453030779646896
4059,6.77988921224091
4060,8.054456306578274
4061,6.7615913308568585
4062,3.149292290641813
4063,7.581246621480554
4064,6.108606191527256
4065,2.6723145173568783
4066,6.605564657189685
4067,5.667956311197422
4068,4.668425025175511
4069,7.523914492369851
4070,6.979180969499051
4071,3.0262427100912843
4072,7.564822856146872
4073,8.082395749750889
4074,5.975220444331205
4075,6.4772120462905
4076,4.048518456228285
4077,5.718070126044816
4078,6.53538480714265
4079,6.845184613045533
4080,2.4384036781827123
4081,5.360598400164838
4082,5.329657273229017
4083,2.1395176356539247
4084,7.11896033312836
4085,6.3074013922222045
4086,7.82624938743564
4087,5.585848733127883
4088,5.833539511576914
4089,4.274850563418651
4090,5.105367810400867
4091,7.908420246087494
4092,7.65587030226498
4093,4.547270910092486
4094,8.329227770149906
4095,7.312931778542904
4096,7.310467461625189
4097,4.812824450652249
4098,7.68699529261415
4099,5.095316579849335
4100,1.201627890057158
4101,7.236741595847162
4102,6.72674715213426
4103,5.47365734698224
4104,3.1705609818642095
4105,5.8334134496043895
4106,7.629428032161519
4107,5.006914973565905
4108,5.769402611937233
4109,5.96524123524276
4110,5.452681980795983
4111,5.065963902378407
4112,9.14449287629041
4113,4.386910835637629
4114,6.7380895524019095
4115,5.86495386796317
4116,8.633896009824745
4117,6.154848122729964
4118,1.6591651575130277
4119,6.527240257407753
4120,5.438089472859723
4121,4.622040969776378
4122,7.818990424072368
4123,5.585418922272929
4124,8.279312570408145
4125,5.223627026559845
4126,5.351588715833319
4127,4.2172288103598845
4128,4.005091412757378
4129,4.292728498858655
4130,3.5449853781691703
4131,6.118314794401222
4132,7.446670235212247
4133,4.540442429712882
4134,2.763537277440964
4135,6.095783770710224
4136,6.157201697322206
4137,4.96744454096068
4138,1.9866231230291707
4139,7.065650584310594
4140,4.3089480476993085
4141,7.967454752939135
4142,3.918726480544784
4143,7.796824187203056
4144,4.416849323477237
4145,5.456270564699929
4146,6.12057991610908
4147,4.711400525129646
4148,5.853106735475615
4149,7.008911330639729
4150,3.440626301874289
4151,8.758062059523999
4152,2.724486510950995
4153,7.556627056540467
4154,7.324265816106399
4155,8.26177922052414
4156,2.8008822971487985
4157,6.129251162737819
4158,4.221448890029104
4159,4.451519354777545
4160,5.65581720645586
4161,7.063381120244989
4162,5.343482988302684
4163,5.458182973018689
4164,6.274185115260709
4165,2.9425948542579508
4166,1.1944096891249403
4167,6.413453424961232
4168,5.031313922316475
4169,5.152684060474661
4170,3.378108927014629
4171,2.892462123565453
4172,5.18710489967163
4173,8.01394610354032
4174,6.76881205308362
4175,7.299737454289465
4176,4.896574671511686
4177,6.737218443285613
4178,3.2658337118360636
4179,7.205212845228823
4180,6.972101998062086
4181,3.796489253327092
4182,7.631369888042521
4183,5.29053309976854
4184,5.709466203511707
4185,5.309057140598248
4186,6.5520339564203915
4187,8.519864821650636
4188,6.928122711665606
4189,7.93490932257927
4190,4.595716931568665
4191,6.741324035282736
4192,6.951682970036623
4193,5.704588966357813
4194,3.112686897785128
4195,8.24737325534278
4196,6.987124200595538
4197,2.983146512201695
4198,4.066507150011198
4199,9.541209816192055
4200,5.580962811602646
4201,8.70027877050877
4202,6.902343284277906
4203,5.999243732013879
4204,7.588057082732217
4205,3.6284948973292064
4206,5.419665613708883
4207,7.524370717791989
4208,2.520365363935157
4209,5.864094827026679
4210,5.2793270887024715
4211,4.483192887680342
4212,7.285258391092608
4213,4.42695365641657
4214,6.342873507831691
4215,5.475089549436339
4216,6.246652926837605
4217,6.744400079094902
4218,5.260920878666699
4219,5.542173303779561
4220,5.822995866790125
4221,6.615304287747413
4222,5.172225446398549
4223,7.4608269601305945
4224,4.474017269265401
4225,4.639313981888634
4226,7.412815692432499
4227,4.273615564580911
4228,1.3858926517474315
4229,3.3263130736364195
4230,5.6316969452709955
4231,5.161886816942689
4232,6.550060048130223
4233,3.4095274469801016
4234,7.11393127491034
4235,6.050610517837954
4236,7.499685562644684
4237,6.915250759589605
4238,5.88002958925688
4239,7.729321645081011
4240,8.28180016648967
4241,7.180725440980677
4242,7.4540965212109835
4243,6.4534424195421405
4244,6.3772033756194
4245,6.563878653278224
4246,5.827286734129164
4247,7.915518053034664
4248,3.7123022862192236
4249,7.768281096312113
4250,3.407618501085253
4251,2.1135629826369433
4252,7.807403527862096
4253,3.631434203036682
4254,5.273431475074782
4255,4.627737130450841
4256,5.819728434903287
4257,4.893797735502833
4258,8.388890280628424
4259,9.15974048508465
4260,6.996134021407752
4261,2.07760043153215
4262,5.185112840884745
4263,5.348685171038577
4264,3.47084682441549
4265,4.594869149310533
4266,6.91911227546175
4267,4.575710023643918
4268,6.8066495244209895
4269,5.163372972938285
4270,3.5133452671812515
4271,8.660602031623934
4272,6.911140513845888
4273,4.1055498334226295
4274,3.74625807942283
4275,6.413232996747882
4276,5.382616013480227
4277,6.8222329421091565
4278,6.841823754850854
4279,2.860003454547248
4280,8.511294096078686
4281,8.441835370913928
4282,5.306175233778801
4283,4.814430036152562
4284,6.9461004783378835
4285,6.361986174208958
4286,5.193826049124488
4287,4.439689500803851
4288,6.063775351170243
4289,6.4455584107561945
4290,9.14093292439382
4291,5.893996916179493
4292,8.992122952618264
4293,5.3755257736449655
4294,7.413305971205249
4295,4.46835120915389
4296,5.27495190702966
4297,2.889114389427009
4298,1.9520996306136613
4299,3.3746176222126225
4300,7.339754274965325
4301,5.489395385349401
4302,8.130135667058365
4303,6.362605599206386
4304,4.6028561612111485
4305,7.285966870864249
4306,8.26393173249743
4307,6.853378371120675
4308,6.365482466255544
4309,5.105624448150744
4310,8.040236961444366
4311,6.910072836759081
4312,7.773030670386653
4313,6.403275658145812
4314,7.902953239221647
4315,5.123347429156963
4316,6.400376456790275
4317,6.980558998219272
4318,6.102153075783958
4319,4.522712737198109
4320,6.073456762345474
4321,3.696685957078794
4322,7.816826781509965
4323,6.369465276110448
4324,4.02245636931254
4325,8.5334819069239
4326,4.730085330773667
4327,6.023866978290343
4328,6.429517937588415
4329,4.999767232321496
4330,4.773032102293171
4331,2.2903947340857225
4332,3.767162683167777
4333,4.129655809150869
4334,6.9033785539710415
4335,5.51528355434374
4336,5.26400534755761
4337,4.778662313764091
4338,6.781314582429395
4339,3.7494138287834313
4340,6.111834045569992
4341,3.249029983356299
4342,2.976072238356333
4343,3.388936988902932
4344,5.384985348806187
4345,3.481756536154489
4346,3.8601297061245967
4347,5.791021522927441
4348,6.353037473769179
4349,6.835460643514506
4350,8.104302369713684
4351,8.783517359837875
4352,7.445480286084571
4353,5.675862000838396
4354,4.5788536326927645
4355,6.067477138302717
4356,5.511049756038242
4357,6.682837507039981
4358,6.02545605646815
4359,6.458572161044521
4360,6.34029662500306
4361,6.537490559594235
4362,8.392090725017542
4363,3.3620062758201215
4364,7.574506792033964
4365,8.71821810285675
4366,8.110483468174941
4367,4.435879136093697
4368,9.878172616456313
4369,3.371726104389995
4370,4.922796786130709
4371,3.314761453550129
4372,2.7058445216923515
4373,9.042644946203371
4374,5.075822797875509
4375,6.5004781568755705
4376,3.2210337815621655
4377,7.109279432711079
4378,6.653377594352117
4379,6.2378904048524975
4380,5.492290093315582
4381,6.260284240444055
4382,6.086849604052938
4383,5.292543164845745
4384,8.095607895212362
4385,6.624036910595906
4386,9.5355804076274
4387,5.881512019583132
4388,7.076988434925114
4389,9.122246888924519
4390,3.9781879936345286
4391,5.669330769358924
4392,9.350111451517984
4393,5.582434130948446
4394,9.494580194664216
4395,6.9573246496622785
4396,4.804543469593797
4397,2.447730474746968
4398,9.416136316900712
4399,6.769345925312528
4400,5.630632295533767
4401,3.705998592395931
4402,7.066941882072248
4403,4.447609973865164
4404,9.511936970654679
4405,8.078071114778405
4406,2.445006604007545
4407,7.7179456067678185
4408,3.6411133924798342
4409,6.99358990675046
4410,4.967739881985967
4411,3.490304139880749
4412,4.177179637359819
4413,1.3303035543659905
4414,5.263661187715726
4415,4.1843178987056255
4416,5.241128412009749
4417,5.527858678978533
4418,5.132361072142337
4419,4.322956850241422
4420,4.609473979936929
4421,7.382158652959737
4422,6.605786681406031
4423,6.9329545845994485
4424,4.785743358813312
4425,5.415930806585281
4426,8.555946599266218
4427,4.082313941893306
4428,5.2476167850389555
4429,6.382554351056838
4430,5.370292370438666
4431,3.812586538462832
4432,3.316868004160903
4433,8.421593104360152
4434,4.564705571992185
4435,6.564480734299087
4436,5.695715827554444
4437,2.2006559832390886
4438,6.496321500075026
4439,6.264879951083443
4440,8.06585846797977
4441,9.32121668786972
4442,6.319729110967031
4443,9.077673957804242
4444,7.271325024388572
4445,3.9781415436904637
4446,4.903523596902134
4447,6.0326671131353855
4448,5.718564982014222
4449,4.927216811032885
4450,3.4568121805440635
4451,7.113973927657591
4452,5.727010451212719
4453,6.1877300547177985
4454,4.219919875591575
4455,6.485090604876466
4456,8.186989174018269
4457,6.986137992244659
4458,4.493634944929786
4459,9.190746444669712
4460,7.729980006658919
4461,7.152877400741781
4462,3.67055259769926
4463,2.622678231257117
4464,6.003612668529842
4465,4.661913729494516
4466,8.099549299007904
4467,4.2004326074159
4468,6.918131551938442
4469,8.73446665069042
4470,6.138837428352371
4471,7.82082172888338
4472,3.8640175219227695
4473,1.488780586979744
4474,4.986057529386185
4475,5.037766456774303
4476,5.597947709863167
4477,4.026000929729566
4478,3.9623244259655683
4479,7.215933984007263
4480,4.648784512075786
4481,6.560759239666178
4482,5.736270408709601
4483,5.2727621966468785
4484,7.675077127278913
4485,6.832424981329442
4486,4.580157821914261
4487,9.938412308567955
4488,5.492335352868618
4489,6.438319518142352
4490,5.878543640144342
4491,5.427636270321253
4492,9.377748475046232
4493,5.049407972853382
4494,8.3922817671514
4495,2.3992060127180954
4496,4.564770202469919
4497,4.685171285811327
4498,3.3255409621441476
4499,3.8331899702585974
4500,5.931729884919655
4501,6.038209559584654
4502,2.363304178058878
4503,1.9636874279976326
4504,4.394709832081905
4505,7.597105383638576
4506,3.4464021761095647
4507,8.518149308380021
4508,9.022521909884922
4509,6.291042617130946
4510,4.6790910898190194
4511,7.408387022251798
4512,7.3130465299717535
4513,7.015261246216838
4514,8.689547369989217
4515,7.728748577398786
4516,4.396543126900957
4517,6.782460993919868
4518,6.623071095131165
4519,0.8079759274851148
4520,6.980163630870536
4521,5.168546499613645
4522,4.946441563341915
4523,6.960193300163463
4524,4.589753384939639
4525,7.031533283180605
4526,6.574792847332281
4527,7.874093967124795
4528,7.341672978384851
4529,6.758012049643014
4530,7.310783604520088
4531,5.391337187699258
4532,3.095048276944267
4533,9.620304641685918
4534,9.549816736235364
4535,5.632441530880044
4536,7.435870407932891
4537,8.127581841365869
4538,5.8290734182360655
4539,7.005586686383017
4540,3.3184216982746353
4541,4.674111897242357
4542,4.212347714897455
4543,4.075941006471008
4544,6.466568926859171
4545,6.161016298188108
4546,5.598964642227036
4547,5.618376317874652
4548,3.727916296788612
4549,8.882290643558909
4550,6.928497597396452
4551,4.930846904250116
4552,4.349055185851821
4553,7.78807458427252
4554,4.2328406838349215
4555,9.585139320910656
4556,5.403655107733258
4557,8.248106083036852
4558,3.3066343977681996
4559,8.080362527087342
4560,6.754859724278993
4561,7.404962588222761
4562,3.2338114785335037
4563,3.8522580329974394
4564,7.432463642281913
4565,1.9693582567058492
4566,8.166585815349627
4567,5.463154322812953
4568,5.451971554062011
4569,6.0955562896883855
4570,5.9853907028253825
4571,3.950406244356711
4572,6.572445093361058
4573,7.028275968281902
4574,6.402260803807421
4575,4.136635721941703
4576,6.159230325612636
4577,4.552094012442973
4578,6.210053340382107
4579,7.5728920023853465
4580,8.81622976500162
4581,8.81069944946243
4582,7.9835150486393225
4583,8.945996495324973
4584,3.6250607222027242
4585,6.924467998311203
4586,7.440830435148056
4587,7.639562235314191
4588,8.192754997336166
4589,8.037789443425568
4590,6.1095906504820405
4591,7.953918136805342
4592,7.342644031106512
4593,6.6591978336140265
4594,6.036531099548075
4595,2.7603478764631575
4596,3.9429667024062587
4597,7.194918393745266
4598,7.403626327109867
4599,3.521751502928633
4600,6.942934898620866
4601,5.974190324567916
4602,5.333408306785001
4603,8.25214472926648
4604,5.4336384204710875
4605,9.18198269014391
4606,6.48901942649417
4607,8.379238227007784
4608,6.9585049216363295
4609,7.0595127831279
4610,4.319744133675247
4611,5.348288250503184
4612,3.3859584811232724
4613,4.23803416822758
4614,7.408706066278427
4615,6.800705744459986
4616,7.445053465914587
4617,7.6345266232176385
4618,5.802028167398488
4619,6.525889912205997
4620,9.258535390909643
4621,6.863456588067782
4622,6.48183095609607
4623,3.892707439129403
4624,6.15127326810939
4625,2.3440798226737662
4626,6.975663046052601
4627,8.82703639385126
4628,4.983506781774899
4629,4.642228531777205
4630,6.0868626948337035
4631,4.954370579173576
4632,5.341417469373207
4633,8.424107662133817
4634,6.6212639825750434
4635,5.488396571343644
4636,6.066937672551103
4637,6.295719418880058
4638,7.2666753693098585
4639,5.368465770429266
4640,8.658582277277977
4641,6.671920930199073
4642,5.447773978019735
4643,7.163309217367264
4644,4.741027694368711
4645,8.693864428391176
4646,6.408444614677109
4647,3.364190746524576
4648,5.911968859220989
4649,7.36291589887564
4650,5.505987381854476
4651,8.708039746459859
4652,5.7461731250450025
4653,9.400613927348527
4654,6.34846855494035
4655,8.21173232774066
4656,6.774790104160141
4657,5.252542127067898
4658,4.138846062897777
4659,8.432327362871886
4660,6.965833664691713
4661,5.953495738391248
4662,1.72392091838797
4663,8.378875701383652
4664,6.146754485973766
4665,4.174764819937635
4666,7.096942642074041
4667,4.771388043243025
4668,8.392730942164578
4669,5.133429214919454
4670,4.887146658724662
4671,8.236685469156857
4672,4.3504309376670856
4673,8.451946608209917
4674,8.658063334655793
4675,3.213333827518639
4676,7.941304229969278
4677,3.3624404969831563
4678,6.228104349094165
4679,5.913728771967184
4680,6.5249898549496566
4681,7.253739334877103
4682,1.8975882462863134
4683,7.796592049605865
4684,8.668268802618991
4685,5.797512852785352
4686,7.876562295090283
4687,4.229455407956868
4688,6.698264740111089
4689,9.743511436934945
4690,4.0747285344018325
4691,7.2988800056225855
4692,7.108614497848104
4693,8.070901798725782
4694,5.358237906789574
4695,5.510141049588718
4696,7.574659189639153
4697,4.210180084737639
4698,7.862333313969058
4699,6.862004612828727
4700,3.8356555066629925
4701,4.926093838903889
4702,7.130695070380279
4703,4.775807463893713
4704,5.012266589498041
4705,3.5855214988211093
4706,3.3538883497632863
4707,5.1491958095214
4708,6.076841459922965
4709,4.274541212742755
4710,7.472936840629634
4711,5.19969957404027
4712,6.455854730303375
4713,5.1091577230691785
4714,5.165453585288091
4715,3.9321522987358777
4716,5.901930709682928
4717,4.660180899910719
4718,5.6296417595818244
4719,4.1302070603023
4720,7.46576687383511
4721,2.210133797310956
4722,4.997394585510843
4723,7.729308767891948
4724,5.966955383980788
4725,4.240973135245687
4726,5.295540340183228
4727,4.440726077117929
4728,8.22161356540196
4729,2.552944494381477
4730,6.719186570354919
4731,5.637975713892751
4732,5.726234376782758
4733,8.314193676056648
4734,7.2499761821137625
4735,8.183091321121513
4736,6.857912156621682
4737,5.611405735863231
4738,8.933920354744155
4739,8.452336387327062
4740,5.817359339016374
4741,7.131055418834887
4742,5.545155647569095
4743,5.923400495123239
4744,6.012252005896548
4745,5.753925358216398
4746,3.6971521867994337
4747,9.091505541502316
4748,5.222501961104941
4749,4.848572565010027
4750,7.673057313291074
4751,6.4426395473519165
4752,7.024371219276451
4753,0.5215918171280258
4754,7.221237582402176
4755,6.757875770555001
4756,5.3760240384794145
4757,7.936281445248055
4758,8.352651352705877
4759,4.567801872050582
4760,3.289211453659422
4761,5.753123511465746
4762,6.41258769288347
4763,6.48609579743417
4764,4.919125798011162
4765,6.501572222135751
4766,6.544205958439392
4767,5.579488469078117
4768,5.072606036664923
4769,2.9578408649053283
4770,2.9363444021647584
4771,5.834029660121486
4772,6.69870931448789
4773,5.9338354069234684
4774,4.556074139365209
4775,7.037757953081414
4776,6.545957872075141
4777,6.643771438399668
4778,6.020937577690361
4779,9.217165866857183
4780,6.147672598410112
4781,4.649204234343529
4782,7.1368493280021434
4783,1.708170344414325
4784,5.240679654195153
4785,5.451618419300111
4786,7.509573030349067
4787,6.550001014631913
4788,8.894075525172957
4789,6.209528700994525
4790,6.378733816013828
4791,7.870725572394879
4792,5.310900909415963
4793,6.423286574821937
4794,6.169355896308124
4795,6.560868927504383
4796,6.324799462241875
4797,2.9915043493003495
4798,3.579907495735884
4799,6.244393489870607
4800,4.871969130000981
4801,9.337309949938202
4802,7.657914105369403
4803,4.797465781080382
4804,6.211298218917644
4805,6.1648122565367665
4806,6.400638614225592
4807,4.651260855867148
4808,6.0813893982732505
4809,6.0337746211737695
4810,7.086772546471035
4811,2.6039305604341276
4812,3.9896000406775527
4813,7.002484114193292
4814,3.0014685164540076
4815,6.368170688404778
4816,5.401473227375476
4817,6.367179536475585
4818,5.87101271290857
4819,5.11649656296358
4820,7.828227680258311
4821,5.613392714517863
4822,4.622191911278236
4823,6.46628230007014
4824,3.7828345862908623
4825,7.700093645267893
4826,7.379382244624047
4827,4.9273590465002775
4828,7.708484994934089
4829,6.970158785526877
4830,4.7614256396552115
4831,4.675134162877217
4832,6.669865442685835
4833,6.000694856890355
4834,3.6145947491695605
4835,4.448950556930946
4836,8.44233712802366
4837,5.362605481622978
4838,5.491410640235392
4839,7.727146639938103
4840,5.9090428547640315
4841,1.8229502626324794
4842,6.7702285207311395
4843,7.7779756435104
4844,7.219589088578044
4845,7.7485645206558225
4846,6.712900067747795
4847,5.075775733682579
4848,5.724595221591651
4849,3.4064420008904945
4850,1.467534281036905
4851,7.566716596026932
4852,5.840807617450393
4853,4.370400877562225
4854,6.795711944993846
4855,5.187994066302878
4856,3.0334695306537367
4857,6.498898637780469
4858,5.990180782319342
4859,6.34308837662287
4860,8.720990761802469
4861,5.939281417826711
4862,5.5963788499157765
4863,4.581447648800196
4864,6.644091305682302
4865,6.8456497644909415
4866,2.2784889016317487
4867,3.6128522052798786
4868,6.076329162928376
4869,5.498161284741585
4870,7.4008638558824344
4871,6.740253740275054
4872,5.551058939630851
4873,4.503053280702769
4874,5.083374544077104
4875,7.06227967507483
4876,9.069542714807659
4877,5.745814736164023
4878,4.713510464327605
4879,5.855382510438087
4880,6.727183586571603
4881,8.768970682555349
4882,2.432196799929963
4883,5.4338784748478695
4884,5.6378693519782175
4885,7.019844045691999
4886,4.003129486282345
4887,9.713677211123924
4888,8.432265089271521
4889,3.6610140903538393
4890,3.6863003537728436
4891,5.653474424411916
4892,5.405126161329254
4893,4.876077243874152
4894,4.762311683716773
4895,3.89894937565015
4896,5.746897390633007
4897,8.10135863740956
4898,7.562168177795096
4899,7.251165022731138
4900,6.541475925268751
4901,5.346720341144682
4902,6.212261581394584
4903,5.268304669126838
4904,5.673634132625054
4905,5.682117328828989
4906,5.678521145898995
4907,8.274664931288893
4908,1.6641004486293753
4909,8.032988881117582
4910,8.129588519905615
4911,6.211077661859975
4912,5.6092922675558325
4913,6.866522802600932
4914,7.47548892347802
4915,4.878802368103193
4916,3.716706957751023
4917,5.8019302405872395
4918,4.1748375744248625
4919,7.471742307199177
4920,5.92188936557439
4921,6.694255910965792
4922,5.4480932681966845
4923,5.412696347246365
4924,7.940703303798633
4925,3.045500997195223
4926,3.249452515219926
4927,6.265442927253343
4928,5.776907373096009
4929,4.752502978005822
4930,8.191086058339515
4931,5.6086620222434584
4932,6.268107555627912
4933,7.939910876756793
4934,4.621463892944011
4935,7.98878493513923
4936,4.978831885432944
4937,6.671003595590119
4938,2.42965957687324
4939,2.5780294567903255
4940,5.828452802086973
4941,5.112295890295794
4942,4.074301672381031
4943,6.661889941180313
4944,8.911495839192739
4945,6.261904092670859
4946,5.452155367203533
4947,7.846018465984489
4948,1.3207243694565063
4949,5.552056982897837
4950,2.7294765816991
4951,7.790761839283556
4952,5.467487254190663
4953,6.281138971031371
4954,4.985292410775497
4955,5.400963887330721
4956,6.5978013799090345
4957,7.695919687086906
4958,6.961411200425719
4959,3.5205449698079616
4960,5.916989159367937
4961,3.0732305368186825
4962,7.839161218876881
4963,5.944020728064315
4964,4.608946045539448
4965,7.366955960641828
4966,7.423885047398467
4967,7.490789378198508
4968,2.1994754074308718
4969,6.149209227316733
4970,7.062906070805681
4971,5.325554662740677
4972,4.848770461599598
4973,1.2183924429761244
4974,3.022244935997006
4975,8.219154931914526
4976,3.180175658972237
4977,7.941022489026002
4978,5.699294289569888
4979,3.123854604153663
4980,5.879385865379197
4981,5.943669008895455
4982,6.792727077571364
4983,3.856165271747763
4984,7.940755030630947
4985,5.349868547293358
4986,7.410727325984535
4987,4.02478035090178
4988,3.320686369179266
4989,7.132395807012286
4990,8.148807072518608
4991,6.165663103412792
4992,5.955706742972473
4993,8.157459635071344
4994,6.173609395363156
4995,6.987902141193864
4996,7.395958009270375
4997,4.6253359235072296
4998,6.1692133616130045
4999,7.4521043994192055
5000,5.011668643937906
5001,3.4866190768626106
5002,5.15678874497312
5003,5.33913620418078
5004,5.924796274394187
5005,6.883527840015953
5006,4.865962980680175
5007,8.250412410403722
5008,3.809808894199046
5009,6.352393018170147
5010,4.259828629104133
5011,7.470393338335741
5012,8.158444829420166
5013,3.4112198000775007
5014,4.636069802454311
5015,6.259850339444026
5016,6.763901646825026
5017,4.822024292369479
5018,6.428432970030542
5019,7.579332971454853
5020,7.683951698632946
5021,8.656599598687093
5022,5.734743443583403
5023,4.88193044593122
5024,7.068842816383553
5025,3.7128338237486727
5026,7.560231086899137
5027,6.493630784409348
5028,5.179239362056703
5029,4.63795309970482
5030,4.072142391139342
5031,7.119750499655985
5032,8.860240799887116
5033,6.292648532241057
5034,8.928929826609005
5035,3.6016823008613046
5036,5.558398431888282
5037,7.215509000334971
5038,9.822835854468513
5039,6.268509575228019
5040,6.079113581118568
5041,4.903506405719536
5042,7.64698167746197
5043,8.31615205911826
5044,5.435756793923213
5045,6.293420346964195
5046,3.83818824875221
5047,4.3711453495643005
5048,4.416906058105991
5049,8.41974176104445
5050,4.100084081293969
5051,4.155031082858897
5052,5.1237525107554305
5053,7.366108911426979
5054,3.2811592981030477
5055,1.8441488994624684
5056,6.986222748694811
5057,5.98165424467713
5058,5.595223397635957
5059,4.920038125488508
5060,5.647347238505764
5061,6.37827556264587
5062,6.994900363270677
5063,2.112360934900863
5064,8.846246860462667
5065,7.716431261123535
5066,5.799968621050783
5067,6.45628738763171
5068,8.59464088298648
5069,4.581009890390161
5070,8.808733783488996
5071,7.729949721158594
5072,7.071220798861951
5073,7.918937048748209
5074,5.126370793896443
5075,4.777099020869425
5076,6.045627499986729
5077,4.052336222643497
5078,6.092886149231603
5079,4.306190669351578
5080,7.321775541914189
5081,7.559422401493897
5082,3.9133111346601717
5083,6.9232092386963435
5084,4.146783224370198
5085,2.454587419461818
5086,5.615502198039195
5087,3.744546704753282
5088,7.858496349400904
5089,6.029062497589898
5090,5.8422286658625975
5091,5.990889663226062
5092,3.810381992056773
5093,8.274988781782655
5094,4.922821260166618
5095,5.21402157146813
5096,0.03603426051609954
5097,4.6757276389363005
5098,5.50986421736739
5099,8.559754953805154
5100,4.2499875093072825
5101,6.213257921075789
5102,7.957905614668961
5103,5.472051407965946
5104,8.716457506211718
5105,2.5076201621436516
5106,6.384123853253364
5107,5.547245870488507
5108,4.954034866826346
5109,5.614833647009861
5110,6.442623170980721
5111,4.822935527601292
5112,6.715354289530989
5113,6.276534661863833
5114,4.806442325939122
5115,1.4492339414303022
5116,9.127400223052897
5117,6.389557802422894
5118,4.721528348634775
5119,3.969227321197776
5120,6.402161831428739
5121,5.764074628488775
5122,7.222930957653716
5123,8.001066583805809
5124,6.55775729200073
5125,4.283431132318816
5126,4.134540608121513
5127,5.4003913078440355
5128,5.81180024558404
5129,7.5327971138933325
5130,6.46108389529293
5131,8.71855617062051
5132,4.22406406119448
5133,7.765399237981966
5134,4.49031010958819
5135,3.143541556650616
5136,7.4011140103876905
5137,6.227049346165209
5138,9.185840611978097
5139,6.070475143462589
5140,5.085338936888199
5141,0.0
5142,5.768127504575778
5143,4.073062686374938
5144,4.943245138453172
5145,6.925476626920824
5146,5.411477525357534
5147,5.215329314372575
5148,5.794185853547422
5149,3.4016652299189127
5150,5.114979244716758
5151,6.912725148238421
5152,8.727586782164568
5153,6.8149492903102225
5154,6.1417101045696585
5155,5.620160615629075
5156,5.035284164682827
5157,7.245609585923303
5158,4.21478853491618
5159,5.444959638853257
5160,4.209092139565691
5161,4.071926308668797
5162,7.779063886073423
5163,4.809011869849488
5164,7.744656984479945
5165,8.021313698427713
5166,7.570398928209081
5167,3.5215211062889513
5168,9.715948920682184
5169,0.9095308445511456
5170,6.281402094455808
5171,4.790456540054317
5172,5.6837948050047835
5173,5.383501689441565
5174,5.9436173165771224
5175,4.838712894421006
5176,9.270270509645478
5177,8.9868247214333
5178,8.009632133516982
5179,0.9437175196340999
5180,5.679976287695634
5181,1.095832505099559
5182,6.448830118209552
5183,6.4629329175566
5184,7.536011790713404
5185,5.424630362147784
5186,4.972608315971385
5187,6.108439164197559
5188,5.1472000220808285
5189,2.9403625318091513
5190,5.952073977590784
5191,5.535587917827754
5192,6.044387294377659
5193,7.4803350476428
5194,5.324838527043274
5195,3.6188690211857635
5196,4.322551003318628
5197,4.330750516686223
5198,3.74662100261287
5199,5.530725419147698
5200,5.557479879601809
5201,5.88611485167228
5202,7.4219268064955095
5203,3.240492454838477
5204,5.142029891866297
5205,8.990828906185548
5206,2.81495695723875
5207,6.948861561712028
5208,4.345185296511981
5209,3.175627347219291
5210,7.0144256297027985
5211,4.698446896606091
5212,7.461871267011448
5213,4.598803029932685
5214,6.973205896735694
5215,9.243679623527452
5216,8.424161899110041
5217,3.2971620750089246
5218,7.2164246642266425
5219,6.398463857658815
5220,5.918600076153011
5221,6.637832310674645
5222,3.0794100249064593
5223,6.427811512845043
5224,7.312141347992377
5225,6.819125290718746
5226,3.768362037570574
5227,5.165320674447694
5228,7.0590455788252955
5229,6.310305808312436
5230,5.618936603604245
5231,6.062851305337661
5232,6.360155713325542
5233,3.524766386826267
5234,3.828907180675698
5235,7.632801715765028
5236,5.3787234779502535
5237,7.3014925785098495
5238,6.862229785115185
5239,6.799358251450386
5240,4.9264395808216905
5241,7.410785961261349
5242,8.41844262178423
5243,3.48041391038638
5244,5.737061171614697
5245,5.104121277024973
5246,8.347855280554265
5247,7.9033964402478425
5248,4.460936809672898
5249,8.639549084675078
5250,6.956272532634615
5251,6.4277191971265815
5252,6.345236086236515
5253,6.872483253930872
5254,3.3760518019796333
5255,5.480920549324951
5256,7.4560755026139445
5257,3.251056680597033
5258,7.341278322071657
5259,4.136195627181881
5260,4.198288527588375
5261,7.8551787176498475
5262,3.84122488163366
5263,6.386771402812773
5264,6.309888819230435
5265,7.23608010813167
5266,6.393119756924138
5267,6.877702022550424
5268,6.240939657227323
5269,6.124976505140184
5270,10.0
5271,6.253985920569985
5272,6.8029636790679815
5273,4.764475548473301
5274,4.5607758217111165
5275,3.0971238832181163
5276,4.9044596771704
5277,5.967819138941076
5278,7.4638529201624575
5279,7.677164583708848
5280,5.078710797451989
5281,6.123707010941695
5282,7.99440476773851
5283,2.3031966812501214
5284,4.916119434118668
5285,6.134927170082791
5286,9.12714480325145
5287,8.589446436233557
5288,5.643831789889867
5289,5.8440976792685655
5290,6.445398165315016
5291,5.539405523210116
5292,7.124884960602552
5293,5.754978035061132
5294,5.268657050906395
5295,5.266652088445076
5296,5.644502334206094
5297,5.645253333854178
5298,6.3936303263496
5299,9.28388738160022
5300,1.9614429562970308
5301,7.37778767489157
5302,4.3262931098545945
5303,3.0914580343557194
5304,3.811604903318425
5305,7.900177929438858
5306,4.44752777768307
5307,2.1547002197022436
5308,7.9299450801064335
5309,6.063647514188851
5310,5.272793914674355
5311,6.643023474479498
5312,6.236032160197535
5313,2.3984936959136727
5314,7.298734613015901
5315,5.007937969064054
5316,5.623171899565779
5317,4.036719226919506
5318,5.229282052752193
5319,3.962425375623636
5320,8.541758060529691
5321,3.206449002915649
5322,6.217040752862772
5323,4.809156614825811
5324,6.43573033772744
5325,5.337343716277573
5326,6.714766285933354
5327,6.151404998764648
5328,5.295025089681862
5329,7.247184465930376
5330,1.6155832344107401
5331,7.928205284620418
5332,1.8931794135473679
5333,4.447846940312225
5334,4.833623675013336
5335,3.4538732191843606
5336,5.749687781235107
5337,4.638694205446795
5338,6.577183232466698
5339,6.482605756399326
5340,7.579191582573607
5341,7.673147240839676
5342,2.7219567167749714
5343,7.347873113616384
5344,5.454449991263838
5345,5.584485559860015
5346,5.410268774790729
5347,3.342430901113818
5348,6.501380678732415
5349,6.843524254175312
5350,3.6052514358534387
5351,3.817010600168219
5352,6.048086249379686
5353,7.071142073683868
5354,6.759298915006239
5355,6.017088898917921
5356,4.642023902558719
5357,2.800082456681553
5358,9.182334265653932
5359,6.723902317959946
5360,7.369058820204817
5361,6.59581267123459
5362,7.022356190762303
5363,6.705673723506249
5364,8.720350702099115
5365,0.9576316934778037
5366,6.833256548826382
5367,5.951403383353499
5368,5.249449031917255
5369,1.8432267982581867
5370,7.795533081833211
5371,8.26685726401375
5372,8.546890556394112
5373,2.0756447979096846
5374,4.588557980125116
5375,6.18569538036969
5376,7.817246634213394
5377,4.571791021125938
5378,5.9969055690613216
5379,7.2100859283907015
5380,5.288463038596287
5381,5.429056541478374
5382,5.462592565713882
5383,6.6479903971761
5384,4.302906051636285
5385,7.534964226361268
5386,4.446080524878179
5387,7.952074101063179
5388,3.8969697328971096
5389,7.281519441920678
5390,7.044260723363919
5391,7.6770740939252295
5392,6.098731034141772
5393,8.84358307552394
5394,6.3202000924004995
5395,8.744759085143372
5396,3.6151085683388056
5397,1.5448441128546269
5398,7.014264887794948
5399,4.2932852756233295
5400,3.5263931811230145
5401,6.507909762967239
5402,8.116062182159395
5403,2.963453250269799
5404,4.4591780697704095
5405,7.688590806335593
5406,6.5806359219895185
5407,5.92742063065127
5408,5.415775245947565
5409,6.725115045055844
5410,3.937406580608383
5411,10.0
5412,3.597548148014768
5413,7.285980190511983
5414,8.490296222301097
5415,6.316542254629677
5416,6.698352766589912
5417,7.486842632125754
5418,4.207595977608189
5419,5.1326271270109505
5420,7.272164289512379
5421,6.532963529834991
5422,3.9272926691037005
5423,5.164369856097682
5424,5.2428447281146004
5425,4.824846137915815
5426,5.638894138034262
5427,2.740428238561363
5428,6.010258534389283
5429,8.792336806918959
5430,2.5831433927715453
5431,6.260343659753952
5432,9.053416742120005
5433,3.1408225687365148
5434,6.006672524784552
5435,6.396837722274671
5436,4.157314781307076
5437,4.801244055446558
5438,4.055057000619483
5439,5.962233501653376
5440,4.186897945752222
5441,9.3172852613644
5442,7.561476952460396
5443,7.493772012853792
5444,8.390358851582956
5445,6.2548888691032545
5446,8.140333568202596
5447,3.955480910594678
5448,7.64997225511485
5449,6.828357460445434
5450,3.4635444632735135
5451,6.810761430374636
5452,9.986506431263061
5453,4.604100325835699
5454,4.876301510015271
5455,2.917303184003223
5456,4.468173598972586
5457,5.303192458053102
5458,6.572659216989984
5459,5.552207101703537
5460,4.195770424823888
5461,4.344054218188155
5462,6.994651099505004
5463,6.32557893385809
5464,6.601195871974525
5465,5.672327652204077
5466,4.895766033845749
5467,2.204596526472762
5468,4.899765263877885
5469,6.572210034848942
5470,3.035064455208177
5471,8.873550075653192
5472,3.386158745323474
5473,7.64416685761857
5474,5.936345981070935
5475,5.019552226374932
5476,6.138119239691381
5477,7.803583606962945
5478,5.799331651907391
5479,3.816862639615854
5480,5.124308185998313
5481,8.826627328914885
5482,6.308724226245527
5483,5.105830769110715
5484,7.3501965509186995
5485,7.344289604973393
5486,6.204904951005662
5487,7.544588869845505
5488,4.459657116508807
5489,5.118708057905321
5490,2.171349580162386
5491,8.738361383534155
5492,2.576246500790705
5493,3.6424831880575104
5494,8.015946392175112
5495,4.103545864228041
5496,4.621799365101637
5497,8.280148346303173
5498,7.1169946591562585
5499,7.26883760314959
5500,5.143216154666385
5501,6.455351612679038
5502,3.887828942523166
5503,7.750489694435762
5504,4.513062935549807
5505,7.372414554170536
5506,5.497616908103051
5507,6.208859502220799
5508,6.458254095152388
5509,4.096567747534499
5510,8.911036634162928
5511,7.105711264276512
5512,7.12630158338731
5513,8.790865230546743
5514,5.566061624057547
5515,8.405787010626508
5516,4.767801803168114
5517,6.603201730486883
5518,4.630682151428495
5519,8.646366213177954
5520,4.348834307997759
5521,7.536393660847924
5522,4.0113476813792746
5523,6.856341789073534
5524,3.0880436508330558
5525,6.357591427958665
5526,6.683532366040845
5527,6.692737047971898
5528,6.471558729286821
5529,6.783099008776584
5530,4.026393772593927
5531,6.275307806867861
5532,5.520767383741167
5533,6.71629834413689
5534,6.6207353517675696
5535,7.250504611866217
5536,8.813865637551277
5537,7.085938436057887
5538,3.392885523910495
5539,3.9446976685495807
5540,3.0680206116331656
5541,4.895070827393253
5542,4.925258844274505
5543,6.9442288521753515
5544,5.4071837431367795
5545,7.544847573345093
5546,4.066162201403518
5547,5.49228917976262
5548,5.707252853990484
5549,8.151555473868425
5550,5.726776573023001
5551,5.966304953940544
5552,8.29744188309302
5553,3.3718963886183353
5554,6.1006792413860325
5555,9.403965141909499
5556,5.788658221262409
5557,6.58014054338628
5558,3.9303018318720664
5559,5.522985788984409
5560,3.9725871290716612
5561,4.323599595688874
5562,4.773059615708368
5563,6.6655671409924295
5564,5.743091108700872
5565,4.745079869795791
5566,6.04085773373505
5567,3.756387922187702
5568,8.046508813930913
5569,7.534538050868829
5570,3.4668122567950546
5571,3.968758087744407
5572,5.786817400221631
5573,5.8397064592171075
5574,2.6841352415639417
5575,9.847164680595093
5576,6.77372667041056
5577,1.8219888797240713
5578,6.086384949855114
5579,9.540708809199522
5580,6.573451209519965
5581,5.802047563083676
5582,7.165918671913097
5583,8.502411722979664
5584,8.265453037368651
5585,5.834580005693532
5586,4.556531857264684
5587,2.5431765642132085
5588,10.0
5589,7.060870042696088
5590,6.648066148724569
5591,4.827929580493646
5592,3.901430623183356
5593,6.099690480226268
5594,6.423555955131493
5595,5.533662921553738
5596,3.943413308351183
5597,7.407378093337975
5598,8.311676568318514
5599,5.799406667034659
5600,4.592971466836468
5601,5.0393928996402675
5602,3.4957432125951247
5603,5.186580568967983
5604,5.056063078225047
5605,7.092354447875653
5606,5.057793531928642
5607,3.397364250184812
5608,8.409007553301496
5609,4.361880560475266
5610,7.335284409751727
5611,5.06310223383937
5612,6.776653008535234
5613,6.028976345761471
5614,3.3973335541148524
5615,5.713869041575297
5616,6.983432054572711
5617,3.985562369800884
5618,4.184933102917945
5619,7.115986210030569
5620,7.817464190972232
5621,3.852873145181454
5622,6.774354086980935
5623,2.8446661337943286
5624,4.873742809803928
5625,5.41930627176543
5626,6.342911115961048
5627,3.505126076426527
5628,7.793411243469233
5629,7.70358953207767
5630,5.479005445939956
5631,2.9554064619702363
5632,5.243905181021875
5633,5.8682769064127385
5634,6.8098320671652575
5635,5.7154919092112415
5636,7.015998964569613
5637,9.368111500377335
5638,6.8784652359502525
5639,5.3783135326417195
5640,3.424781891588233
5641,4.125249776795187
5642,7.589125857719985
5643,4.489185763897976
5644,5.956153617496472
5645,1.5358805489416754
5646,3.751984484780555
5647,4.941723749352193
5648,5.127350167804955
5649,2.8193045671996915
5650,5.991995657970691
5651,3.316430796736971
5652,1.9948069410410718
5653,6.817611720362397
5654,7.265006858697188
5655,6.19599275366495
5656,8.46274371024985
5657,1.1006608004511669
5658,1.7691312189684192
5659,5.236617927107256
5660,8.158205027132004
5661,3.781702975538274
5662,7.976065306037139
5663,5.906455217181131
5664,5.995897123233384
5665,6.732828806630389
5666,1.3799936262068702
5667,6.928509467524721
5668,2.043817541332395
5669,8.968918712136322
5670,4.4210110835173575
5671,8.170926027741
5672,5.556236031369062
5673,6.671385403302377
5674,3.5453707022030874
5675,6.3924038641006655
5676,7.280368156200565
5677,6.672255005743143
5678,6.962964130788676
5679,8.762734822270291
5680,6.661116914353471
5681,3.6975715128953106
5682,1.8897866813329842
5683,8.448720116064521
5684,7.1925647489682065
5685,5.697932305294534
5686,7.324724624099251
5687,4.433939097695526
5688,6.343654879581598
5689,6.026887745677108
5690,6.623450994030133
5691,6.337605893015632
5692,8.103974600139612
5693,7.294078703735208
5694,6.612929398117443
5695,4.275177147200202
5696,6.904814406076225
5697,3.90260881158632
5698,7.300972357342571
5699,4.788572693081155
5700,6.750239408144846
5701,1.4283620551956537
5702,5.493777991182549
5703,4.53221056930658
5704,5.652152686495671
5705,6.185638728442163
5706,2.18440843738098
5707,7.305740953337807
5708,8.123862212692067
5709,6.858689901118593
5710,7.3585854129823005
5711,6.146987514535294
5712,8.290752629611244
5713,6.511137707808819
5714,6.430654256650575
5715,6.923387726562392
5716,1.3239082085018548
5717,6.148107834901085
5718,2.8947060417356765
5719,6.279600858637776
5720,5.332005081663185
5721,3.8638952631571613
5722,8.632289217938451
5723,5.243021008279438
5724,4.073177719487093
5725,8.286458123055882
5726,5.239744260780919
5727,7.4512394454087625
5728,5.238220171726323
5729,6.590822788240949
5730,2.7045267168914533
5731,4.402754568503407
5732,6.475646503607336
5733,6.950227647487921
5734,7.319065921532793
5735,4.841081670983143
5736,6.643756104948096
5737,5.486636420151057
5738,4.887399619307322
5739,4.125442980052464
5740,7.549316394806978
5741,2.8897850911351792
5742,9.679609773056937
5743,5.699830899939385
5744,5.292685231242638
5745,7.14908145824551
5746,5.994732808990852
5747,3.4223264806631377
5748,6.640022629126385
5749,4.831718074098578
5750,6.371508762281463
5751,5.428514386144329
5752,2.7522030549442893
5753,7.443401969589487
5754,5.817196568086679
5755,6.71606857355189
5756,1.4060977466824953
5757,4.607576620281449
5758,6.558828732267963
5759,9.470095580339347
5760,5.11350175035161
5761,6.204148693348718
5762,3.7798520664178286
5763,3.6662901835596093
5764,6.858475907045873
5765,6.421329297188388
5766,4.204993590330296
5767,7.829116403972078
5768,3.362272443564469
5769,6.918091802029166
5770,0.0
5771,4.814549359611664
5772,7.984918034830362
5773,4.962551236890781
5774,6.247633552114563
5775,5.627185701172024
5776,2.9080239016469127
5777,5.59331564199719
5778,4.716033467195652
5779,7.9752094399965525
5780,5.3011154344552125
5781,6.202232905209238
5782,2.225669491945098
5783,2.731616675475386
5784,4.569978374318427
5785,3.1001918505736468
5786,7.544778993005908
5787,7.643784884400965
5788,7.734260721801597
5789,5.908650012400785
5790,8.487418611971925
5791,4.253720101417889
5792,5.4195363791363995
5793,6.925533812106614
5794,3.71151608775883
5795,8.725454521072459
5796,5.980678446184951
5797,9.798194103622972
5798,8.738892860074277
5799,3.9049927930560204
5800,6.6325544547131265
5801,5.408608526199174
5802,6.154800693134936
5803,8.417555515895401
5804,4.555416783175559
5805,7.9780401229736455
5806,5.581762590720617
5807,9.391085360747716
5808,7.271242747741656
5809,5.944932711625235
5810,7.104563322048575
5811,5.180539623295793
5812,6.335047557304635
5813,8.993197341062405
5814,5.299996544816145
5815,4.926128095841081
5816,6.840144260936084
5817,7.118006012014154
5818,5.378882219520513
5819,7.611568612468549
5820,8.069085876558482
5821,9.21735132980417
5822,6.066596134719056
5823,6.933686036638755
5824,6.8883226284992025
5825,7.565592883801651
5826,9.199134355015005
5827,4.7457379454818795
5828,8.768822185563797
5829,5.292254558486118
5830,2.9892422520509547
5831,5.592440769410809
5832,4.241354779082343
5833,4.778483223216324
5834,6.221316629483772
5835,3.3465304779801617
5836,4.593925010255251
5837,6.38109599327661
5838,6.447942521447215
5839,8.317620760240603
5840,4.7453793307982535
5841,4.760548973136776
5842,7.651982813385036
5843,8.498256917799836
5844,8.397401278303782
5845,9.291041020207594
5846,3.417929376607133
5847,4.924111535011878
5848,7.6429447126791485
5849,6.300644924472946
5850,4.600025770270396
5851,5.748509992368687
5852,5.910297290700845
5853,6.743831852980591
5854,6.862074142308641
5855,4.79727072571149
5856,7.2468876314374135
5857,6.554560617585714
5858,8.931342589474172
5859,8.378406948360702
5860,6.438594586347227
5861,5.312362714903221
5862,5.39353244015563
5863,5.316163908845686
5864,8.530893691932425
5865,6.2881258063306
5866,2.38573871305238
5867,3.606848170225166
5868,3.519923132713318
5869,6.370180622938706
5870,2.1288850804221724
5871,5.988807553198972
5872,5.402810161963241
5873,7.117829409939364
5874,6.8107712082475915
5875,6.525178339178619
5876,3.7574647879808505
5877,6.556111613162223
5878,5.752848553933486
5879,3.4984133822772607
5880,6.119007247914496
5881,5.575401695269984
5882,2.622748211502354
5883,4.786630251885697
5884,6.977948132240345
5885,4.599636445481773
5886,5.7523640564727385
5887,7.702770200944741
5888,8.987628403549683
5889,6.09052081946464
5890,7.134260491615451
5891,5.192705369455592
5892,6.586254027521523
5893,8.204473202741282
5894,5.420095392003722
5895,7.740455049840394
5896,5.886601167685454
5897,4.055990181558649
5898,7.25300510517191
5899,5.74551025113356
5900,6.580429839409824
5901,5.666131546372416
5902,4.423923768602267
5903,6.755945102186535
5904,8.858879451918146
5905,7.169389972180097
5906,1.5948766847182019
5907,5.642169750261976
5908,6.455208520581195
5909,4.4395970765557085
5910,2.7133801222727283
5911,6.10200533802514
5912,5.5683376512202365
5913,6.70628195802626
5914,4.394646444018658
5915,6.981437774360267
5916,7.526885841652417
5917,8.43640837343124
5918,6.488560332577433
5919,4.056368036554485
5920,7.295196085028683
5921,6.254127327155495
5922,5.872043007868441
5923,4.878019765477861
5924,9.904290101602829
5925,8.682882090835877
5926,6.2561569507873145
5927,7.614870488146268
5928,4.080389403532488
5929,6.470790087545876
5930,6.707655673464421
5931,7.452832779176473
5932,7.861106281858071
5933,5.022610987775522
5934,7.8902016821248235
5935,4.16758312106749
5936,5.899423921763696
5937,7.173693770698415
5938,4.719298023511073
5939,6.279753467996631
5940,7.628780152414489
5941,7.341223542559361
5942,3.965537799257189
5943,5.851229788572114
5944,7.406382408612596
5945,8.551184128215674
5946,9.742146947541372
5947,4.76951623165645
5948,5.183516275544267
5949,4.547147791729989
5950,0.0
5951,6.170157521882215
5952,4.096378837910127
5953,4.805238399488541
5954,7.716733404096623
5955,7.499576821511679
5956,8.81801783082161
5957,7.964971547800852
5958,5.761110539918312
5959,5.790924142345304
5960,5.022460527986107
5961,7.8525738961188924
5962,5.13395438792533
5963,3.8168997438968466
5964,4.313903807390005
5965,5.669321587224477
5966,6.712538832687928
5967,8.59104051592251
5968,3.220462278064468
5969,5.249521075702427
5970,4.875588859308703
5971,5.502277416113696
5972,9.056042985640701
5973,6.3369380820720185
5974,5.93702856782925
5975,8.200441295707503
5976,7.403534682575284
5977,8.868932679117902
5978,6.294295003340107
5979,9.257609547386888
5980,4.790410830991296
5981,7.184737374546215
5982,6.502755706709625
5983,7.105738925682607
5984,6.484017147637335
5985,7.556439594302077
5986,6.884900447963156
5987,4.975185045244206
5988,5.573868584945783
5989,4.781409922255795
5990,6.646388810911732
5991,8.991196849147116
5992,5.739346340234618
5993,7.563612792780164
5994,4.233800454547639
5995,3.1859168372230404
5996,5.800818883990677
5997,5.974811313155502
5998,6.459880007208359
5999,5.417814678561626
6000,6.476416883088163
6001,7.388538669927202
6002,6.311403610415517
6003,4.63061872834599
6004,5.173576729255677
6005,6.365966572576802
6006,8.83470804552239
6007,8.609461881928372
6008,9.24555137666014
6009,5.123284951254163
6010,7.410042899332334
6011,6.027332918441131
6012,1.2069924782850734
6013,4.251592961447913
6014,5.764825080534164
6015,6.405551667506675
6016,8.381966597081142
6017,5.701620649257432
6018,8.68498166605796
6019,7.962499905942867
6020,4.093441566522978
6021,8.90204646373335
6022,6.603976606924641
6023,4.011914600988186
6024,4.5696853673872315
6025,5.976637154823875
6026,8.361541303363222
6027,8.549399129314182
6028,3.33456663054754
6029,7.505007836176787
6030,6.309402336067375
6031,7.52349065308303
6032,9.686627052234918
6033,6.762940782695852
6034,5.026728771327306
6035,6.317532782692687
6036,8.652092896103728
6037,7.878421984866827
6038,6.535961498269181
6039,8.264353653098645
6040,3.8664278082889636
6041,7.41799285043532
6042,7.199946395252214
6043,8.756195305134037
6044,8.258552151983295
6045,6.294193483532721
6046,6.474045814028974
6047,1.6056143169504937
6048,3.91980771244714
6049,6.639349979113678
6050,8.22329565712139
6051,4.08050502611813
6052,4.89484148148724
6053,3.0795287388030728
6054,7.24353898106986
6055,5.090532753423675
6056,4.035924777247103
6057,5.233679298928266
6058,8.850564646174725
6059,5.079711368193861
6060,1.4654256431276051
6061,6.615777716957746
6062,7.525107512866905
6063,6.630810233335051
6064,5.604529737844167
6065,5.448408113032078
6066,7.0250218190065805
6067,3.6897676486291013
6068,7.05862943687384
6069,2.403248957793748
6070,3.922090953057854
6071,6.2806631462476465
6072,5.513401600843951
6073,4.162979044364697
6074,5.955462316279603
6075,3.2747475074525574
6076,6.0260188296775485
6077,4.446870320862432
6078,6.426343450052604
6079,3.0809717990416563
6080,3.790431607151084
6081,8.52155388582713
6082,3.4841066734771005
6083,6.629498640552173
6084,6.3878625550879615
6085,5.36018025507523
6086,7.980977763978889
6087,5.1448808785559645
6088,4.725744269907252
6089,5.556424762312163
6090,5.5631838288121545
6091,4.950497123580689
6092,6.442735645136445
6093,6.1982946604597995
6094,7.528844329844318
6095,6.624761383798074
6096,7.711275865713034
6097,3.859160003278194
6098,7.4229340582169785
6099,8.315872301578887
6100,4.939861316903434
6101,6.39939868317656
6102,5.719593722314949
6103,3.4707311504029574
6104,7.425458404504708
6105,7.707738705983179
6106,6.419908407264423
6107,6.7701852497312585
6108,5.5603925161405225
6109,9.24468664653956
6110,2.8461132950576307
6111,5.986883084136112
6112,5.250102654124655
6113,6.35459602097764
6114,5.296832771960127
6115,7.081235657369442
6116,5.059286644872937
6117,8.332111406008131
6118,8.154670061587828
6119,4.808535835177567
6120,4.440004107381313
6121,8.762401430802402
6122,4.032775722032604
6123,3.165581087922452
6124,6.951813860521636
6125,9.697495658548561
6126,7.885153215809234
6127,8.573853328360848
6128,4.689059711066427
6129,3.3761213298769093
6130,4.819703180032262
6131,6.759958712220374
6132,4.741713009526564
6133,6.377067150267221
6134,7.853624453168897
6135,3.18082111790367
6136,3.9079158224219297
6137,4.518660261223724
6138,4.562685393666536
6139,5.024738236864071
6140,6.347283552741496
6141,4.558657694495138
6142,5.599145932858242
6143,8.079288965289978
6144,5.96860712844321
6145,5.191314838011357
6146,6.968111740400822
6147,6.877221045302714
6148,7.437703731895979
6149,4.897408387306704
6150,8.030520789774805
6151,2.7991073214140085
6152,7.003364882978156
6153,5.6574855251422935
6154,6.155473602629338
6155,9.353030363496156
6156,3.1557875813508405
6157,6.35378634843346
6158,5.58500932239602
6159,6.212169780193967
6160,5.270177056218549
6161,5.400519529358019
6162,7.378634756200316
6163,6.314049724794346
6164,5.2538103949437795
6165,3.5812365480457897
6166,6.667920716094706
6167,6.8522057450970655
6168,5.835240995398985
6169,3.760306387980177
6170,6.514109002870726
6171,4.570839872733724
6172,4.856613273798208
6173,5.534033626638031
6174,3.719421956080595
6175,5.979675359246619
6176,7.603306235799586
6177,6.895821117271086
6178,7.817595300980965
6179,9.124713400681127
6180,7.479283753855468
6181,3.2866745431565816
6182,4.9196320898569486
6183,2.062463203986774
6184,4.361562746466601
6185,3.9549863260774085
6186,7.4373244172750175
6187,4.343239458735997
6188,4.475209653722848
6189,9.602013307712319
6190,6.881546431215723
6191,6.48260363000631
6192,6.143955787501435
6193,6.731679235589796
6194,7.315986266486387
6195,2.3236746543067213
6196,4.556748314674902
6197,4.7452644670423485
6198,4.590538868303783
6199,7.464539844948858
6200,7.996036523067593
6201,5.331830020924654
6202,3.6611214234376783
6203,4.428679908865807
6204,3.4719032140503017
6205,7.794794290634448
6206,7.049888599729551
6207,3.9115392036709444
6208,7.76122675690304
6209,4.315391319519275
6210,5.137570735679747
6211,4.538636247893438
6212,6.254363968629894
6213,7.207629714365092
6214,5.808958969468082
6215,4.528148323230365
6216,7.739350654432188
6217,8.749986293709014
6218,4.480801360971806
6219,6.311458064791177
6220,3.7143416672805607
6221,5.60238439945992
6222,4.574222460797656
6223,5.995941756337192
6224,4.513422787601754
6225,6.332992338886016
6226,7.0191811353547475
6227,4.863646683890059
6228,7.021480417172883
6229,5.429801721132554
6230,7.55374436542068
6231,5.688291965432994
6232,5.944833997060394
6233,9.43415621982748
6234,8.242637922867685
6235,7.456682016960304
6236,5.062759859885147
6237,6.730530872105822
6238,8.875872592611964
6239,5.291817614562065
6240,6.9787808312503135
6241,5.146525737164724
6242,5.929299375122879
6243,4.312341925403194
6244,6.417349555018749
6245,5.149788683355039
6246,8.19446342621463
6247,5.93398250226482
6248,8.979384140025072
6249,5.024216068021891
6250,2.825222929341118
6251,10.0
6252,4.259583393664171
6253,6.69037705639883
6254,5.522369163331732
6255,6.673947138138786
6256,5.601901578623883
6257,6.181110745219968
6258,4.131000044194737
6259,3.1469217620442524
6260,3.206273801953145
6261,6.205922537003178
6262,8.51080181337938
6263,8.360706426156288
6264,5.93918257015139
6265,6.6605703066963216
6266,2.687041653220229
6267,4.884742228355098
6268,5.130133975791091
6269,6.5427484963902325
6270,5.759127546505331
6271,4.36345049997321
6272,1.7420031933310827
6273,7.580593674602685
6274,4.289586262042237
6275,4.381830490882425
6276,5.459924360826308
6277,4.837551859579793
6278,7.342038016302276
6279,7.088090211921573
6280,6.753199340650713
6281,2.5818994788323164
6282,4.579498169600237
6283,5.716747973155903
6284,7.020184476916173
6285,8.025107299723752
6286,4.293999082309481
6287,5.442184087564955
6288,8.935777237116913
6289,3.305661283513601
6290,6.120510487736375
6291,3.4672481808175624
6292,2.536893449604981
6293,6.240202477646889
6294,6.22844876042356
6295,5.907779352275533
6296,7.700255136669896
6297,6.577747559474975
6298,6.95030273122372
6299,4.242417853716349
6300,5.211512908310867
6301,4.75477951642758
6302,6.066079797955199
6303,4.105038705081096
6304,3.668256716888523
6305,6.945785644009673
6306,6.245917967817032
6307,6.882219704082809
6308,4.747428503860993
6309,5.433972199796467
6310,5.261287863560752
6311,8.479345654618529
6312,7.235300819951826
6313,2.993120056510305
6314,7.2137099994803915
6315,4.948846502645825
6316,7.899840698965399
6317,9.388728263173748
6318,3.5358745262777425
6319,4.002149224575605
6320,5.480194412231372
6321,5.052312713676823
6322,7.6859322392650675
6323,2.7180841316122457
6324,3.5804678561355106
6325,7.117757169764912
6326,6.336788379277979
6327,4.438416304969623
6328,4.975651087081507
6329,9.025907263657922
6330,5.054622881824432
6331,6.865946105530446
6332,6.3050485609939635
6333,7.985850832075235
6334,6.851998287015347
6335,5.941146558599337
6336,7.052766526953379
6337,3.370715419649387
6338,7.638943332649825
6339,2.915018916396553
6340,5.475923012294473
6341,4.517169448392659
6342,5.01279229473135
6343,7.015448093773802
6344,1.5018531636259502
6345,3.5213543817838597
6346,6.801117298054553
6347,6.3522702910047135
6348,5.312596154777905
6349,7.2242568182489775
6350,6.860736693587839
6351,7.595080579353143
6352,2.327647038914687
6353,7.001822588090798
6354,9.222651034392985
6355,7.44072412466255
6356,5.60152147806671
6357,4.296616036542
6358,6.209008326988002
6359,6.8120013199371945
6360,7.545674460522362
6361,6.184284193033141
6362,9.348508307272628
6363,7.060289619993524
6364,5.457925900630698
6365,6.451898832324774
6366,8.14725773164589
6367,6.5758537365125616
6368,7.575183876636445
6369,7.645939780289815
6370,4.307169733078841
6371,8.276974945509103
6372,3.9432872589772394
6373,5.683816687436935
6374,8.980108642221149
6375,8.92733703817407
6376,4.7032689115987
6377,4.4446989893301
6378,3.4913669003634373
6379,9.202656824137467
6380,4.295802949806442
6381,1.8913631067988952
6382,1.9110430746910814
6383,6.9235105431149915
6384,7.1964128449135165
6385,8.13033129075814
6386,7.773670176720044
6387,5.497734474306394
6388,6.268694025026547
6389,5.954595459716858
6390,8.693618740780789
6391,7.359528298804981
6392,4.466643692457566
6393,4.52053269997018
6394,3.05755773426581
6395,6.11852877914794
6396,4.3165173466559565
6397,4.80575760699522
6398,5.634422118414145
6399,4.988867579821074
6400,7.2464362652371115
6401,6.815089562515574
6402,7.6610122900296025
6403,8.159336816948848
6404,0.7608392429566966
6405,8.434724956523374
6406,7.259179817096033
6407,5.522845806884151
6408,7.61864309955539
6409,6.010013552367773
6410,5.701615079724911
6411,9.318346398306748
6412,4.224420450350584
6413,4.234135436306236
6414,2.3883486565379575
6415,4.392173201799649
6416,1.8042437341014268
6417,4.198940119969594
6418,6.16992096353349
6419,8.87088737691409
6420,6.179598868454354
6421,9.543985974550631
6422,7.767733000805816
6423,6.456573333118126
6424,9.665474613645912
6425,8.098018323912957
6426,4.90265735949786
6427,4.868069640136478
6428,6.183512814701357
6429,3.555461074581231
6430,6.515581270447869
6431,3.585219391203906
6432,8.019140521558793
6433,3.216112778275809
6434,7.474209059132911
6435,8.655199913549126
6436,4.516443625905383
6437,6.991504845762332
6438,7.608378780570465
6439,6.052143423721436
6440,5.83037125126305
6441,6.565029520516335
6442,2.243511532883941
6443,4.014004739109526
6444,7.5362140804853635
6445,7.878518996853864
6446,9.871109510629797
6447,5.911770793916516
6448,5.051674329534762
6449,5.0445983297549
6450,6.007456148985004
6451,9.10986520325146
6452,10.0
6453,3.979982517083605
6454,6.859641837447823
6455,7.53071097312603
6456,5.527680775754565
6457,8.183284845192766
6458,4.6789036754984075
6459,2.9735636533283754
6460,6.400884012356634
6461,8.460018827446776
6462,7.8406605845259385
6463,6.657468293236279
6464,8.030901537040563
6465,8.721830030990485
6466,5.001535395676283
6467,6.893220460714122
6468,4.3800567784407205
6469,7.421698895052884
6470,8.6150457890428
6471,7.248587605292933
6472,4.953573440366579
6473,4.141470630863946
6474,7.407074054612741
6475,5.355728339197733
6476,5.375236388634189
6477,8.186392770769412
6478,7.061310881853979
6479,8.060931147710633
6480,7.845448243919819
6481,6.3260981771291185
6482,5.20988763683645
6483,5.506730863440843
6484,6.248612560866239
6485,7.611471987136195
6486,5.178429620874141
6487,4.275975400523099
6488,10.0
6489,5.797785660508135
6490,2.5816825154813174
6491,4.817042764948343
6492,5.962031723705281
6493,3.1970545606840783
6494,4.755041720249746
6495,5.530772232942663
6496,7.614117656971562
6497,5.696427351271884
6498,5.996063620369321
6499,5.757390434992315
6500,8.958931262150136
6501,2.7088798173109616
6502,2.475105877999958
6503,7.6781061544414815
6504,9.332152394701144
6505,4.990625531111098
6506,3.8482335058561086
6507,6.564229431847458
6508,5.574298061587611
6509,6.462371078439379
6510,6.850031192894953
6511,7.313345309265976
6512,6.456993570295211
6513,6.636607581848467
6514,4.244797907464477
6515,4.0015547348191935
6516,9.228178902443844
6517,6.207171129774679
6518,5.183619067761854
6519,6.027611664847996
6520,7.606608375470225
6521,2.8708288966776614
6522,3.8462662846582525
6523,3.178499487244248
6524,8.24371069811676
6525,7.858652954662597
6526,8.672062292425869
6527,4.327611085894912
6528,6.423289943336303
6529,4.209442874405299
6530,6.307264893466053
6531,7.3688671247876165
6532,3.432306890148613
6533,8.616257543140168
6534,5.637639852613226
6535,5.716232794079331
6536,6.6374252031028576
6537,6.449735385576117
6538,5.320812755278404
6539,7.154859993505259
6540,6.3505132311331725
6541,6.942366471213381
6542,4.432156724636671
6543,7.238349210394324
6544,7.237200364770576
6545,5.843081150578139
6546,8.227555443968928
6547,3.8254504492818344
6548,6.361008611793848
6549,3.6467485497209644
6550,6.746177142829355
6551,3.305289716170754
6552,5.272480102870498
6553,6.7796889403666345
6554,5.5962106386166965
6555,2.173975898189351
6556,7.4775785293691825
6557,2.5043080598771947
6558,7.203934761430704
6559,6.845788598070824
6560,4.449541192120423
6561,6.183392849585042
6562,5.075976872087619
6563,5.887667672551604
6564,3.1682798322630648
6565,4.423131325056036
6566,9.155827182152493
6567,7.812736095955261
6568,7.344137864349423
6569,2.7853239093069577
6570,7.725471004075403
6571,7.615800764396895
6572,3.000956371840118
6573,4.046061380549075
6574,8.03372881397925
6575,5.94264703760966
6576,4.925008410550594
6577,6.7658239185786115
6578,7.764422944128798
6579,4.639096452239006
6580,3.9438169549549764
6581,3.9686392172218765
6582,8.696548233221687
6583,8.746518190872926
6584,8.354784822593219
6585,8.565634486666596
6586,7.7714644307949206
6587,6.583826003302152
6588,2.402557591595781
6589,5.8456163250580655
6590,5.832194081989538
6591,9.599286534918619
6592,7.7154211757193
6593,6.229705810670609
6594,6.311053173385803
6595,6.6909900478911
6596,6.2039817222307
6597,6.149187761769408
6598,7.30951745917598
6599,5.487334705603678
6600,8.390732012702173
6601,7.602606848919526
6602,3.9267102711992097
6603,7.677454927443509
6604,6.870942459917
6605,6.49295427007665
6606,7.533444376844606
6607,5.2495437684126465
6608,6.761521639001665
6609,2.457108841160759
6610,0.1634708448168856
6611,7.2226028082401665
6612,6.257543431973021
6613,3.9337123676511623
6614,3.1273158322538683
6615,6.478596922778545
6616,4.617572651089662
6617,3.387649206299916
6618,7.603459987278441
6619,2.9558343371954434
6620,2.016480961201389
6621,4.917907985739738
6622,7.873086058850295
6623,6.823488389224258
6624,3.9280970066224867
6625,6.995523343638985
6626,3.6061051325854088
6627,7.7455198867398
6628,4.346754398273916
6629,7.65671959730115
6630,5.958790244274226
6631,6.666513641450029
6632,5.687112619316023
6633,7.920106948872622
6634,7.427296419432286
6635,7.592510692513548
6636,5.287464956134702
6637,2.023896364834048
6638,4.274947768604576
6639,5.366225606932609
6640,5.819575415735437
6641,6.856296870431002
6642,6.420477605320837
6643,4.329143557505224
6644,5.840935987038211
6645,7.674992452477415
6646,9.109421698538995
6647,3.160241731902227
6648,3.6906306950946313
6649,5.84150245713387
6650,4.673350337650151
6651,5.2860442034638435
6652,8.854926691043808
6653,6.060927772639879
6654,9.145388191132852
6655,6.134052271803976
6656,7.265154182066301
6657,7.458066587840264
6658,7.988029073441208
6659,3.4517160094193997
6660,3.8115633823086665
6661,7.251667463709646
6662,9.359095507868368
6663,7.680100944805233
6664,6.650107180337822
6665,6.271949033319933
6666,8.608519729482515
6667,6.040744587925829
6668,6.408030667220046
6669,9.594628619167949
6670,6.264062844078502
6671,5.762185110522964
6672,5.264002689964987
6673,5.885650931064916
6674,7.323782686790686
6675,6.335337062920564
6676,7.223879333688597
6677,8.976553464450173
6678,7.161176982421612
6679,6.990801454291181
6680,6.889373143983736
6681,5.121102942329835
6682,6.873926883045046
6683,6.991754405630195
6684,5.700833069731453
6685,5.851723256044554
6686,6.442612772373758
6687,7.48383250163147
6688,6.252650279058879
6689,7.067587710806871
6690,6.634600223224159
6691,6.328258029323527
6692,9.146754628105835
6693,4.313622872036745
6694,7.439149608291153
6695,6.855881100501334
6696,4.601906826172767
6697,5.707967231548073
6698,5.900439498278822
6699,4.463259754046461
6700,4.209042943613537
6701,4.076132207390453
6702,8.884349192832538
6703,7.800997721461952
6704,6.693393943144942
6705,7.3826145584168845
6706,9.53697931108439
6707,3.990284420503798
6708,7.843384819299503
6709,3.47416779849156
6710,7.0410586869818745
6711,8.217849147596215
6712,7.6852790288214
6713,5.454882665202905
6714,5.744063283423687
6715,4.639955067238514
6716,6.997104494357833
6717,5.4510590337222435
6718,3.4052660854949828
6719,6.668103477654143
6720,6.079427910944579
6721,3.848838025322449
6722,4.5066717422221405
6723,8.541255208924042
6724,8.147030345309275
6725,6.0918384011145275
6726,1.8981647475808288
6727,7.576497342279307
6728,3.1572804758602118
6729,5.421376060032594
6730,9.223495336859887
6731,3.7041472180919266
6732,4.377561212831052
6733,7.188025686374534
6734,7.855364498866595
6735,3.19072786465612
6736,7.44051724193749
6737,4.826945854250475
6738,5.960709666626544
6739,6.028726140015749
6740,6.980455099405605
6741,7.190078420180562
6742,8.848383091008582
6743,5.538840976556882
6744,8.871231152180181
6745,1.2208594254246727
6746,6.018509469445432
6747,7.902816723314451
6748,4.044352531616151
6749,8.886898070401006
6750,5.050290574788333
6751,5.516843713134123
6752,8.936190938436159
6753,7.008774682911111
6754,7.194823811425424
6755,7.431329885429974
6756,5.36462579616728
6757,5.157009391475052
6758,5.294378377192009
6759,2.30711086941508
6760,7.202522263268495
6761,5.22906917181453
6762,5.669369596608409
6763,7.1072653365518335
6764,3.9246905562472802
6765,4.011717925255852
6766,2.7819260288520695
6767,7.980091064631629
6768,6.757703516234351
6769,5.359381909269922
6770,5.767093101102727
6771,4.345452346623206
6772,7.988574322940554
6773,1.4798766342561547
6774,4.723795414925744
6775,6.730432341907358
6776,2.9430492286849885
6777,6.655463857434844
6778,7.217962756993675
6779,5.6846829224409845
6780,6.556923430918082
6781,5.573912724641555
6782,7.019596729640972
6783,6.0179810877269
6784,4.42230156021874
6785,6.287242357521089
6786,6.07273497875746
6787,6.687847415500385
6788,6.0228584142961505
6789,2.8725096550353886
6790,5.154551235826936
6791,4.0569257900318
6792,6.778043547159812
6793,6.341272445606167
6794,6.55044375609586
6795,4.566493350245733
6796,8.205981922317815
6797,5.774777712795235
6798,4.309631118548092
6799,9.074705874835988
6800,8.15089517922682
6801,6.12754511197294
6802,6.158250700151985
6803,8.282762246664829
6804,5.663623863487495
6805,5.011415107194565
6806,2.867155016321442
6807,3.3347944463571397
6808,5.187390748701231
6809,7.070040086121102
6810,4.705795672206295
6811,4.565676380224177
6812,6.113537589350772
6813,8.995853674360973
6814,6.354193516293294
6815,3.0089378238959648
6816,9.399688103861937
6817,3.9506074866425474
6818,7.058569705971145
6819,6.188601220682966
6820,6.339230579531719
6821,3.1409094560878934
6822,1.4654781097036982
6823,6.969111597408089
6824,3.6280956765633765
6825,6.24151533584298
6826,7.067853354014435
6827,9.540673446559776
6828,5.471452947179399
6829,4.357425908639173
6830,6.226981117300603
6831,8.38351151822838
6832,2.5741670224802045
6833,7.601570665832554
6834,4.537443684687519
6835,6.967699380024296
6836,7.176175381522707
6837,10.0
6838,4.240092788111905
6839,7.789310060407566
6840,4.873524127418758
6841,5.89814480723419
6842,7.549087478004958
6843,2.0366387037381237
6844,5.482038123184449
6845,7.908113940517584
6846,6.391010307120369
6847,5.545166203137726
6848,6.81317311272513
6849,4.180711793360006
6850,5.197988124178037
6851,3.421601856385558
6852,5.526504757039855
6853,5.290277893658439
6854,8.79293015326002
6855,5.422348326043279
6856,2.5891957387290185
6857,8.747228968109427
6858,7.072108211694793
6859,7.864809745059599
6860,4.302931602672263
6861,4.410504325527301
6862,7.855855834961517
6863,4.76892960807735
6864,3.987121965967095
6865,6.653829243020354
6866,3.234525316239518
6867,8.85762094771991
6868,4.690507879696719
6869,7.527462175545967
6870,4.978278689554639
6871,6.349924559459189
6872,5.206748366678427
6873,3.5289967607999952
6874,8.703243363730342
6875,4.316618895900065
6876,6.51927058199219
6877,6.281287892917801
6878,4.582277230971995
6879,4.545022883431125
6880,7.4424174431387975
6881,5.234825663515634
6882,5.765925145942722
6883,5.7716161127240575
6884,8.346061351154255
6885,8.034506634086942
6886,4.007627285389036
6887,5.298372190909838
6888,4.969774125859075
6889,8.05676547364415
6890,3.7737931107378584
6891,6.580638809615056
6892,7.692353360976853
6893,5.530336625731438
6894,8.663186361688904
6895,7.684622131924058
6896,5.638407252540655
6897,4.340095861441859
6898,8.519561368671539
6899,6.93156695363953
6900,4.201992631953983
6901,9.670716228163872
6902,8.234857127744348
6903,6.948563702703461
6904,5.21380853688164
6905,5.991882518444214
6906,5.91672305763505
6907,4.206508602483082
6908,7.650640098220274
6909,7.959381836856272
6910,4.149120208371032
6911,4.849477119322282
6912,2.6413716885450302
6913,7.171739358678517
6914,6.5613223427727645
6915,6.88569965782066
6916,5.632539248475327
6917,5.62950266856398
6918,7.249685223883684
6919,5.8362422238879414
6920,1.9158564361736186
6921,5.087015717473298
6922,8.46872500803353
6923,7.3211950902225595
6924,7.434626979622315
6925,6.256045337363307
6926,2.7447046732161366
6927,6.311619210885441
6928,7.7006279149424675
6929,7.2360271609884625
6930,9.266571704951085
6931,5.321133058067522
6932,7.405929278450179
6933,6.203034729172153
6934,6.321873311208087
6935,9.451757445465773
6936,3.3505328828740275
6937,8.640010313486398
6938,7.7762017799685275
6939,8.32467089725704
6940,2.7856477611666186
6941,6.565790193672907
6942,3.933795196145632
6943,4.025889233817768
6944,5.003401950770161
6945,4.666089159489053
6946,6.969197051685915
6947,4.747378972389723
6948,4.60920739231328
6949,3.0162598537362486
6950,4.675749456940319
6951,4.48997838811265
6952,6.19130912696027
6953,2.6780787322584936
6954,3.590182509429577
6955,7.206825529320126
6956,6.493473710585246
6957,7.4046573186847695
6958,5.921746125361379
6959,4.070468836015484
6960,4.3167385991505824
6961,5.547322078741647
6962,7.948909171371074
6963,7.463094596686751
6964,4.005841155737659
6965,10.0
6966,4.860567625596731
6967,5.573281475307729
6968,2.7805216539595783
6969,5.822904334656229
6970,7.177482006124745
6971,7.193698427830573
6972,4.442442293238779
6973,3.385325716399998
6974,4.4271481888547175
6975,6.422363738468739
6976,5.702708963164966
6977,6.13073237685426
6978,7.57306471938942
6979,7.952527068352074
6980,4.267591700598868
6981,3.4133866331457097
6982,4.690973131000322
6983,5.394239599582686
6984,6.349803691878771
6985,7.882458288114297
6986,3.653185421143446
6987,3.222029637302839
6988,8.93631288633984
6989,5.413671271820869
6990,3.8351883910419113
6991,3.071956597996019
6992,6.858171038048973
6993,4.479122286706479
6994,5.8276163134643415
6995,5.138119230968762
6996,3.2314994692034706
6997,3.8337770079238824
6998,6.705498490527449
6999,7.96511034143872
7000,4.35108073093006
7001,8.145802776442036
7002,6.838142592141002
7003,4.209595959942879
7004,7.842298487849922
7005,6.1718124796336244
7006,7.293653309366432
7007,6.4123209426550085
7008,8.242820623846049
7009,6.870998452500382
7010,6.3820514881421095
7011,2.643437340478042
7012,7.134136821692385
7013,9.589021191864294
7014,3.390396694551292
7015,4.466505593676236
7016,6.379096025303403
7017,2.7598599709845284
7018,7.084196433134601
7019,5.777815046677404
7020,9.158903372674668
7021,4.116081118866815
7022,3.16116946325967
7023,6.141830895207347
7024,4.923712450410857
7025,3.1281918380919205
7026,5.388891513113528
7027,8.065377547604397
7028,4.281065584620813
7029,7.76480334592307
7030,7.32119916207767
7031,8.060402589035979
7032,4.211640714482141
7033,6.636424583876706
7034,6.940082058410448
7035,6.1074651221487155
7036,7.387507676342587
7037,7.55173618596505
7038,8.33338393131184
7039,5.847671972635817
7040,8.828284662971445
7041,8.865997083374424
7042,4.816590360053662
7043,2.928361939683634
7044,6.012435991372597
7045,4.832456750797644
7046,9.234411305822906
7047,3.4570572798981503
7048,5.11000562076797
7049,8.210529169654388
7050,8.827035619056662
7051,5.64273908236521
7052,7.171024653500186
7053,4.664181390342414
7054,4.953347905378696
7055,6.216940347886949
7056,4.321375734412733
7057,5.047740682906303
7058,7.105972570844809
7059,7.8849112577978815
7060,5.640983716722092
7061,3.5185667786990256
7062,5.909825134342636
7063,7.7447750813005705
7064,4.2135556742799825
7065,7.213937716160908
7066,1.1665955481086279
7067,4.270485927471761
7068,7.261531199979802
7069,3.864816442393105
7070,2.778592046396973
7071,8.359702663516199
7072,7.522511230561387
7073,4.66044955566956
7074,5.123852231648856
7075,8.487480983187693
7076,9.387638578450787
7077,8.152006607804639
7078,6.316702844209638
7079,8.400244463211783
7080,5.213206531916539
7081,6.32560941634415
7082,7.698545949888997
7083,4.271243551786461
7084,7.062125468254897
7085,3.2391076004283574
7086,7.806118113797464
7087,6.353648522233747
7088,4.315569737934824
7089,6.793268472422655
7090,9.566233597204278
7091,6.16721819585702
7092,4.417634215058496
7093,5.081047655293909
7094,8.935779982300092
7095,4.300166351941865
7096,4.586870799168526
7097,8.249680176951513
7098,5.112916984015035
7099,7.750593283272426
7100,6.944337447796949
7101,5.9999742438278965
7102,8.212811639486048
7103,7.096714628667858
7104,7.987673459418124
7105,6.166400520550983
7106,3.230745186515712
7107,4.547596620135723
7108,7.281540737799718
7109,6.373308205591092
7110,4.09976503919403
7111,5.449730905016997
7112,4.1279051927132855
7113,6.703226737056735
7114,5.971957515294756
7115,8.392957216065673
7116,8.756951196638022
7117,5.166713078308433
7118,6.311847879970516
7119,7.516110406251437
7120,4.995706258022612
7121,5.342318241876084
7122,4.826550123994659
7123,4.761437955982309
7124,3.6932839375811124
7125,5.245880638929066
7126,7.730242639790169
7127,5.55227476571064
7128,7.066921356056995
7129,6.650201351645178
7130,7.445867373254915
7131,7.247911369470659
7132,6.96614069381854
7133,7.498417058695798
7134,7.48158662228334
7135,6.411258197159491
7136,4.309089413697191
7137,6.114207035463757
7138,4.916875414767207
7139,4.416929705177262
7140,3.9011555905506077
7141,9.71961766730368
7142,5.559275925708279
7143,5.107918572371169
7144,3.042706860046149
7145,5.282394069640146
7146,5.083498554623326
7147,7.915952419235625
7148,5.540643072502263
7149,7.146285677055227
7150,5.87291888878652
7151,7.933578326812389
7152,6.863392068079639
7153,1.8520818732594617
7154,9.002019920276048
7155,6.7379596996727695
7156,1.8522031190118096
7157,4.598690827960429
7158,4.1709934724449
7159,5.748780734211529
7160,5.429799750224317
7161,6.878316047360799
7162,6.158024918222525
7163,6.58628598242434
7164,8.476513460161293
7165,8.620020921891648
7166,3.3555294611052555
7167,6.366700302501634
7168,4.269277855204605
7169,5.500972111002348
7170,6.5269617090413945
7171,4.560917475032129
7172,6.179543309814594
7173,7.749383421138063
7174,9.065212979770115
7175,4.3960601730132565
7176,7.3752761653495105
7177,3.833573131375405
7178,8.389243281950362
7179,6.437378206831289
7180,4.807686581602493
7181,6.477994106988779
7182,5.980416139698768
7183,7.182126570626208
7184,2.173084856794734
7185,6.488730796663791
7186,7.251820234523272
7187,5.163996977185803
7188,3.0680164761562265
7189,5.9487363640921345
7190,5.124924574754592
7191,3.0524483512314218
7192,8.54686266849829
7193,8.348159291026302
7194,3.4947881001805547
7195,7.590262664151819
7196,5.834036385268194
7197,7.145461281431891
7198,6.318649984964602
7199,7.935328570214081
7200,7.097796809979992
7201,5.689697854335542
7202,6.80193448220003
7203,6.042943651702211
7204,6.1309964463261775
7205,3.118529579658081
7206,6.778519105892674
7207,6.2426907748367455
7208,6.318041338253996
7209,5.92543055904563
7210,6.883064793432649
7211,5.739537025904895
7212,5.34742135499802
7213,5.75860512468957
7214,5.791553615002822
7215,5.134951264377056
7216,4.061905608022474
7217,7.140973660636163
7218,5.61810708868571
7219,7.869534564262031
7220,4.160252707563831
7221,7.420762274647731
7222,4.845047277501543
7223,6.818985308199056
7224,6.048200722212775
7225,7.164869539140168
7226,6.836665033173063
7227,6.126917623835632
7228,3.6861537410456897
7229,8.616494258672702
7230,6.253165266743371
7231,3.2177405987289784
7232,7.631821063277936
7233,8.325944027002516
7234,2.570431463378834
7235,5.414937989749566
7236,7.93353991985289
7237,5.883351390841186
7238,8.259935104435256
7239,5.930882329059779
7240,3.420778921858007
7241,4.1617286372202535
7242,8.281068854008673
7243,8.811578393041346
7244,3.2559730761553096
7245,3.8947640736431524
7246,3.387009520571146
7247,3.97081695810936
7248,3.550303351594155
7249,5.755387243557018
7250,7.618264756713131
7251,5.9788119316014665
7252,5.034748587830893
7253,7.609415801526829
7254,7.927062632851483
7255,3.8768652028141344
7256,7.166567660168468
7257,4.4805719588971185
7258,3.099134758165951
7259,5.879563481145446
7260,9.68618470217126
7261,5.612536794831728
7262,5.4737070861164
7263,4.707852012318634
7264,3.125660582586816
7265,7.890570047265733
7266,4.546326344979208
7267,2.820995398498299
7268,6.27823435736302
7269,5.029803739751921
7270,6.942625706560801
7271,3.967922002005087
7272,7.133563529928014
7273,6.592179469277628
7274,5.268505543647234
7275,6.5101530341751745
7276,6.075398149589807
7277,5.336162267979789
7278,6.028795856633737
7279,6.263471353242211
7280,6.529370078557317
7281,8.8374425106946
7282,5.968462808534676
7283,5.542426235458034
7284,8.668548757689791
7285,7.244940340745382
7286,2.7807851488964306
7287,4.760010870879295
7288,5.910043596541733
7289,4.858898100592956
7290,6.596452798524044
7291,3.8235485460990724
7292,5.4295570124381785
7293,4.723269973131394
7294,5.145969130506522
7295,9.612931334728916
7296,8.050546818522243
7297,6.745932054191325
7298,5.6855196080957455
7299,7.3253786491739366
7300,4.252514979249577
7301,6.92220270429314
7302,5.216596363908586
7303,5.16029343939408
7304,8.508342686738184
7305,5.49162606935362
7306,5.1680805971763135
7307,6.944566524587417
7308,5.008305740808556
7309,7.951892119132692
7310,1.6136097821692266
7311,7.044495136095369
7312,7.556745847354529
7313,6.609282855158487
7314,5.7285572809639715
7315,5.859983219759227
7316,4.3300437959174864
7317,7.3577227219254695
7318,2.6634986279252013
7319,7.213642515862097
7320,3.950834821068348
7321,4.4637984943400895
7322,5.35736698523929
7323,6.44227819651125
7324,4.78737474286376
7325,6.548400381021775
7326,5.927120511296361
7327,3.9757533423582903
7328,7.1122934742176085
7329,3.459007786683909
7330,7.671819323992967
7331,4.117596433235246
7332,7.318322345295292
7333,7.8923903525956485
7334,5.737805853321722
7335,5.9449701467116665
7336,6.061966798470479
7337,4.012773418002852
7338,4.578070395062015
7339,5.218121560376574
7340,5.734107487030641
7341,4.241993204312811
7342,4.987398131145941
7343,7.919433765942257
7344,5.792566369465977
7345,3.1801855042765936
7346,7.683931152147548
7347,8.225168296293768
7348,7.399716522782459
7349,6.381644494713069
7350,4.481144009680218
7351,5.451967927928335
7352,6.277465598556008
7353,5.2424918738041635
7354,6.933950830517453
7355,7.634476219166783
7356,5.515938949716266
7357,8.812521475043043
7358,6.667529264451918
7359,5.92710987227381
7360,7.700692202422362
7361,9.127111506511024
7362,7.2032503087678315
7363,3.6541308791688105
7364,6.464116035327793
7365,6.250570936211995
7366,6.282920829980698
7367,6.049598311922978
7368,3.8909610331294235
7369,8.305840827636908
7370,6.1711319252965975
7371,8.704424015255576
7372,6.6177507035258945
7373,8.491534901834378
7374,6.592510775580845
7375,3.8380143451614623
7376,5.3027379196828
7377,5.776632620123887
7378,3.0757723513244706
7379,9.446095943291414
7380,6.918880028119775
7381,6.302543518046082
7382,8.119752313438301
7383,3.434872422197631
7384,8.12785815320419
7385,4.786606276158075
7386,5.992604074660601
7387,6.420539155668145
7388,5.669910352921305
7389,4.900740584099644
7390,6.228315360688164
7391,7.062453282342526
7392,6.315032001912292
7393,9.539780118211707
7394,7.679955516585538
7395,3.3844111126371184
7396,6.002836788901748
7397,7.637391867110221
7398,2.0855929889555815
7399,4.34318698159852
7400,8.088408645992217
7401,4.234143948844366
7402,3.3860322673506187
7403,9.371419813464888
7404,6.25974966444878
7405,5.04176633222511
7406,7.4389235491194015
7407,7.604371406437004
7408,7.565844689888589
7409,8.314388948547043
7410,7.451415610541948
7411,7.994775868619277
7412,3.24044345055194
7413,4.925829388158277
7414,4.638380518066313
7415,6.404992898550157
7416,5.401673008956709
7417,7.088424615627914
7418,3.981767685783222
7419,6.066590771289832
7420,5.123503803337369
7421,3.416559632488087
7422,5.867338836888974
7423,8.43161438570754
7424,9.44687096319877
7425,3.168818442652995
7426,5.4311324049691905
7427,5.794398815970482
7428,3.9568664132084024
7429,3.7042073624478586
7430,2.0568537717612276
7431,6.002586055003471
7432,6.302494417362976
7433,5.201874808005109
7434,4.360401443519914
7435,4.918910250824593
7436,7.613936229549358
7437,9.029077128787184
7438,4.96725015013477
7439,6.146667242323106
7440,8.104409589266766
7441,6.50759163810329
7442,4.090448541812739
7443,8.520217915697403
7444,6.042765822299382
7445,7.812499563968167
7446,4.236281806563201
7447,8.473618413366243
7448,5.065666793926369
7449,5.27342644955853
7450,8.684124888744634
7451,6.140082347259156
7452,6.138628399089499
7453,4.393499446125158
7454,6.626967040410731
7455,3.987104743544971
7456,6.764805256814423
7457,7.042568636415825
7458,5.720153479312738
7459,3.81005403882468
7460,7.16634330117556
7461,8.205415577327889
7462,3.2117035245486347
7463,7.831223726879401
7464,6.2205666786515605
7465,8.582702658843239
7466,6.636482851071113
7467,9.054287506470718
7468,6.640915143484314
7469,3.6560738850373706
7470,6.234478054095458
7471,6.080037098774222
7472,3.4281626755057717
7473,6.211484388196892
7474,5.016570062438349
7475,3.12141066733795
7476,4.976098962641101
7477,2.0472166401332683
7478,6.432928944763283
7479,4.939264005545837
7480,8.968800737480837
7481,6.836556062167326
7482,4.6665050184083725
7483,7.704609123410723
7484,8.180905018879747
7485,5.231737447294449
7486,8.895317956299504
7487,4.7461318360375415
7488,5.383838411057937
7489,5.485902569634346
7490,5.458913048934196
7491,4.379842208428456
7492,4.569119892207999
7493,8.242984776762277
7494,6.198464048803098
7495,6.770731139522052
7496,6.948654840635513
7497,6.694972894042907
7498,6.340755527484787
7499,9.445996057539588
7500,5.631279891934007
7501,6.343028105654735
7502,8.156710898784347
7503,4.536487133317454
7504,7.385651624024487
7505,5.991041447868067
7506,6.322604317545927
7507,8.607506115263694
7508,5.387304507077997
7509,0.8687861251332818
7510,8.868049500404386
7511,5.362609051492869
7512,5.590840170775599
7513,5.488197069751389
7514,8.101838688644827
7515,4.935770585454113
7516,7.460939194517568
7517,2.611641448332434
7518,5.832459617111191
7519,2.8987365639213656
7520,4.46092595324086
7521,9.162437482739715
7522,5.711309116335682
7523,3.457939403830016
7524,8.031064337171854
7525,6.32502998678509
7526,7.583672519916394
7527,5.980261925571616
7528,3.371153127267572
7529,7.563636295411192
7530,5.643278438481642
7531,5.6327383604145025
7532,9.492204105440653
7533,6.657642164417911
7534,6.81932905220404
7535,5.410967724444289
7536,7.666179558408933
7537,7.7718190804468374
7538,6.315036422363962
7539,5.88393921981214
7540,6.041281747870307
7541,3.983336306556797
7542,7.655715171842024
7543,5.163599591308401
7544,2.5938526383241918
7545,4.93902129883966
7546,5.530089552929818
7547,4.354078030329552
7548,7.206154450237321
7549,7.998439071368838
7550,4.772951549207866
7551,7.9422771634656995
7552,6.260157338791954
7553,6.83699662127443
7554,9.15645394831666
7555,6.643792053452605
7556,6.399247971221721
7557,7.953132573306727
7558,4.136456469959279
7559,2.7475741885341947
7560,2.3606731398051877
7561,6.133165100393077
7562,4.658524641289381
7563,7.487366367390603
7564,6.484748513913864
7565,8.772769660493273
7566,5.301822833162907
7567,7.0024985485075
7568,7.47972067689742
7569,6.009299813060521
7570,3.0416476705527513
7571,6.6001840270408145
7572,7.285846793514013
7573,9.912734205547604
7574,5.619774723829099
7575,7.619034296375208
7576,4.9296386790093525
7577,6.699896003488618
7578,6.2230633054424365
7579,7.738993429587559
7580,3.9185393820560908
7581,6.91013664050367
7582,1.7782186426858142
7583,5.827871231319998
7584,4.155558837648587
7585,6.198225196394688
7586,3.8587286390169577
7587,6.396335728551985
7588,4.2298688845142935
7589,8.199628003147996
7590,2.246335037914267
7591,3.205185564645018
7592,5.857448607708739
7593,6.730507934910271
7594,3.710419270646735
7595,6.74078708999814
7596,3.0617968242129026
7597,6.47020138336812
7598,6.033061805616465
7599,4.0798872765243495
7600,7.486434674521515
7601,8.856216657174043
7602,1.0010999522613395
7603,3.951275782076494
7604,3.6332048812613893
7605,5.467872303216451
7606,6.31923853137031
7607,8.196103348186874
7608,8.91442063580065
7609,7.7160858844081766
7610,4.804573055283628
7611,5.231157562533991
7612,6.784289037501365
7613,7.726359307337743
7614,7.090211574908588
7615,7.984955655616702
7616,6.470956373560589
7617,7.1404513832819845
7618,5.672919178683308
7619,3.4849004192678334
7620,3.779820361694936
7621,7.987697156438231
7622,3.9166369639687115
7623,7.380468660072406
7624,6.781386144674217
7625,5.461327139488283
7626,1.583168698111832
7627,5.308519907061539
7628,5.629273578760593
7629,3.871259636164184
7630,3.0976630933680274
7631,6.23518657666728
7632,8.430252676659416
7633,6.982036642330183
7634,1.5698295116862382
7635,4.990761088150801
7636,7.6572157511721795
7637,2.439974856600097
7638,6.658260105423332
7639,7.555996123183299
7640,8.211681373842652
7641,6.619077779998039
7642,8.83319214593335
7643,5.691588401640784
7644,5.780483776534111
7645,6.800038514686212
7646,5.3473028632765285
7647,4.730513432304146
7648,3.2680352409346956
7649,4.0174420144384
7650,6.6149261838795965
7651,5.489266349940241
7652,5.8635947294390505
7653,3.144640142111768
7654,6.0045196458358845
7655,7.532746600790539
7656,9.536446177106452
7657,7.134238800139811
7658,4.8270655192328205
7659,1.1118183510450441
7660,4.01390326406431
7661,4.23074953085658
7662,6.84001855999708
7663,2.6778724900984177
7664,7.861788823146513
7665,6.319600345753026
7666,6.115785651929668
7667,5.221007712446795
7668,4.811076671701817
7669,6.702041037367096
7670,8.808071683665311
7671,5.8088878024311335
7672,5.882764980259542
7673,4.8254394657603275
7674,5.140126900528623
7675,9.122708227763521
7676,3.356755452226145
7677,5.0588073565665965
7678,8.25935745790748
7679,8.009797254873705
7680,7.617933949428883
7681,5.673757872713342
7682,4.062267853152836
7683,5.569753171658435
7684,5.012571551851893
7685,9.82666213063165
7686,6.507801118385039
7687,8.610724660637889
7688,4.032813009902989
7689,2.9257250353033797
7690,6.534343179432069
7691,3.6222024914581947
7692,8.34022925289133
7693,8.213222788559907
7694,5.1530159898491315
7695,4.89012628319959
7696,8.710478628778361
7697,3.4597253086193405
7698,5.192712369163058
7699,6.701241617687302
7700,7.488170332619159
7701,5.032153736410097
7702,3.63670894758247
7703,5.652233269584096
7704,5.029497622660313
7705,4.22762257569353
7706,2.1238791021319035
7707,7.227685574894251
7708,6.150942698028176
7709,7.587582510297269
7710,7.100906686281574
7711,7.787270556420164
7712,8.182981818284592
7713,5.121523407785265
7714,9.56357233845494
7715,5.593842334988227
7716,6.6751100345038825
7717,7.03350346152502
7718,7.996779201314608
7719,6.384406736865681
7720,8.62487793842737
7721,3.5561574629300563
7722,3.765139942870044
7723,3.8660350063518942
7724,6.389446299217646
7725,5.579529588858501
7726,5.190120022264452
7727,7.034805614817307
7728,5.567830878198827
7729,2.9734589305963595
7730,6.008791066282444
7731,3.5770843208011796
7732,7.583089715575485
7733,5.617124322133085
7734,5.869109308162601
7735,8.245092131142636
7736,6.911681877163758
7737,5.493562891185119
7738,6.2075415623519525
7739,4.233599004127288
7740,6.529741264588964
7741,5.702464894701649
7742,4.717379964249268
7743,5.1805032403233895
7744,3.335990332508336
7745,9.370142416782866
7746,6.179559627889274
7747,5.973351080366884
7748,6.067364054598757
7749,6.4815959667344565
7750,3.923607335561746
7751,6.710846610852634
7752,8.017643648178428
7753,5.765487655319683
7754,4.915409648779539
7755,8.434713102378828
7756,8.324948406666891
7757,7.428401773060886
7758,6.485531443019973
7759,9.114388930106138
7760,6.982471910388273
7761,7.483963737985194
7762,5.399317603130623
7763,6.0959886484308825
7764,7.104570128710602
7765,4.76726223140288
7766,6.893718169241627
7767,4.6241923880965246
7768,4.846735894353769
7769,3.5864491033214776
7770,9.012640412374068
7771,2.8326350944145426
7772,5.306390662335101
7773,4.87843308600255
7774,5.278155588125577
7775,7.6479991956946884
7776,6.2357755744920125
7777,6.954547347176964
7778,8.071188311469587
7779,4.745206901195407
7780,6.458354554365885
7781,5.49253981936393
7782,2.4841412500719753
7783,6.204275142134467
7784,8.034495744128684
7785,2.366055392764724
7786,2.1020456515755064
7787,3.03084560796835
7788,8.537201589977872
7789,1.248791615180003
7790,6.467987163377563
7791,4.0370619398532055
7792,7.506762781777939
7793,7.953967801571191
7794,6.258664213031674
7795,6.901800086512955
7796,6.912549340797028
7797,6.075660852871696
7798,7.886703292183716
7799,4.733676170300252
7800,3.9332772070740236
7801,3.0147597471126164
7802,3.0020610996703967
7803,4.724892204174107
7804,5.179327005949585
7805,7.652816607935424
7806,7.529564247532113
7807,4.5931059821269855
7808,6.29381884811053
7809,7.6480310132621465
7810,5.655046459042614
7811,4.614722043828262
7812,4.8832363705775865
7813,6.671712425975577
7814,3.9952388572261093
7815,4.203127805580227
7816,6.844116466530572
7817,3.412828717345503
7818,3.2916945295004396
7819,6.5459732159827695
7820,5.491617144826323
7821,6.697976600051181
7822,6.523630208465093
7823,7.513377141955045
7824,6.322951546891183
7825,6.2865751068041025
7826,5.835943404132749
7827,4.191415473532022
7828,7.779584314097628
7829,7.648906314915954
7830,6.980120626274769
7831,7.312914949747761
7832,3.0113079611109415
7833,7.616009761700182
7834,8.005591660049081
7835,4.078152189289204
7836,7.3215331117120055
7837,5.6563602226595755
7838,5.227032056265702
7839,4.945742353463763
7840,8.665976835288776
7841,8.25238674827754
7842,7.809194921586971
7843,7.145528677228223
7844,5.111706322221633
7845,5.751136500082048
7846,5.659984056021271
7847,8.934339468770599
7848,4.345155545116813
7849,2.5039542018046017
7850,4.216100550787389
7851,4.36905011844585
7852,7.76149684195585
7853,5.785451747695195
7854,4.3879668308217905
7855,8.177226637581992
7856,6.577799431981945
7857,9.848893460249354
7858,7.127755847893747
7859,9.793085515882314
7860,6.828109748514487
7861,9.631220661926779
7862,5.093842244435754
7863,5.105621705805168
7864,7.52245389784689
7865,9.119980783811044
7866,6.392708798154108
7867,9.694980050412365
7868,5.121329079885237
7869,7.422391386134041
7870,8.652191505382527
7871,1.9427920936747802
7872,6.458525286845359
7873,8.10623471283204
7874,6.965620077730668
7875,4.045027321916251
7876,4.09074908094626
7877,5.756161099663463
7878,4.499878656143089
7879,2.205708958703846
7880,4.206948309090684
7881,5.731283314361626
7882,7.658051525294757
7883,4.599696897859792
7884,3.908133978245231
7885,6.799018316183998
7886,4.64047883038462
7887,6.392026278890778
7888,7.27350961913029
7889,8.44396994358937
7890,3.9323766202850523
7891,5.965570462406399
7892,6.306266824762472
7893,2.8574792950779058
7894,7.37769940669481
7895,3.727666533700032
7896,3.9149055298168274
7897,8.47061612414702
7898,3.470649541036543
7899,7.634946971156683
7900,4.046069699734908
7901,7.155396278963482
7902,4.249518019847446
7903,4.4194740958869705
7904,6.245461710660574
7905,5.215938127398369
7906,8.150713095057144
7907,3.8309203787642505
7908,7.640097688492444
7909,7.866842114890876
7910,7.206850440613349
7911,6.99220866911705
7912,6.1232896123073335
7913,4.447570297023979
7914,3.736782036672568
7915,5.243249509776812
7916,6.65650261151881
7917,6.7575831488898395
7918,4.258215976981334
7919,7.213887677545248
7920,9.403318860529978
7921,6.2911366666111785
7922,5.041272749471599
7923,6.361550085432869
7924,8.446354572493583
7925,4.1484164762207065
7926,6.4002684449410605
7927,5.498036406173098
7928,4.645398638877861
7929,8.709315224939584
7930,8.07225662010541
7931,7.555501872479488
7932,5.510591698093037
7933,5.522125747276693
7934,7.913090907914008
7935,8.434133986705792
7936,5.708965892228836
7937,3.517740081691209
7938,5.8740818897744
7939,8.13662493655483
7940,3.6625770445062953
7941,3.984190392975136
7942,4.018919014276082
7943,6.292478886356392
7944,6.212033828983583
7945,5.560978431756785
7946,4.737009519500303
7947,5.13407948057454
7948,7.378078708029669
7949,5.7545318149102815
7950,7.069311818337823
7951,6.865154310650791
7952,7.481612698078072
7953,5.777827780009484
7954,3.7456345652079754
7955,5.077197234597207
7956,6.692712968689468
7957,2.918764514737524
7958,3.1364620575674014
7959,5.358342023934947
7960,6.316328897003473
7961,5.6164768777248995
7962,7.010516349013888
7963,7.004288211431906
7964,6.0013871801625704
7965,6.134825269069403
7966,7.256727451349693
7967,4.83525220787101
7968,6.376514403281208
7969,7.453733282291299
7970,7.429498715463229
7971,6.304887112715862
7972,5.645806685945644
7973,7.593735774173517
7974,5.89329199986226
7975,7.040621393641699
7976,6.287115127316576
7977,7.902516214239956
7978,0.8028993197430502
7979,5.512732469234875
7980,7.799437579818843
7981,6.425862804462037
7982,3.2350280225770023
7983,5.586538625020548
7984,5.881795440446461
7985,5.402874465184695
7986,6.978487834572212
7987,4.176117527166635
7988,9.919551327705616
7989,7.2471372415656425
7990,7.810569085462717
7991,0.48261270087086466
7992,3.0014610458268125
7993,6.508398077268847
7994,4.3141307277524685
7995,2.808994745758235
7996,6.041962423238706
7997,8.120018536130232
7998,2.302206216821088
7999,6.721010928870683
8000,5.700572306743176
8001,6.935226441378473
8002,3.3710665897325596
8003,8.25335831755705
8004,4.609733380181234
8005,7.754530931820768
8006,6.31425077451982
8007,8.687319863840441
8008,5.434909848742058
8009,5.679957595546863
8010,6.445519178539692
8011,4.738188819358086
8012,6.590153444122526
8013,2.0966674825921165
8014,5.13611882168902
8015,5.36564809154229
8016,6.548737569483958
8017,4.077651631140411
8018,4.330648758259686
8019,6.024403295556695
8020,4.203992055595711
8021,2.9598236945097915
8022,5.551864751001258
8023,2.5088226260212907
8024,5.78322273715319
8025,6.47321458108946
8026,8.888838655312101
8027,8.952956398627869
8028,5.3880828460499135
8029,6.5697187400340695
8030,3.29920041752644
8031,4.719091807362782
8032,4.635385753247917
8033,8.682931268556809
8034,4.3873589641619795
8035,5.143753348694211
8036,2.2425636610781523
8037,5.23055132856563
8038,7.03171352545336
8039,7.7011644610998475
8040,6.249186158524666
8041,6.370668625892698
8042,8.04469257184217
8043,3.243861481231993
8044,5.969765998549089
8045,6.19472964389047
8046,7.767463385536931
8047,3.495845709865745
8048,7.234316980861597
8049,3.356982960575296
8050,7.353743743281667
8051,6.937377577862163
8052,9.175672028463953
8053,10.0
8054,6.752844271270419
8055,7.959567880915994
8056,5.357438388456087
8057,7.045276205475531
8058,2.4120618402836356
8059,7.880306190760097
8060,5.081577691003948
8061,9.039959682544417
8062,4.6245051459038855
8063,8.398612072570625
8064,9.033936902221582
8065,6.624034093528205
8066,6.113371415294289
8067,4.367374333022873
8068,3.135260843936858
8069,4.773886487936509
8070,5.212901020891797
8071,7.812090119022962
8072,5.404970793624434
8073,9.283818782139022
8074,7.883341303425029
8075,7.226204211252366
8076,4.901094410233782
8077,3.7384417643623102
8078,5.185143851559898
8079,9.808129552964271
8080,8.374469390457289
8081,8.01882931502203
8082,2.7263999663300726
8083,6.4465865181632065
8084,7.489290589240504
8085,8.617655878072176
8086,5.813495451422179
8087,5.479331750215145
8088,7.439311673291014
8089,5.67824925368283
8090,4.917336562821518
8091,5.686140984880922
8092,4.544803379195127
8093,3.6758500254793223
8094,5.7390946535131455
8095,6.945800111696177
8096,2.612589311157871
8097,9.114600798638513
8098,5.989451134803213
8099,6.817358918623732
8100,5.631797091818658
8101,8.041484810484327
8102,5.97942956207344
8103,8.781971727391284
8104,4.369595705260187
8105,4.844456414297946
8106,1.1041675524736614
8107,4.702729251668975
8108,5.226617592375129
8109,4.380886653507185
8110,5.087833653630529
8111,4.772610803284509
8112,8.43804228930321
8113,5.877198004247414
8114,2.8921933344929167
8115,5.823151865912781
8116,7.9721499192144645
8117,6.594605611494147
8118,6.640348666667883
8119,5.7259348151916125
8120,5.118292756567012
8121,2.4681091060002127
8122,5.875242567712027
8123,5.778114561492943
8124,5.805856829102281
8125,7.03673214290626
8126,7.933921401087744
8127,3.588216184118491
8128,9.147697868528532
8129,9.215925565128252
8130,4.261077522545144
8131,7.356022284367666
8132,8.774016841877966
8133,6.177792455176153
8134,7.021615589535652
8135,4.250135843807119
8136,6.196193551183137
8137,4.658891459611913
8138,8.057619897585617
8139,7.572721750813954
8140,3.150395396201863
8141,2.85576787621204
8142,8.588844673135641
8143,2.864688633207895
8144,6.451532568128953
8145,7.059544767369561
8146,4.59448446007605
8147,9.065395575028392
8148,5.23533120063094
8149,5.011130072854142
8150,8.641311105067516
8151,4.7620070750948535
8152,4.172036483336773
8153,4.538897705230142
8154,4.807801297183225
8155,8.528785049416301
8156,4.459522215438596
8157,4.5321004898165125
8158,4.765652209157599
8159,8.705217907092702
8160,1.9621970898279275
8161,6.443511146393304
8162,9.20248062846073
8163,6.384391453785902
8164,7.432633725575117
8165,4.7955693373044666
8166,5.009587187924306
8167,5.887079181024292
8168,4.3650546510622465
8169,3.32682255423366
8170,6.729842809938928
8171,6.235109535536285
8172,7.4965636884602
8173,4.727529322807464
8174,6.4209066284527
8175,5.331877378587944
8176,7.073626479875623
8177,5.624222067694355
8178,2.031808093780256
8179,5.976290027200778
8180,5.221646749659072
8181,4.67106662165585
8182,6.854008685577739
8183,3.7452859884704597
8184,8.025434786138169
8185,6.877564099682657
8186,7.593856806427922
8187,5.986468092007561
8188,8.28093614599845
8189,6.80641850107801
8190,8.537285984732126
8191,7.889417928949975
8192,8.833427826205034
8193,4.590438233084692
8194,6.957727683977023
8195,7.110355189794251
8196,4.340250894646565
8197,3.6155699810132385
8198,7.296117366732169
8199,0.22386388355682327
8200,5.409825218548846
8201,7.253207171213933
8202,4.27204439762381
8203,4.399068332423227
8204,6.125986850473398
8205,9.059106817439677
8206,4.637859304244658
8207,7.891522041310287
8208,4.508277447126013
8209,4.8102766838884925
8210,5.051168185489054
8211,6.917729507692721
8212,4.513308768803626
8213,5.480760806098072
8214,6.059756182069143
8215,6.285307318904675
8216,2.9699768756352825
8217,5.91817787765064
8218,2.537022987675861
8219,6.941332843747684
8220,8.973935056497917
8221,4.320862576890898
8222,4.563284262893981
8223,7.849723681808954
8224,3.892435807792909
8225,7.112252096570208
8226,7.112806107972893
8227,5.684734469006281
8228,5.2050316901361695
8229,3.9488933003194626
8230,8.97681693504072
8231,7.4247130619265445
8232,2.1774490693185964
8233,5.124801822047902
8234,8.35951851734025
8235,5.071959269239546
8236,9.338621881450138
8237,6.7565121196867235
8238,4.277183722543071
8239,9.833229171963842
8240,6.3983746713462875
8241,5.013693010555024
8242,3.374824676684022
8243,6.753308513661759
8244,3.537961856837826
8245,5.679809900451438
8246,3.384014269739575
8247,7.52631936290212
8248,3.582856457062574
8249,4.915036895248543
8250,7.009113049193521
8251,6.35767184199871
8252,6.355513161574461
8253,7.011107192759891
8254,4.84391731500102
8255,5.715474903464091
8256,5.236398353700885
8257,2.0339606230760983
8258,4.549848716779959
8259,3.939848233500175
8260,4.484445347855131
8261,3.5578211612605792
8262,7.281912694339843
8263,3.447279736478604
8264,7.992463071176287
8265,4.802964944088098
8266,6.689360938620323
8267,7.775521465938251
8268,6.1908127568301055
8269,3.1870519756002302
8270,4.661441502808424
8271,6.745607097662594
8272,4.086878498679104
8273,7.854021595837979
8274,7.647221011461998
8275,9.67734113887433
8276,4.918746932791718
8277,5.171792125819742
8278,4.239674149849192
8279,4.303302722147719
8280,7.29778445296337
8281,8.185639100393761
8282,6.788171992766543
8283,4.59321010711377
8284,3.871309334478872
8285,8.358070855784952
8286,7.667702106317314
8287,4.840930168696029
8288,7.9158580564386325
8289,5.070926012436124
8290,6.2987908782365984
8291,5.230772326924189
8292,8.770566542814242
8293,7.093533058435211
8294,6.086473868856817
8295,5.436480104372929
8296,2.8631638221770155
8297,7.308359402552142
8298,4.312782500167703
8299,9.508038726077501
8300,1.5072247122966136
8301,8.210486530773117
8302,4.479417877316925
8303,2.7529465659817824
8304,5.602937577096455
8305,4.507023998532652
8306,2.331907661954477
8307,7.6826284642522324
8308,7.1063921970228145
8309,6.019685403494341
8310,6.240330581891432
8311,7.154611757295253
8312,7.757453886795112
8313,5.267692963000812
8314,6.626188513971281
8315,2.53380434252471
8316,6.705911453381306
8317,6.902248014386634
8318,8.699590972087844
8319,4.1689449898955
8320,5.069209165480482
8321,5.400454487240095
8322,7.267200544408052
8323,6.287388974381382
8324,4.488439944727979
8325,4.680190205327175
8326,5.101553227546772
8327,7.6185559873373325
8328,7.069404706285834
8329,7.7890597106462875
8330,7.695606851721772
8331,5.886070033533172
8332,3.254158696036116
8333,6.290610744031712
8334,4.478465907691444
8335,6.072896965425661
8336,6.87064633482504
8337,4.358397949767693
8338,2.2370031152956877
8339,8.052052803839967
8340,4.865055164070137
8341,8.770744666848042
8342,1.8873921874524104
8343,8.623601602066689
8344,6.286814209294745
8345,7.3620290705211495
8346,6.952149929683955
8347,7.346301224818619
8348,7.784597405772031
8349,5.246358354092511
8350,5.1994233659503735
8351,6.487878131915398
8352,8.264012447559036
8353,0.9565900442304034
8354,9.526281017010248
8355,5.684386844947582
8356,6.7787357375619735
8357,1.720237914646546
8358,6.979745420122287
8359,9.211818245148116
8360,4.523536656783794
8361,6.437192525529489
8362,10.0
8363,7.019309689642159
8364,4.625779530228252
8365,8.086272964061425
8366,8.946121018163911
8367,3.4647085246778673
8368,7.050805402239515
8369,5.51446611947806
8370,3.063474731432806
8371,5.552247012623305
8372,5.694676032618006
8373,5.159953798102311
8374,2.488493880476522
8375,7.255622696995814
8376,7.766502514297482
8377,8.249013368337502
8378,4.1083363242606215
8379,6.472268311631973
8380,2.2727113119692737
8381,2.1237647482029933
8382,5.427465512796433
8383,7.563228762655083
8384,8.109622661633175
8385,3.92260881827874
8386,8.412260455572477
8387,5.04417573275513
8388,8.013674612051162
8389,7.167908904039098
8390,9.122559183151886
8391,9.767117945406307
8392,6.589415359798906
8393,3.7150052499135784
8394,7.852383803542017
8395,5.7184603338160755
8396,6.091401927180181
8397,6.24060173611978
8398,6.505014032183192
8399,6.1034110105709924
8400,6.557859870275314
8401,8.939876937941612
8402,6.1996999820569
8403,7.332110674924439
8404,6.74451899618369
8405,3.7808318483512444
8406,4.864043183508614
8407,5.821172755609173
8408,7.690474676675258
8409,7.7149995989266245
8410,5.4456279729625185
8411,6.323918639283912
8412,6.931094119128161
8413,6.099652607753896
8414,4.321687199179674
8415,8.427128970971163
8416,7.200088046009418
8417,4.012778008164684
8418,5.526834026653892
8419,6.592364983777099
8420,2.6702091439665896
8421,1.1824511005120524
8422,5.950005870873201
8423,6.3545047728510236
8424,4.907192476543457
8425,4.577291773957273
8426,6.811931419215393
8427,5.4682790810173
8428,8.809034593489695
8429,1.4535992340349537
8430,6.480947678361876
8431,3.9951802823222424
8432,6.680968914540132
8433,7.909930971995264
8434,7.882733735192434
8435,5.683585362691019
8436,5.13617902914098
8437,3.8257099395821887
8438,8.239856759218226
8439,7.001984428543468
8440,3.278205051804461
8441,3.2484841221574334
8442,8.530438522958363
8443,9.933355120191447
8444,8.11751320916508
8445,8.536609989995132
8446,7.915319235819842
8447,7.064423303018906
8448,2.638117716142217
8449,3.737831637946319
8450,3.4235978087106633
8451,6.4754604565722556
8452,6.621693946792684
8453,2.515042859085169
8454,2.789340192207957
8455,8.408710816721705
8456,6.22074908859342
8457,8.819081732192753
8458,2.559638940441136
8459,7.5330588439371
8460,8.794779830325075
8461,5.889285851848646
8462,5.960693257879814
8463,7.821493275596659
8464,2.6021791787312303
8465,6.990140424779456
8466,4.185062289032506
8467,3.1642018051102663
8468,7.701473022522234
8469,5.9207900179226804
8470,4.7930907034754675
8471,8.521277627978922
8472,4.169440839699732
8473,4.986669938712495
8474,4.436242403712738
8475,6.09752238349988
8476,6.357155683741546
8477,7.970696859734157
8478,7.067096092634152
8479,5.6878589204805765
8480,4.5889283979822455
8481,6.606826357254326
8482,6.4552364983481745
8483,6.125982801555317
8484,5.991467191093499
8485,6.2338734896051
8486,9.052000483712735
8487,4.3563979445805066
8488,3.822881922734111
8489,6.3131159985791605
8490,5.046722162192458
8491,4.477982435723402
8492,6.020948323581126
8493,6.3221794451587305
8494,7.021439210376123
8495,6.511473912044387
8496,3.130905073384446
8497,6.818185089593111
8498,7.280122647356906
8499,6.333628921543196
8500,5.968041325409523
8501,1.464159022791077
8502,4.636062088401477
8503,2.83563483536411
8504,7.233608992196652
8505,6.637163027612301
8506,5.463202467790017
8507,7.0633069512773705
8508,7.018509068348608
8509,9.44142911603755
8510,8.424530557269772
8511,6.891305815970548
8512,4.674792851637557
8513,7.1473154211354855
8514,7.437374706953169
8515,7.048726308956116
8516,6.977733524331796
8517,6.570067083899035
8518,4.983715630616382
8519,6.072499243155616
8520,3.4245443977245396
8521,9.788070587240203
8522,3.5374928509246275
8523,7.950667416167698
8524,4.644344112967394
8525,7.589946619198775
8526,7.653051257629853
8527,7.313571021441506
8528,5.809127314273956
8529,5.168531062716934
8530,5.6212962873316155
8531,3.479451040628827
8532,7.439633969545141
8533,8.898269216205165
8534,3.7962646412194836
8535,6.3782948397335115
8536,2.808684004342515
8537,7.949577740900212
8538,9.76418839641175
8539,6.317368997938228
8540,7.0514106056981785
8541,5.461681933572353
8542,1.6408119378018204
8543,3.5344418229482812
8544,8.377112862941782
8545,7.364483793834609
8546,3.997792521571429
8547,7.091492228531521
8548,5.54693268087633
8549,7.553028044015783
8550,6.724574685977812
8551,7.6702954618261145
8552,7.263884757317584
8553,5.645031093078033
8554,2.2416212474452415
8555,7.879326555863495
8556,7.003186661083806
8557,6.020444509631323
8558,4.933144380949761
8559,6.06032543358599
8560,4.049086056467964
8561,5.850062227408371
8562,7.496655090695891
8563,8.931881523861183
8564,7.328717600461733
8565,4.891158466875554
8566,6.582464404615067
8567,7.633948924112918
8568,7.035547336414365
8569,8.05762374336681
8570,9.770206646428008
8571,3.3293470303416663
8572,5.2569842093846635
8573,7.250560736660056
8574,5.174887724180288
8575,1.9388167779419399
8576,6.062442121750053
8577,7.302479096067861
8578,8.378254749473651
8579,6.091766210882607
8580,5.120235859720763
8581,5.245737823500689
8582,6.7754783757328685
8583,5.9808115239794954
8584,5.8728698174177705
8585,7.655041554029134
8586,3.2241658252122316
8587,7.810515795099475
8588,6.403787739979512
8589,5.126373185606061
8590,9.345896201341606
8591,7.195297853240298
8592,3.1206929665601635
8593,7.055263635360602
8594,7.2805168709690635
8595,3.851663031815949
8596,7.972211460717554
8597,7.138066681459486
8598,6.20762368319215
8599,3.3765633493524074
8600,2.3344838923447364
8601,7.391430795005533
8602,2.6319802675333808
8603,2.0930645030496624
8604,4.92713640918824
8605,6.2485058548276635
8606,6.897807395469983
8607,3.426777968349525
8608,7.657781714446772
8609,5.943673169029516
8610,6.150812263430424
8611,8.178390982785906
8612,4.559263770544986
8613,5.034239966927932
8614,4.927714979838738
8615,7.570648126103556
8616,4.869735044803443
8617,8.446718516113311
8618,5.259412463596094
8619,7.576512124813862
8620,7.885182614807141
8621,8.676769347191655
8622,7.804032371138629
8623,6.040822131439642
8624,6.907247570706171
8625,7.210337025603651
8626,4.865495166111332
8627,5.657698336304644
8628,6.706617864843866
8629,2.153226155593063
8630,6.236485602543931
8631,6.945973599602963
8632,6.768259072853549
8633,6.74558243762381
8634,5.722104816241329
8635,7.664474000304585
8636,6.287927438094826
8637,6.443171269804129
8638,8.526941784722627
8639,4.625732332691484
8640,9.411644708248584
8641,5.569019628274288
8642,0.8270267966411347
8643,3.8834065104611355
8644,6.652912822340385
8645,7.841897201435319
8646,6.239765210717584
8647,7.442606760103018
8648,5.297911725158647
8649,8.419727261575808
8650,6.670584925646459
8651,5.330368007996041
8652,4.890914829958586
8653,8.029037021321939
8654,4.34487112895793
8655,7.656225563188045
8656,5.5936408206615305
8657,4.057829004349836
8658,7.060390451402446
8659,4.905161594500589
8660,2.4884506599175342
8661,5.240372246727265
8662,7.316662288356332
8663,4.836248460698143
8664,5.854546007314706
8665,5.963518311169169
8666,4.345231652290213
8667,6.877965487522312
8668,4.840501846139368
8669,6.094458224039387
8670,7.007334801288913
8671,9.066417369057516
8672,4.936599657042441
8673,5.6692762284151765
8674,7.104393131545704
8675,4.354174370607606
8676,6.777743459402156
8677,6.4118963876136394
8678,6.4161274670850705
8679,7.33871352082597
8680,8.318865198478777
8681,8.24215515778702
8682,4.2923348822071965
8683,3.8290095684238934
8684,10.0
8685,4.257442058376583
8686,6.046550584579034
8687,6.98630873006015
8688,7.879680871931727
8689,7.2165809339424385
8690,5.756654346232361
8691,4.115976366769284
8692,8.417955602128403
8693,10.0
8694,3.1168469017411224
8695,6.006850816460576
8696,6.562441872793325
8697,3.4370386293346975
8698,6.0335133675115715
8699,4.743366684241003
8700,8.755544013255347
8701,3.6191929739915256
8702,6.470107158831375
8703,9.952618664232386
8704,7.212636571649314
8705,5.779290198741936
8706,4.90785922765601
8707,7.645141794290799
8708,3.362580128753685
8709,5.388733818058418
8710,3.8599543086034522
8711,7.21304786318462
8712,3.1805418393734626
8713,4.846118723107813
8714,9.519773995882717
8715,3.703509276108895
8716,4.087497362555653
8717,6.096611289923825
8718,6.754727882034144
8719,6.123404151274442
8720,5.750394872878185
8721,3.857903440456771
8722,4.400330352998559
8723,2.377327989104387
8724,4.817269019907968
8725,3.4476634085174966
8726,3.9026085778464195
8727,7.949390369169369
8728,8.962241219582198
8729,3.816823667733628
8730,4.852740121443022
8731,7.7484681351470925
8732,9.692524777321914
8733,8.416750331689247
8734,5.696712948192542
8735,7.243274855741076
8736,7.9049670374838445
8737,8.059890048632852
8738,8.289924442129452
8739,7.992915661990588
8740,3.3059178878857085
8741,5.646808065349541
8742,6.067453617388757
8743,5.25002849272622
8744,8.591942370127713
8745,6.423696911593009
8746,7.084464352272897
8747,9.352355027491152
8748,3.01028878868693
8749,4.542186916143711
8750,3.093191828447175
8751,5.159928791168048
8752,5.46635482275986
8753,7.610890049507011
8754,5.174609769704583
8755,6.599751478433359
8756,6.84581454315257
8757,0.16518141892899385
8758,4.855303854348165
8759,3.366291237968701
8760,5.060057654583293
8761,5.798885192696876
8762,6.275254263015481
8763,7.726155264431103
8764,3.230409213569183
8765,8.969075403583513
8766,6.8521078381310545
8767,9.110705697937394
8768,3.927624242758749
8769,7.489303394406354
8770,8.826180064464852
8771,7.613643849592565
8772,8.554946138327576
8773,5.386456999338163
8774,5.615858923112912
8775,5.245029451345895
8776,6.643741085537815
8777,6.775280380665074
8778,6.773499868518126
8779,5.664467862913292
8780,6.721058454085306
8781,4.855792476009858
8782,6.225419259117794
8783,7.008341209485295
8784,7.825303871927271
8785,3.535101373659696
8786,3.499813832868117
8787,2.656733927128074
8788,5.570331759440771
8789,6.219450595352933
8790,8.571458797291283
8791,6.930373345536401
8792,8.176477458835361
8793,5.449762283632273
8794,5.153608680352618
8795,5.1617704507655535
8796,3.3061278777089926
8797,4.179803734326146
8798,7.243495855833945
8799,5.489950201763763
8800,4.849996303929096
8801,2.9854701755472766
8802,5.399446385535612
8803,6.567887352407689
8804,8.069645124803277
8805,7.075992103803799
8806,7.290371639072448
8807,4.465493271714891
8808,7.157662029439074
8809,5.783208943688596
8810,4.655910827667116
8811,4.900116327616644
8812,5.951217258634141
8813,6.475298179933688
8814,6.88638466533682
8815,9.542019152295298
8816,6.570791259573547
8817,6.448730327381811
8818,5.774429921540396
8819,4.70853129155098
8820,2.9597744760742986
8821,9.200505502690927
8822,5.351472152022316
8823,7.730234916068715
8824,5.9280791902045165
8825,8.210135889381256
8826,9.50263389192754
8827,5.5736237507782
8828,6.343537419421443
8829,5.943759282891433
8830,5.178760195793732
8831,6.83714250703844
8832,8.914541595290702
8833,5.658196712599275
8834,3.1535428374173753
8835,7.8706154679049956
8836,7.5948181612753025
8837,8.287158421498564
8838,5.378725431628842
8839,6.716296540100631
8840,6.3181670504236624
8841,5.648302218278603
8842,4.7801750504943765
8843,5.910709607201718
8844,8.364282947087583
8845,4.053040392268731
8846,6.41209355878509
8847,5.239844026502164
8848,6.2818149512609995
8849,7.725022133160319
8850,6.985397664161438
8851,5.909765155765867
8852,4.621408481059236
8853,4.323803148972916
8854,6.566758733330596
8855,9.173741618028458
8856,4.917558604033662
8857,4.349794551103134
8858,8.673350690390231
8859,5.975288176432703
8860,3.9365956261477972
8861,5.897923989777718
8862,4.355985641630927
8863,6.7226821265366645
8864,6.796797672106973
8865,6.373840265697773
8866,6.576451079767497
8867,5.1836542645672985
8868,6.9168159918167635
8869,6.658641503970904
8870,6.660976488161779
8871,8.378906729345854
8872,6.545994496149364
8873,3.566329799640188
8874,3.113805753636637
8875,6.985837168482819
8876,2.16720162255321
8877,9.135381697761357
8878,2.4986344853177576
8879,7.143455314105314
8880,8.835179015503225
8881,8.03984128415652
8882,5.012082287723681
8883,7.262460171097278
8884,3.9395109788883955
8885,5.213452070083745
8886,5.217520367086234
8887,4.993464594923232
8888,5.03834462034799
8889,5.54761956476945
8890,7.800071840385742
8891,3.5634203399237228
8892,6.462634204134756
8893,6.055318722721821
8894,7.882762641698498
8895,2.5448513932650183
8896,8.153375321911405
8897,5.519391990496137
8898,7.4657447242145665
8899,5.185818793954143
8900,3.805425747800035
8901,7.57527537577624
8902,4.558110445187255
8903,6.365164248190235
8904,2.8305862138514364
8905,7.212874440779412
8906,6.6119471976923645
8907,6.196340781611875
8908,6.604912093616231
8909,4.010884291159493
8910,7.849032357154406
8911,5.70374021651118
8912,5.20319146704807
8913,5.284441764299308
8914,5.388868103479949
8915,6.386120463848591
8916,3.230535940806481
8917,4.861941578837155
8918,3.7743582698352047
8919,6.641744953037362
8920,5.045037098624544
8921,6.686261927960611
8922,6.71065167514279
8923,6.203446059737757
8924,5.9500617638956355
8925,6.200038401745102
8926,3.559025179145614
8927,6.701085891918442
8928,5.640199526481309
8929,5.668880937843058
8930,6.677040526720177
8931,7.042391201310798
8932,7.814275975033017
8933,7.829061861719701
8934,6.242201389635822
8935,8.658926343480323
8936,7.411635437990407
8937,7.665196764185623
8938,5.481630652242687
8939,3.54006253912514
8940,7.21028475238697
8941,5.758519088469859
8942,2.413944521757464
8943,6.7400600711815795
8944,8.607962750386484
8945,5.023545626236087
8946,6.044947459304765
8947,6.460664872521141
8948,7.926302921693363
8949,6.027413328249477
8950,6.17735731424071
8951,4.7346042004996525
8952,3.1588965276535284
8953,5.910258424256378
8954,7.342809341256343
8955,3.975624241308601
8956,5.328725953665701
8957,4.942843234541914
8958,5.290305417097885
8959,7.036340132544531
8960,9.040358318690387
8961,5.847804027081569
8962,3.6509895747884755
8963,6.775485653884511
8964,6.017133062229162
8965,4.919884892342003
8966,5.339737581128168
8967,9.335866198055296
8968,4.988452738590729
8969,7.83657424351744
8970,5.678350945740233
8971,4.254100376267883
8972,8.462511361913151
8973,7.913778105939602
8974,6.240904642190784
8975,5.1554527743966005
8976,8.381065030514943
8977,5.702165525234074
8978,9.233476516523272
8979,6.6825595204557295
8980,4.6009795041535275
8981,6.5513174256425435
8982,7.669571016909229
8983,8.618534560674444
8984,5.791913684856706
8985,4.0982350823696265
8986,3.687128327987552
8987,5.195400292908978
8988,4.118004897499532
8989,3.998881431743043
8990,7.0951070677182795
8991,4.923848957614361
8992,4.2554237283940255
8993,5.8218406196156085
8994,4.049480701969697
8995,8.249148985690454
8996,5.337349239364057
8997,6.827893018531711
8998,7.149039731494716
8999,8.258598913567834
9000,7.175676838669139
9001,7.412324639492899
9002,8.117704168176555
9003,6.208079886316446
9004,7.698589033235773
9005,3.249988194175053
9006,6.750617828993807
9007,8.847908904965099
9008,5.568009778081803
9009,6.330854592325124
9010,8.07371317398874
9011,4.940452448427307
9012,2.66585661934187
9013,7.147905876848082
9014,7.37479036047338
9015,3.6941086725368715
9016,4.841221736592886
9017,6.6752876194672774
9018,5.8471172193986
9019,3.345138088314749
9020,6.418354422349008
9021,4.551065795085531
9022,7.857124881084221
9023,6.283298404816825
9024,7.007641278845616
9025,6.189776806987072
9026,5.684472557425375
9027,6.501901749616186
9028,5.294269957318794
9029,4.410092827133579
9030,5.090853053314914
9031,6.057253869259371
9032,5.431307751215023
9033,5.024543399081282
9034,7.308434136788282
9035,6.337271128363632
9036,1.5108355896196788
9037,5.764813660864776
9038,6.401998853789673
9039,5.471631609045446
9040,6.8735821756571625
9041,4.686443755305085
9042,4.049458513196857
9043,5.863053357687576
9044,4.505468584438742
9045,2.293738039431875
9046,6.3234135431580665
9047,9.551875935903592
9048,7.867993900237851
9049,10.0
9050,4.302714365523045
9051,4.429333146403328
9052,7.253796973929317
9053,3.593895389624408
9054,3.8200020502258942
9055,7.724907872675284
9056,7.906251569873255
9057,8.49436700267421
9058,9.431731148315027
9059,5.686871681346361
9060,7.222025320459457
9061,2.6130726230243955
9062,5.256308701407189
9063,5.044626040698575
9064,6.633586537765997
9065,6.400068441805564
9066,5.426013639037195
9067,3.7029709241013653
9068,6.3384969169869265
9069,6.518503729656306
9070,6.748051582480119
9071,5.778016021190449
9072,8.684841570968416
9073,4.234380415809062
9074,2.9147116008525757
9075,6.096281510581987
9076,4.823547859858309
9077,4.80261243583064
9078,6.110473896715814
9079,5.557378891874876
9080,3.6841621350074227
9081,4.010170682961462
9082,7.08809391173166
9083,10.0
9084,7.141573235792892
9085,8.296052336379724
9086,4.694499592650878
9087,8.023066505793903
9088,4.267094246908759
9089,6.93226296766645
9090,6.477144894458188
9091,1.8115828402074796
9092,4.41386638562425
9093,7.913174021127368
9094,4.052435321015494
9095,7.270779376668275
9096,9.469193398361234
9097,7.3412494321638295
9098,4.328458584755393
9099,4.986518720070659
9100,9.392463689789938
9101,7.451727967641563
9102,5.392533974278983
9103,6.1881756173823765
9104,4.694160702237495
9105,7.413703298169793
9106,4.177717866417211
9107,5.00388210170005
9108,3.645062792253981
9109,6.72324744259553
9110,7.4034669794577175
9111,5.311797096441543
9112,2.5097604004226164
9113,6.1695224000034505
9114,4.600249698166168
9115,5.806588283879774
9116,3.5863450124161265
9117,6.542446056283179
9118,7.954383796588475
9119,6.7843279642615455
9120,5.348631776895112
9121,9.389548468901378
9122,4.284094718744267
9123,7.824946713169384
9124,9.80595902899913
9125,6.272261732333778
9126,4.813257715996536
9127,3.9627105877142736
9128,5.886677816891405
9129,4.448361769388805
9130,6.0792947119468375
9131,5.1767203664464265
9132,7.0709204774392065
9133,2.515702311063024
9134,4.969381385901654
9135,4.521456272837288
9136,6.662076357628354
9137,7.63735486530105
9138,5.072626979797297
9139,5.265462637108177
9140,6.303357400598832
9141,5.606069281730034
9142,8.03841325210363
9143,5.770564847343952
9144,1.85441830857403
9145,4.000611015035592
9146,6.033426126020393
9147,6.420856862335787
9148,7.259967437682047
9149,5.776784633526053
9150,5.690158589257948
9151,5.409989882870253
9152,6.5498115607019445
9153,4.721310318617867
9154,5.603995261317434
9155,5.700853143640122
9156,9.126992072163434
9157,5.478975322270769
9158,5.145410485264076
9159,5.257556420106448
9160,4.802486367733172
9161,7.9431553027073125
9162,6.334111341615312
9163,5.03692374513131
9164,6.8063797426737755
9165,8.30169424796295
9166,6.251205066735873
9167,3.8131325880640783
9168,6.3498698389638495
9169,7.334255867402481
9170,5.971376744490721
9171,5.229922042228859
9172,8.348037224601043
9173,6.446213217811212
9174,5.447818572512517
9175,5.38802613290768
9176,3.9142189022841585
9177,5.219280484013787
9178,4.2597931661564115
9179,4.545440223492667
9180,7.2037604597788025
9181,3.772837777879981
9182,6.485874619309746
9183,10.0
9184,6.886392979927782
9185,5.49833674266608
9186,3.929942222266312
9187,8.458155100803213
9188,5.1200835230883746
9189,4.47756370399435
9190,5.345270164135209
9191,9.602044727373922
9192,5.891282215931437
9193,5.066050394514816
9194,7.353606937504552
9195,8.38297686465356
9196,8.787182546509007
9197,5.456358146168808
9198,4.249424906115178
9199,7.386686179190957
9200,4.8947528999133585
9201,7.008327814964888
9202,4.428913287020368
9203,3.8494586549925147
9204,2.305427068435053
9205,7.959268753584542
9206,7.227901700112257
9207,4.532089389802491
9208,3.5649652408371306
9209,4.56681042853821
9210,8.453526082295676
9211,5.585317665697124
9212,5.400740743718456
9213,4.169430433449009
9214,5.839208457132056
9215,6.453294322489661
9216,4.18900084157216
9217,6.820483666331418
9218,5.663917082549018
9219,4.410778073880495
9220,6.492818908570085
9221,5.23971504347529
9222,2.5253270893087145
9223,4.505450651455397
9224,5.989550442530131
9225,3.2514505952351986
9226,5.134999869069867
9227,5.895424734062191
9228,5.1035924374606525
9229,9.555620379510863
9230,8.845676249449568
9231,0.9950348145275048
9232,8.931664757880617
9233,5.9275631461739025
9234,3.7210007581726376
9235,3.0199861167669466
9236,4.445659640103155
9237,3.712708889654941
9238,6.61097623768831
9239,4.10774525578621
9240,3.0156293053695085
9241,6.876786744853327
9242,2.7700608840357015
9243,5.9334398853948915
9244,5.765279853943995
9245,9.17530678320191
9246,8.126187621758891
9247,4.40947571489974
9248,5.536731009665284
9249,4.066598596693381
9250,6.3805774790944145
9251,5.650198366923519
9252,5.03506162637618
9253,5.898283007109323
9254,6.43097945135454
9255,2.876860478166413
9256,2.740117507840146
9257,4.264326268440938
9258,7.325597324105598
9259,4.157476069692899
9260,6.685470500716383
9261,5.190387767067686
9262,5.42745468480359
9263,8.348375692625972
9264,2.8609960828299164
9265,5.221849309993988
9266,6.251864169129531
9267,7.6130398556389896
9268,8.691391555501191
9269,7.241920016473574
9270,5.822490509622844
9271,5.955209303007582
9272,7.152684785060707
9273,8.407148389722217
9274,9.444047872088479
9275,4.723948185134981
9276,9.400152486915205
9277,4.257129841184083
9278,6.348528258450656
9279,8.40999047842162
9280,6.014562484575048
9281,5.513862748262376
9282,3.5649802204469436
9283,4.020522745398613
9284,7.164284060704187
9285,4.422011968884123
9286,5.899360386419506
9287,2.3278472349132207
9288,1.8158275844490355
9289,7.548322105039177
9290,8.617921766467113
9291,2.1285805489580563
9292,7.7262543943666815
9293,5.271497319504723
9294,2.3393517150381475
9295,5.066474813145314
9296,5.6876106838826725
9297,7.451203739205447
9298,4.99694463031818
9299,6.153359528747203
9300,7.42050196275537
9301,3.8462607105940756
9302,4.892768566166381
9303,2.5852878115800992
9304,2.7663208250713263
9305,5.6131582747064925
9306,3.1447393522485703
9307,1.9649258617456946
9308,5.571027866865009
9309,6.201176418508939
9310,7.984517356861911
9311,9.077780985071268
9312,2.4605840350928143
9313,7.169054073809316
9314,9.201294632127773
9315,6.947341882194636
9316,4.541301132934123
9317,2.2855670700761417
9318,5.96716705147136
9319,6.413397237058653
9320,6.850706368839393
9321,8.283964119466054
9322,8.15554919419138
9323,1.8752440197893825
9324,2.7370834289761046
9325,6.134827468422493
9326,7.552397313434225
9327,6.709844435496656
9328,3.856861558395736
9329,3.8877257565150725
9330,2.15149113471534
9331,4.864841753526289
9332,2.6142668084463625
9333,4.5238297489117425
9334,7.4753720909516
9335,6.4845453200367755
9336,4.6564690442369985
9337,8.964574415154615
9338,7.404604504581574
9339,8.871148431467669
9340,7.198408453553032
9341,5.628179872507014
9342,6.1270372210365736
9343,6.481561467408646
9344,6.8471197984811365
9345,5.4367746855776415
9346,4.882026990667892
9347,9.29918332120883
9348,4.833657258058918
9349,6.37850790070556
9350,4.954527907904379
9351,5.358958026443533
9352,6.916364704948013
9353,4.7244861116800365
9354,4.461455810531156
9355,8.458238777943999
9356,5.498847195797745
9357,5.60054874791479
9358,4.662137291006116
9359,7.808359105903346
9360,6.186826215305517
9361,4.75879185045982
9362,6.0774434463480755
9363,4.7401391864930424
9364,6.99035643281203
9365,3.4375786185956914
9366,6.770606204922073
9367,8.781683274854544
9368,7.931993640331818
9369,7.705444230226551
9370,9.313228099021416
9371,6.1704608856686125
9372,6.247785981998026
9373,4.8086300855310675
9374,4.046302655297753
9375,4.494191238155006
9376,6.910977552665608
9377,7.39926570993427
9378,3.589622861619483
9379,6.705212459610372
9380,4.0529579859067235
9381,6.582143536625287
9382,2.981602322425111
9383,5.017875738327117
9384,8.328468659313893
9385,5.779532198744429
9386,4.2669779216959896
9387,4.810242902718904
9388,4.501843722098288
9389,7.95269205682186
9390,6.2568229206733585
9391,7.174353469786942
9392,6.12177187686766
9393,6.79900927459623
9394,5.299954452072654
9395,7.044446460813167
9396,5.060515645995045
9397,5.268765720284678
9398,5.122190497995995
9399,2.66269641200463
9400,3.941318985665245
9401,5.131930795605851
9402,0.9970431484078359
9403,8.234924057606355
9404,6.40448209351967
9405,5.632742844254004
9406,4.862369828560377
9407,7.03928170344595
9408,5.364708234369433
9409,6.449803422318084
9410,4.878130205076944
9411,3.4738846099966185
9412,5.483144554651428
9413,7.193952673169177
9414,6.25646623899127
9415,2.8576622755035346
9416,9.693373594331618
9417,5.535745843525591
9418,7.788219181751625
9419,5.187882817962684
9420,3.1305036117245733
9421,4.10251773837071
9422,5.676162452102606
9423,4.088592887084571
9424,8.308482411217256
9425,5.669745805024573
9426,7.203217189066486
9427,8.74783230895826
9428,2.140626376336279
9429,8.981718686849057
9430,5.372533158284726
9431,6.999791265746124
9432,2.834290459036717
9433,7.339141549740431
9434,4.479694629135526
9435,8.307418965992564
9436,5.609019019751339
9437,7.568973124824588
9438,7.117638261717859
9439,5.871804410365233
9440,0.6763555504617512
9441,0.8073886314583849
9442,4.014918947970387
9443,4.06171242292449
9444,4.807218400278697
9445,8.10828546743954
9446,8.074122256583133
9447,7.674400073072806
9448,7.643252515546287
9449,5.33816565443799
9450,4.969576793583496
9451,7.8099157749117145
9452,8.477353972079898
9453,3.303127941078186
9454,8.69692713704284
9455,7.422217363587569
9456,7.380488482679819
9457,5.5957814053370445
9458,8.333040569008478
9459,4.439568224162731
9460,6.92777159063162
9461,6.609210179147416
9462,7.881364335132538
9463,5.250790697597493
9464,3.246293005200318
9465,4.412771162219621
9466,8.014672206579899
9467,3.7285480807213
9468,6.23541938297887
9469,2.798411805873307
9470,6.054555557625014
9471,6.736643552727918
9472,6.080116103851934
9473,5.172343738079453
9474,1.2391677444453877
9475,6.591134994160354
9476,3.627495575622548
9477,5.969837631194325
9478,6.781752467669113
9479,7.287062296419329
9480,6.481435915637358
9481,5.924418066401356
9482,4.572945648533918
9483,6.966662061576255
9484,3.0346436856141885
9485,8.633324305250014
9486,6.059498166723378
9487,7.595019844528659
9488,7.668332844870723
9489,5.708201274246683
9490,2.0735372953429474
9491,6.269217087186783
9492,6.517139163946854
9493,6.48972595958542
9494,6.635036413685837
9495,3.745902002757414
9496,2.97356664405817
9497,6.917723957631823
9498,6.170874359890446
9499,6.015565220617706
9500,6.1089575337072635
9501,3.628545413031506
9502,9.199122784646196
9503,2.6596110703374407
9504,8.849099189665782
9505,4.5552233074745985
9506,6.7121676453384005
9507,9.461308976422906
9508,7.552716184507364
9509,3.3628191209668206
9510,8.449860267597542
9511,4.57153110222526
9512,4.661273650815092
9513,3.8952065806023626
9514,5.412811979946534
9515,8.879848847783348
9516,6.258709508314468
9517,6.503614397160079
9518,4.977638373450561
9519,5.494920600340049
9520,8.4545335191217
9521,5.8637764784281075
9522,2.5391230366834687
9523,5.150670099505355
9524,6.065820973675677
9525,7.181492184723821
9526,9.0594789072081
9527,7.586543241324983
9528,5.660959941201137
9529,3.5085174044398677
9530,4.676065090537735
9531,4.401528917098827
9532,6.669143693952854
9533,5.173385134734428
9534,5.22624050507039
9535,5.419069910354347
9536,5.191717966273494
9537,6.236085747236155
9538,6.198110296345715
9539,6.093465325532442
9540,4.220062030424893
9541,2.974819888281446
9542,5.416902687176994
9543,5.119424006427712
9544,4.206049531466281
9545,5.969060668161269
9546,3.596287047323134
9547,7.430974198885834
9548,4.535377331706599
9549,8.787033059059853
9550,1.90055252408966
9551,6.538286805421274
9552,5.3801605334625116
9553,2.1284583002837825
9554,6.465998716211963
9555,5.459018382743021
9556,5.6496820653555835
9557,6.7670336206984
9558,5.098129255756632
9559,4.778025208727948
9560,4.1758171752749185
9561,6.843457841574687
9562,8.487059994361578
9563,2.3784795672268837
9564,5.7012725870861205
9565,7.7053825105125675
9566,6.011559301856446
9567,3.672171829938904
9568,5.75621891181558
9569,4.3520145833719095
9570,3.487371972053963
9571,4.687959453855381
9572,4.2205634846256554
9573,6.787608274624517
9574,7.7196921231177384
9575,6.692925925480416
9576,7.827296716694071
9577,5.365216985388624
9578,6.16868762403832
9579,6.053588236267562
9580,6.474530177710276
9581,7.8855166950317
9582,4.8307240491282695
9583,8.599992470510944
9584,2.830560778833764
9585,6.490140187001826
9586,5.472015351214511
9587,7.683712585663754
9588,4.016781793682044
9589,6.40862593351687
9590,5.846617528928594
9591,5.9273745390240995
9592,7.39820941110841
9593,5.4488379087532905
9594,5.64988130099585
9595,6.305661552121249
9596,9.031928054900124
9597,6.389606675601925
9598,5.580171452671969
9599,6.370863195392193
9600,6.2207736409756755
9601,4.526516509908709
9602,5.9187337858114475
9603,6.38849353033379
9604,8.928575116536507
9605,5.204999443861995
9606,6.871048985460214
9607,4.936491104959758
9608,6.578087607183866
9609,2.899930284313157
9610,5.791891394904653
9611,8.347493610509462
9612,4.256988846266847
9613,7.068210110578148
9614,3.7697881553442105
9615,7.540874809848133
9616,6.931121788467936
9617,6.056127949819734
9618,7.099652041693139
9619,5.977597891765322
9620,4.495321499780033
9621,5.1289984366371115
9622,5.168401193782872
9623,7.635935016715086
9624,6.138989252478478
9625,6.176931586369141
9626,7.278311462073234
9627,5.0456741720806635
9628,7.4456760589748825
9629,4.517503576165229
9630,7.542920251679271
9631,3.0025749732133544
9632,2.2113435203727665
9633,4.323459810880491
9634,7.079064924017601
9635,4.283017322277704
9636,3.6535686575957618
9637,4.323673694807315
9638,8.323758453355492
9639,5.540600833965404
9640,7.16298690197242
9641,3.7656120932244193
9642,3.7118126194135206
9643,4.712230995441709
9644,6.253190894208572
9645,5.848097133793269
9646,8.048272190406186
9647,8.00849710318817
9648,2.5789169451395706
9649,8.547840601990288
9650,5.822558508335001
9651,7.748859715803988
9652,9.289748600310258
9653,6.0099233919382105
9654,8.246973185811276
9655,4.333732609657418
9656,10.0
9657,7.843419919245024
9658,3.4960829285712762
9659,6.757966712071662
9660,4.93118484215041
9661,7.747490539874874
9662,1.7455909903688065
9663,2.0706438876460718
9664,3.434187535862587
9665,7.765089723862905
9666,7.920697324968416
9667,7.916635313982165
9668,2.9215313400075225
9669,6.643503837760737
9670,4.317362573026264
9671,2.3072464823000516
9672,5.441585597296257
9673,7.907641391379698
9674,4.070916010644524
9675,6.159230099396707
9676,6.349181947625667
9677,8.209047191204863
9678,4.8161170046802635
9679,5.275938230701097
9680,5.003765385614919
9681,7.668866456407173
9682,4.385505749578498
9683,6.108731018313126
9684,5.837996440635941
9685,6.123026226363074
9686,5.878324401046234
9687,8.245373870521997
9688,6.021025198312474
9689,9.14036863481319
9690,5.935138146095304
9691,7.103529269276564
9692,7.581487171155891
9693,5.532146534497542
9694,3.3299428438886283
9695,6.051698861223985
9696,8.712815103827001
9697,7.728586635932706
9698,6.482378827961856
9699,4.219238885150793
9700,5.955881121237949
9701,6.104794494420629
9702,5.240209852821741
9703,4.951361713554784
9704,10.0
9705,8.225113623478334
9706,7.169086771315058
9707,6.143459426865785
9708,7.029186021740575
9709,5.349967089054012
9710,2.850657495297397
9711,5.741376365405983
9712,9.110036799473253
9713,8.046354627809361
9714,7.093311266436141
9715,6.892513180823983
9716,4.523723296288073
9717,0.8550126725003553
9718,7.316468336811258
9719,4.673376918016402
9720,8.525886399226975
9721,2.885154008614303
9722,5.942726148147711
9723,4.557133674035862
9724,6.775336548668287
9725,8.516972525452637
9726,7.0167220269373995
9727,6.43369541916705
9728,6.6552165730466655
9729,5.242908343735337
9730,4.647227071401999
9731,3.3504602420709655
9732,6.638979153737571
9733,8.655918945733116
9734,6.957107625232175
9735,7.59753749890342
9736,3.3452148354775355
9737,8.137445618341252
9738,3.388279641800373
9739,7.686894096237273
9740,5.761623049474325
9741,6.9946837484363815
9742,3.2166777897154972
9743,7.1622431848488795
9744,5.034872828656463
9745,5.950076931354705
9746,6.557314798113062
9747,4.858831853538721
9748,5.993890940190521
9749,5.430790485599492
9750,1.9326625294906703
9751,6.042438388048035
9752,3.9059858104142267
9753,8.987211721520149
9754,8.91003345813964
9755,6.619380483654921
9756,6.536888787154016
9757,6.646179251944606
9758,7.468022288138025
9759,5.82982270129196
9760,7.0493915701286145
9761,6.500536499011119
9762,7.046238212084189
9763,3.4184099411994326
9764,8.879877360526475
9765,6.562115762380369
9766,5.474582098937994
9767,5.852812826442614
9768,2.5264331634812605
9769,3.9015962942509512
9770,3.4506278809943325
9771,5.699404444946669
9772,5.372480235243028
9773,5.707148555740044
9774,9.619603630950536
9775,3.2864129041066956
9776,4.7219255208975515
9777,6.654782231103864
9778,7.812572340963182
9779,8.336626898178297
9780,5.470857776927687
9781,9.071852246484575
9782,6.757426212737604
9783,7.515945319897062
9784,5.933875081707681
9785,6.029023048673729
9786,8.60907156942685
9787,3.3284164616163023
9788,3.8464941270322193
9789,8.004122861541406
9790,4.709723882218716
9791,2.4163513201161138
9792,3.6226366638948813
9793,9.997208992739434
9794,6.338788602615628
9795,7.411605956853076
9796,4.203217815912419
9797,5.984135222414768
9798,6.943634082757723
9799,4.627421076825094
9800,6.2915730505160665
9801,6.938905862216798
9802,8.793771729813436
9803,3.8992835937824886
9804,3.4552549051864716
9805,4.654208931226442
9806,5.642390143077264
9807,5.436459990773517
9808,6.628189467330369
9809,7.1978371226932225
9810,2.325672073593876
9811,7.804348611848454
9812,3.4319605061500846
9813,4.341977537299716
9814,5.728649719720678
9815,5.285826778280514
9816,2.592600795194882
9817,4.711767940338673
9818,8.001915744667848
9819,3.107410830904377
9820,6.906642524673659
9821,5.035682334551407
9822,5.23377501941952
9823,6.4789095465126
9824,6.358288214240655
9825,8.306080997975059
9826,8.114641161924581
9827,5.284969902285475
9828,6.622588804626602
9829,7.08905788312461
9830,4.178790204545298
9831,7.058031226194805
9832,6.846778189329205
9833,4.811331422224317
9834,7.906445775621231
9835,5.618274245739757
9836,5.706232358260767
9837,4.735315000615592
9838,4.124683615205401
9839,5.107960590463938
9840,7.646080016746155
9841,8.842057789467852
9842,5.045992936017802
9843,6.267329288689595
9844,9.774955816204194
9845,5.170764322822976
9846,8.158351574158036
9847,4.512410925211578
9848,8.558856732236668
9849,3.467082632968822
9850,6.718352112602821
9851,5.697226477216262
9852,8.057551245024234
9853,6.382612458191613
9854,6.460464638443029
9855,5.898948829621849
9856,5.691582505600941
9857,3.552901620880862
9858,7.099333163811858
9859,8.142749206594512
9860,6.162750209949476
9861,5.747718128028035
9862,7.0161118886916904
9863,5.59134364238429
9864,4.6016127877504704
9865,5.019364526746756
9866,5.8879310799995235
9867,8.46449631228751
9868,8.740368264398274
9869,2.3442223561364495
9870,6.314950279522735
9871,3.046609531939435
9872,9.542748360186962
9873,5.975410776806432
9874,6.928493925033267
9875,5.536620238395254
9876,5.2955864231999215
9877,7.7257957501397625
9878,4.96068777547548
9879,3.9932356509822577
9880,5.536271522733608
9881,4.79881443593993
9882,4.793346981178476
9883,6.93888903331235
9884,5.241767899659025
9885,6.755485246808042
9886,3.8647755651765663
9887,3.7742861333870366
9888,3.6219726975070845
9889,7.380847113208269
9890,3.6830739774244874
9891,7.8131636099304025
9892,7.501172326713735
9893,7.411159002162664
9894,5.536745176441236
9895,6.849868360055496
9896,4.782961079837651
9897,6.671604955595009
9898,8.208915149148705
9899,6.733535388821874
9900,6.789858670512641
9901,6.790575301495201
9902,2.7352544846525575
9903,6.880198345593266
9904,7.2152126514849115
9905,2.2413203262703885
9906,8.001642380006952
9907,5.180281376728768
9908,4.581163154311446
9909,3.8514014794366016
9910,8.396852027604254
9911,8.152503620991201
9912,7.578746636795871
9913,4.298964769977109
9914,9.364127588816592
9915,4.148187413801749
9916,5.138673136623828
9917,6.898722619597535
9918,5.010402859951233
9919,5.20341668331685
9920,5.578350318003811
9921,8.181613738158461
9922,5.3532082239680525
9923,7.155364090236002
9924,6.521268613803516
9925,6.771934997157432
9926,3.2742339324731935
9927,3.913674631645205
9928,6.455643639637469
9929,2.5321777766671083
9930,6.520312898210394
9931,7.061223214407134
9932,2.8395161075029174
9933,7.671592570318895
9934,7.108253976104331
9935,6.617452845324221
9936,5.977576821194237
9937,3.5093079501878015
9938,5.64928282827149
9939,7.154215870177584
9940,5.369869883974847
9941,9.384341225511612
9942,5.066191093201742
9943,2.585396277088556
9944,7.211083758517838
9945,4.700386202683389
9946,1.9910642627955788
9947,6.871784779364142
9948,5.4094891423108935
9949,6.392567251290876
9950,6.520819254559122
9951,8.10330535931173
9952,7.159914206798068
9953,4.942802113606573
9954,4.745267606051783
9955,5.986509682662941
9956,4.122944167055389
9957,5.761940072940796
9958,5.168354404098482
9959,4.379835549237339
9960,5.7257519364139835
9961,5.75306039444136
9962,5.573415579362372
9963,5.909216360779037
9964,4.382108434844103
9965,7.575969488633753
9966,4.301321739492709
9967,4.40540086227786
9968,7.635024776874782
9969,6.7671283519114365
9970,4.981101542786222
9971,0.4489305895891268
9972,10.0
9973,4.157041100388859
9974,6.206015340562853
9975,5.314614976136113
9976,3.98040730280679
9977,6.217990551681144
9978,2.03346737658809
9979,7.153489107366271
9980,3.7457652890030806
9981,5.6766793423222754
9982,8.414790981214821
9983,4.795329112427316
9984,8.020505636140859
9985,6.8093370850918795
9986,8.729440901356792
9987,6.956078544222505
9988,8.291792313042816
9989,3.2305429212869834
9990,6.318804489779
9991,5.946795738801514
9992,3.144387269053955
9993,2.8426920381087224
9994,4.337091876394036
9995,6.086753445194263
9996,6.615729028473247
9997,7.506403335305234
9998,5.616710869705122
9999,2.891209923146145
10000,6.884989875185143
10001,5.002796533166581
10002,3.8022357921773073
10003,6.539500813933396
10004,5.406481042058493
10005,1.7184857420831356
10006,7.994197179408349
10007,8.660012261736059
10008,8.293697717671098
10009,4.748250842667633
10010,2.91918593019737
10011,6.131449852217914
10012,4.754653432417413
10013,5.963742741305023
10014,8.131889805242007
10015,7.214660499576414
10016,6.414560590915527
10017,8.150652776666599
10018,4.406511347666848
10019,5.372333853043157
10020,9.427761104696966
10021,4.593724991303594
10022,5.4451676728964316
10023,5.418480248424059
10024,3.188236428462666
10025,4.116487724946637
10026,5.931375825812464
10027,6.079491587038274
10028,6.94196811705688
10029,4.546604330571136
10030,5.599220343371648
10031,7.113439794948286
10032,7.697403471323996
10033,5.96289543142036
10034,5.845972101053718
10035,3.1435672719634065
10036,3.8157428735576406
10037,6.6228606354831285
10038,5.5343446007011945
10039,3.794765089327812
10040,7.160862300329624
10041,0.904236923987274
10042,6.807795616704189
10043,2.092865318812337
10044,5.095661123663724
10045,7.251274344882959
10046,5.775780629126017
10047,3.5931486988071484
10048,5.104812998037914
10049,8.171452367905149
10050,6.01626566424217
10051,4.857917275978792
10052,5.962698905144104
10053,4.9822890500305075
10054,3.7218678404783585
10055,5.124155295393523
10056,9.53597343647025
10057,6.232033793981431
10058,5.522083792358766
10059,5.711196745539785
10060,8.34890372157435
10061,7.429224098815949
10062,3.7052179933143803
10063,4.799920835343956
10064,5.946915803244976
10065,2.935058277369891
10066,8.567332300782542
10067,5.479523345654725
10068,9.302973200430618
10069,5.8562321611765285
10070,4.915929061187901
10071,6.887275069673973
10072,3.636538769825995
10073,4.411019567281194
10074,8.443046366049828
10075,8.273665338105173
10076,4.605632329074111
10077,9.031917536759442
10078,4.293405381411864
10079,4.80992049735281
10080,7.667465253677327
10081,4.149516529492454
10082,3.8452231981285965
10083,7.547123806287063
10084,5.530497943091314
10085,3.5449676586321366
10086,8.020578773128355
10087,2.636399142714713
10088,5.216788864199002
10089,3.6497061551538836
10090,7.0934039619666445
10091,1.5431133579308582
10092,5.616839387360557
10093,7.9175163448681545
10094,6.539018935536069
10095,8.081624085018618
10096,2.528968388886938
10097,6.774812190738389
10098,4.970180452958431
10099,7.550716952024306
10100,5.187715007419449
10101,7.321997226751321
10102,3.552082429887031
10103,5.418106057082481
10104,7.475356938642747
10105,7.039157224442473
10106,7.335770276157598
10107,6.696354923561568
10108,7.801851105891655
10109,3.341231617632099
10110,2.8956730291757076
10111,8.150780602193894
10112,7.491112995393682
10113,8.502282507522512
10114,6.82745104836396
10115,6.299796143180652
10116,6.537058349720893
10117,6.991044827688132
10118,5.448655168542169
10119,6.75539867123275
10120,5.687495255652452
10121,7.049119106860245
10122,5.544040353868548
10123,7.414127485267782
10124,7.726968966597184
10125,5.652868103491491
10126,4.755161269319378
10127,8.982747856373255
10128,6.810172676106253
10129,7.577437850609732
10130,5.033830643867676
10131,8.03642587454159
10132,5.498686527148843
10133,4.207817440125867
10134,3.479150754974902
10135,5.6928949751699705
10136,3.273990006840789
10137,4.228414129131055
10138,4.301915174822007
10139,6.397984289108667
10140,7.696688577275831
10141,7.953035436184612
10142,3.301056154300781
10143,6.528675970639169
10144,8.842762905419898
10145,9.899136448786972
10146,2.3227127599601767
10147,4.098938433970005
10148,7.518931604874267
10149,9.02280470330509
10150,7.258965745974329
10151,2.3376032308705694
10152,7.646182984596179
10153,2.710364145294456
10154,6.45128967133955
10155,5.992319723512235
10156,4.8705352930504535
10157,7.890086832712802
10158,5.2737881940416305
10159,6.738790648378705
10160,5.85091557946951
10161,2.0770256430732665
10162,7.907434774927438
10163,7.2748932902500325
10164,8.07786254793538
10165,6.811297914948737
10166,3.7259773019489515
10167,8.414942667754904
10168,5.126463359792856
10169,8.77016161106303
10170,6.223262130149518
10171,6.1271529191232155
10172,6.62413384335686
10173,1.9612680931116504
10174,6.5747653014650975
10175,7.503399379049796
10176,5.3657073793064765
10177,4.582101862179511
10178,2.7449513023825016
10179,7.33770829010418
10180,6.7092496764127825
10181,3.8179481736706062
10182,6.203546144001068
10183,3.3540950691627196
10184,6.309848266078057
10185,6.503558726076589
10186,4.638520839417402
10187,4.596315853308566
10188,2.1719911725055434
10189,8.632898543384758
10190,5.595262641798488
10191,9.652971910780211
10192,5.380314905223811
10193,7.218409691281575
10194,6.692195018416162
10195,5.460849352029975
10196,7.067921528628874
10197,5.037968413433229
10198,5.937942635554249
10199,4.988997428862815
10200,7.117153546401795
10201,4.137400970718984
10202,1.5236205581853235
10203,8.110020781544142
10204,7.734057120202477
10205,7.487518863308223
10206,5.535665151908857
10207,8.142060050488805
10208,5.352363065758795
10209,3.3388102590845237
10210,7.463319986922459
10211,6.704379972464327
10212,4.9977960239235415
10213,5.756128978246167
10214,4.747525909070941
10215,5.158004759861427
10216,7.14317828068244
10217,8.341601650220577
10218,6.317437044065301
10219,6.630432955237511
10220,6.839347947164162
10221,5.113267368463932
10222,7.518698448490465
10223,2.5148183832431172
10224,4.634768359798824
10225,7.7837975197999985
10226,5.589384314172193
10227,1.6977846146986544
10228,3.2525137764974787
10229,4.041281840143025
10230,6.697780029627516
10231,6.019924638899157
10232,5.12110516078561
10233,3.616683353386899
10234,8.100781634261995
10235,6.179726195148373
10236,5.716152425395208
10237,5.995728466934443
10238,4.287619730121894
10239,3.7968830634597115
10240,6.2558066941854324
10241,5.656027461084813
10242,3.3786885411418632
10243,5.2799533114579935
10244,3.459050625120036
10245,4.408365791369565
10246,3.3045289312706574
10247,7.292663296076167
10248,3.5662801189199413
10249,7.758624014803905
10250,8.000638127715025
10251,8.585514592779392
10252,5.868669948578857
10253,3.819730429077785
10254,4.887122565717752
10255,4.540234172729526
10256,6.868384070516555
10257,4.74077542425771
10258,3.750694467199261
10259,6.3879666860493955
10260,6.155335265770704
10261,6.199728916892156
10262,5.410243480070573
10263,7.796153326903662
10264,6.201163026416358
10265,2.890128335319683
10266,6.303088937040766
10267,4.612018103797231
10268,7.311712852116996
10269,7.915708743292987
10270,7.436716456674915
10271,4.441643351795696
10272,5.265856478843316
10273,8.461781951901987
10274,5.720294929130343
10275,6.192478865389172
10276,5.165086936137147
10277,5.919578621159476
10278,7.487642444207372
10279,5.172321472281601
10280,8.690731799448702
10281,6.8059285029834795
10282,5.9215903179299065
10283,4.5803139836327675
10284,8.722801608991364
10285,5.587721389567127
10286,9.171021575330775
10287,6.557822515112731
10288,7.15834093101985
10289,5.72604976472962
10290,4.6035707247238875
10291,7.793953658658447
10292,8.092509608794096
10293,3.632869810784701
10294,5.99092835673868
10295,5.631734990909482
10296,9.100262871182991
10297,3.128628376178998
10298,8.75010431044129
10299,6.317653505140907
10300,6.903953776279588
10301,9.394189537981044
10302,6.9036784717477
10303,7.058605596570313
10304,7.691261629329773
10305,4.326883451918705
10306,4.214870415582523
10307,7.430595994617457
10308,4.918622569490168
10309,5.526146980306107
10310,6.582174494329442
10311,2.9625274521972624
10312,4.500293860601092
10313,5.25609059565057
10314,5.6286525436665915
10315,5.065087058917413
10316,9.495714258329992
10317,3.2462271121383344
10318,3.335766288612258
10319,3.7012272033838136
10320,5.659843916198422
10321,4.20542731889281
10322,6.748024983026877
10323,7.826773762415224
10324,2.3776060949452797
10325,6.219666409349348
10326,4.050579013395842
10327,7.483762172525937
10328,4.748949052210988
10329,0.7870114305515166
10330,8.790440904679766
10331,2.9905758341269473
10332,9.011556117730034
10333,4.348159870849335
10334,5.546812963367362
10335,8.018904676644146
10336,7.783168838936854
10337,9.495035864953067
10338,3.7259097143968187
10339,4.1978842089425
10340,7.917534952916336
10341,9.789690395819928
10342,5.858672873795861
10343,5.412527066292986
10344,8.669910282098707
10345,5.667642953645746
10346,6.1790850647037265
10347,1.9449874942936518
10348,6.839961133648918
10349,6.049121473607377
10350,4.366787690599278
10351,3.373286379768022
10352,8.31158000359703
10353,3.836155642956377
10354,5.850643396026187
10355,6.16745779143872
10356,4.959205931987592
10357,7.281476417135849
10358,4.279002908063502
10359,4.5571338897585
10360,6.451339227171732
10361,8.513859084975643
10362,3.6863320034722107
10363,6.5571832838302875
10364,3.5584282852997218
10365,4.592926552386932
10366,3.510203341007479
10367,2.8031054549662557
10368,7.0710994966380465
10369,5.758580746546106
10370,9.003459973900842
10371,6.999904997606203
10372,7.559281899276413
10373,3.6937721131979746
10374,4.669577492752743
10375,3.5000155392938983
10376,4.094898319239878
10377,5.061004788398001
10378,3.9497894163395815
10379,5.34576289039339
10380,7.67572872810092
10381,4.515656414733497
10382,8.013810320897768
10383,8.028503795142418
10384,4.215056001256494
10385,2.287650281063208
10386,5.388115014638343
10387,4.073120686673758
10388,6.446833836379286
10389,8.204528687279375
10390,8.396612262550322
10391,9.484395348577419
10392,6.243789267071094
10393,4.938244973670849
10394,5.072856432889669
10395,3.9137324233904525
10396,1.9876378142136613
10397,4.014522930027354
10398,6.865047758581805
10399,2.679688772200633
10400,1.9533185833672022
10401,5.643527598641082
10402,8.080572803478415
10403,3.2251900051269016
10404,5.875020011949919
10405,7.4571521954132525
10406,2.005251802163045
10407,9.028867510495964
10408,3.270828302293981
10409,1.8063170718894401
10410,3.3650672949624947
10411,9.905769003125378
10412,4.0997608473221945
10413,7.899834660467819
10414,9.24625378252618
10415,6.33173652677746
10416,3.509373252581365
10417,4.062244342077205
10418,8.517227186094217
10419,2.815376877369303
10420,6.654229126081526
10421,7.030264007480705
10422,8.72978225267792
10423,6.426645963543047
10424,6.234860367714878
10425,7.317114759205477
10426,6.592381958449237
10427,8.898782425291836
10428,6.323919292411846
10429,8.272072191674916
10430,6.605057031318183
10431,8.573323483473079
10432,7.952381714078288
10433,6.499199953458299
10434,6.184048202329241
10435,6.721529250273454
10436,5.085326310252709
10437,7.8064117537287725
10438,5.208513091447719
10439,6.958435394075778
10440,4.485530558833467
10441,7.845225562404482
10442,7.329922194136415
10443,5.529652768326388
10444,6.361315510759467
10445,3.4492306639278123
10446,6.066507974216881
10447,4.768329098538331
10448,5.26033761580217
10449,3.136044385527154
10450,7.088324009106842
10451,3.6851211122284604
10452,8.239241465168249
10453,6.999972014546863
10454,8.196337805312787
10455,5.23408672778689
10456,6.148817082628104
10457,6.40609111597222
10458,7.231553373331379
10459,6.810765695851048
10460,6.279654094177809
10461,5.806239562072653
10462,4.1683667301218925
10463,1.4760965851233834
10464,5.691142937999492
10465,1.490639198982933
10466,9.387359197159416
10467,5.219629340258709
10468,8.880835768138443
10469,7.491186133922277
10470,4.179071317065488
10471,5.197860149410393
10472,7.493201102214271
10473,4.241961442029931
10474,8.398834680407976
10475,8.020620218159813
10476,8.049732433454096
10477,4.817872021992113
10478,9.518735641236088
10479,5.008610137815709
10480,6.363796939076071
10481,6.324680341664971
10482,4.203344122659693
10483,4.978693553451361
10484,4.782538512826721
10485,4.379160287111535
10486,6.855295325061796
10487,2.780928462276484
10488,6.122534885110303
10489,2.7190511179771404
10490,4.119881642267533
10491,7.6009222424244465
10492,5.956003199563417
10493,8.150715220076918
10494,3.1952137947111767
10495,9.440976805917892
10496,8.63739513622038
10497,7.121986111667356
10498,4.540345373960864
10499,5.80520187250215
10500,6.076872323997539
10501,7.899292430779052
10502,3.857988647366256
10503,3.366800503742243
10504,8.008784699468126
10505,7.373431523520699
10506,5.495357385473405
10507,9.463588401590773
10508,3.9172245303462705
10509,2.8395837938854895
10510,2.017234800770293
10511,5.090818728444623
10512,4.55199670380153
10513,1.4869136084509966
10514,5.984337176593185
10515,7.224680237461984
10516,6.2800530259417755
10517,6.194899626220457
10518,5.3409594820429795
10519,3.8603504599851126
10520,2.3308590227952766
10521,7.994125439590894
10522,10.0
10523,8.170649862163579
10524,8.881052260339436
10525,4.659043910357228
10526,7.054529702270061
10527,6.519673611320391
10528,10.0
10529,8.408266771150473
10530,3.66004542976265
10531,4.579352804555108
10532,7.2213562871637045
10533,7.075658462704347
10534,8.940273092380385
10535,4.961537629331389
10536,6.821834027741728
10537,6.034154902034883
10538,7.022699995113662
10539,7.990541866047635
10540,8.213707246564521
10541,5.695001814096161
10542,3.4135845930998463
10543,3.682099700455506
10544,4.819731942773682
10545,6.8875689882916635
10546,6.32606853421866
10547,8.205598322132708
10548,7.558071123511452
10549,6.703852023205825
10550,3.9734585591802647
10551,4.816552329774515
10552,7.12598484990367
10553,4.85603713302446
10554,6.201981553679724
10555,2.766341042854457
10556,7.684920264362544
10557,5.401518850090366
10558,5.852759547933587
10559,6.258809705619298
10560,7.369105044844398
10561,1.4966304142031863
10562,7.774734873378624
10563,4.9186043635022365
10564,3.8966907791032463
10565,6.07918976410005
10566,9.791009870963626
10567,5.684457727555879
10568,9.70037193851184
10569,1.5905101135151483
10570,5.573577385380473
10571,8.331551800227512
10572,5.57941109379024
10573,4.028803031647055
10574,5.58859853331359
10575,6.0396235526063276
10576,3.6164160572813024
10577,6.888752074773992
10578,5.6481963396340555
10579,4.579539987120934
10580,7.647493848309262
10581,6.1071039018501505
10582,9.351194147288862
10583,7.3256220712869204
10584,3.9303940541619458
10585,2.1370008244222456
10586,4.823532416589819
10587,5.964873652030765
10588,5.465136345933541
10589,3.6227152119091914
10590,7.161414464144238
10591,6.492003742999723
10592,3.503883774510949
10593,8.532473565424961
10594,6.887628233890615
10595,2.7160771560072785
10596,5.9309918625886064
10597,7.820060351704576
10598,5.318591774344952
10599,6.460331234272181
10600,3.3846587051324413
10601,4.773665741511884
10602,7.870036095662529
10603,7.537405589245034
10604,4.49657863969248
10605,8.486183240818635
10606,3.7082752360279976
10607,7.910386174510308
10608,4.491391207904215
10609,4.306907144257583
10610,5.62336733020817
10611,6.962864260557742
10612,3.6151721353441175
10613,6.3655899351855965
10614,5.661227064053156
10615,6.6843252064165934
10616,3.323566758586819
10617,5.502208333064669
10618,5.389429197594069
10619,7.313070439256439
10620,4.577984605665845
10621,7.537286457035629
10622,4.083276772582934
10623,6.784727502754876
10624,7.038438983688353
10625,5.841622499597124
10626,7.87640483903994
10627,7.733766977420611
10628,5.317980181059373
10629,6.362572571601481
10630,6.433722645899374
10631,5.58252493256906
10632,8.67002987087886
10633,6.089695067262083
10634,5.55995172094099
10635,6.742045342025866
10636,7.956453362340862
10637,5.439168744180154
10638,5.070637553215009
10639,4.15971375909596
10640,6.117480649970165
10641,1.8620620662636234
10642,8.770443687901398
10643,7.624680761417336
10644,8.923695562155448
10645,5.44569413676709
10646,4.0662531560200215
10647,3.590796771612598
10648,4.189497005403739
10649,2.736870369072017
10650,7.428377315587062
10651,7.547063076843866
10652,0.9950015012586062
10653,6.873635269303744
10654,8.355321045224894
10655,1.7678671690325407
10656,7.826738594712148
10657,4.580248687911455
10658,7.086151370199223
10659,9.644946467791584
10660,5.468153680400045
10661,4.6974795794484905
10662,4.008261335779042
10663,2.4892296859691196
10664,5.929883901832534
10665,8.399455486586882
10666,9.469915814929527
10667,6.398018826232752
10668,5.574668866916408
10669,5.776893467058797
10670,6.769523604110745
10671,8.476793692943069
10672,3.78466885986915
10673,6.370479343841618
10674,4.60099186339392
10675,8.850554084902688
10676,5.562306866100955
10677,5.701627943861988
10678,6.8685382680823945
10679,2.468510037552268
10680,6.913285776867172
10681,5.251532994245999
10682,7.32222638821723
10683,9.121288197389642
10684,7.89067319055302
10685,5.909794361718522
10686,4.902353396278661
10687,4.70109795174767
10688,6.137009252076034
10689,3.8894906292219575
10690,5.687831122340166
10691,4.17871125678208
10692,8.695342093233844
10693,6.203999925978131
10694,2.127658332303955
10695,8.59936909920869
10696,4.526098067023917
10697,6.516815713925019
10698,9.013283148890789
10699,6.738757880095819
10700,7.662930888139819
10701,8.92843995421849
10702,5.772477465756585
10703,8.25513189255933
10704,5.111454533159932
10705,6.428661928570488
10706,8.752648093832608
10707,6.890820211099436
10708,6.463712081543219
10709,3.962479567459257
10710,4.538558295994248
10711,8.141334213994652
10712,4.142061010625797
10713,4.121124256700179
10714,6.270990232739586
10715,3.1089401628922526
10716,4.991639940582502
10717,7.377619383880386
10718,4.282562892042446
10719,5.683038689448189
10720,6.514630540533423
10721,6.665758842611341
10722,5.972035217104857
10723,4.673744930706574
10724,3.9210162820443912
10725,5.051169984764288
10726,4.94068312390241
10727,6.799091944697748
10728,5.658152465768742
10729,7.868034479258954
10730,6.836796139467108
10731,6.315428994633962
10732,5.50660120349783
10733,8.104735010461813
10734,7.85844971484374
10735,3.855011170728763
10736,6.422768682901084
10737,2.697716447387986
10738,4.996821225750271
10739,3.8222244471444276
10740,7.0676964072176105
10741,6.836424466483671
10742,5.8671991782175485
10743,3.7057460966280633
10744,7.536300551625797
10745,8.185419804921942
10746,7.301369915949261
10747,7.267956605303901
10748,7.97960419146252
10749,2.918892567129319
10750,4.760260743483562
10751,1.033729251259233
10752,9.008070786406277
10753,6.377078072779976
10754,4.279674206110065
10755,4.391080341922237
10756,5.7654846006444025
10757,8.68871187855514
10758,4.6775819387313735
10759,4.837196425521418
10760,3.4928601439809652
10761,7.325136773236304
10762,4.661729553670398
10763,2.9188775063098715
10764,0.8050040309285993
10765,3.1344843705597913
10766,6.316353878718138
10767,7.714914456473942
10768,7.431375626654505
10769,1.3070249902935505
10770,5.119800679076871
10771,7.509562919623644
10772,4.034693993353711
10773,6.645804464154587
10774,2.2911080888383264
10775,4.133900659340606
10776,6.646417060502065
10777,4.959858131281589
10778,4.620603357514311
10779,4.94172336079977
10780,3.5382033503363592
10781,4.042280027666917
10782,7.331006478895304
10783,4.365461121544087
10784,7.700031895647362
10785,3.3903729357184815
10786,5.7014316805674135
10787,5.246879006028221
10788,6.855037184021153
10789,8.106181458261327
10790,3.7166559524436753
10791,4.3958171744390855
10792,8.346813382215661
10793,7.738733294477695
10794,6.3256030594357195
10795,7.235234092331754
10796,4.764611498789343
10797,6.355997281825719
10798,2.965456851364267
10799,7.9361195935113225
10800,4.801369465036263
10801,7.812260747896751
10802,5.253218668424486
10803,8.78983537017924
10804,6.820167102875427
10805,3.9070914029106625
10806,5.263609728741972
10807,7.551239510311893
10808,8.795364431740733
10809,7.7993111800616175
10810,6.165059400165264
10811,7.238169603856733
10812,6.107986424970461
10813,6.215984329411159
10814,6.176443008678608
10815,7.523782280254226
10816,8.424161096312485
10817,7.711956083086655
10818,8.295179090597072
10819,2.7519612497758112
10820,7.88484738007882
10821,6.3123892005617215
10822,6.706593040480271
10823,1.571899972759093
10824,4.241504145129765
10825,5.964940388817112
10826,9.363328458470352
10827,4.536501528448499
10828,4.961167787220108
10829,6.753820417921105
10830,4.8806093845354095
10831,8.12269392333539
10832,5.624797425569438
10833,7.5611155838299915
10834,4.787014583981352
10835,5.963813143168934
10836,7.333330124553841
10837,3.923275476168289
10838,6.672365656767544
10839,4.993096210487991
10840,3.3421664524356673
10841,8.227568030290392
10842,2.462990184250236
10843,7.217880773951902
10844,7.497395702205686
10845,5.371115880782847
10846,7.462949212943141
10847,5.982569659118691
10848,7.315773902282322
10849,5.882962812772993
10850,4.782733675207535
10851,4.12152187487576
10852,5.527177568486994
10853,3.675977607998319
10854,4.426188531691208
10855,5.96807072923117
10856,5.315371969620617
10857,4.906875143999706
10858,0.7768281295844928
10859,8.025469526257565
10860,7.202431157119105
10861,6.021514614852871
10862,5.826066098917332
10863,6.605682411081473
10864,4.879557485289582
10865,4.155479899474673
10866,5.940105203898091
10867,5.7856149090204285
10868,5.393813449552134
10869,7.234412730978232
10870,4.684835873606806
10871,6.583357539761044
10872,2.208246276505551
10873,4.8555896216522685
10874,6.966211030843695
10875,8.645137852211601
10876,7.076750560392503
10877,4.578135984509124
10878,5.5694546430278855
10879,6.566420917282159
10880,3.3108036115592077
10881,6.868253402455258
10882,6.075281982168394
10883,5.473156987455769
10884,4.4827413197501
10885,6.2243723842630665
10886,4.347589113564258
10887,7.076802024270579
10888,5.993247462836807
10889,5.381127569877643
10890,5.814211964769225
10891,4.1205775272529355
10892,7.722690767668214
10893,6.894589348645853
10894,5.182757207583248
10895,7.122383172678621
10896,4.844247776847399
10897,7.164233264795072
10898,5.5273147905022295
10899,2.1288596545173775
10900,7.870328145709833
10901,6.101417590041873
10902,6.424785411203744
10903,4.6688837587718375
10904,4.450498374465004
10905,2.1297082759698904
10906,4.559844785995274
10907,2.9653205112191854
10908,5.840677139949508
10909,7.434305691142056
10910,4.878093319829812
10911,7.8920800372056235
10912,8.045289445569168
10913,6.001714112730488
10914,5.867221109043127
10915,7.414770800639756
10916,1.9661390212436833
10917,4.355827387775601
10918,4.230943811543695
10919,5.8242268743530605
10920,6.241375250312808
10921,7.125859653797615
10922,5.015114260210401
10923,5.06848973675163
10924,7.501424025556382
10925,9.00583462575192
10926,7.4102211040104375
10927,6.033588140041552
10928,2.1913119687331495
10929,7.904298911702627
10930,2.873858624209772
10931,7.888846586207357
10932,3.266185518345675
10933,6.494278974710065
10934,7.968946938733963
10935,5.665028783726671
10936,2.055108419325463
10937,5.983708927572312
10938,5.9738965013637095
10939,2.43986846668386
10940,3.0500629085617676
10941,3.106004322201769
10942,6.487085504123345
10943,5.581620787235425
10944,4.499374266010397
10945,8.570170775698067
10946,5.443780263587868
10947,5.674341296512962
10948,7.278284057081571
10949,6.649253481729692
10950,6.450206479728245
10951,8.66704396779714
10952,6.644494193280169
10953,6.487609187274181
10954,5.9331477669474815
10955,6.974372268891347
10956,6.472834831195492
10957,6.54951958532866
10958,9.847716883684221
10959,6.394869900748848
10960,3.8619826173919867
10961,6.353594433655129
10962,2.2726255383389122
10963,4.665714684474016
10964,8.956322677853418
10965,6.565297989681495
10966,4.874055418748816
10967,5.636947560333594
10968,7.545676435108032
10969,4.4311773107741175
10970,5.304781551809472
10971,7.345547543485205
10972,9.116471213303253
10973,5.746336694871225
10974,3.538863050202361
10975,2.6727094848240482
10976,5.01253963963633
10977,7.790940564838392
10978,4.875519377214587
10979,2.8280146649795657
10980,8.851424877633091
10981,6.686766180393668
10982,7.1476254126242385
10983,8.928173727115322
10984,6.6418326949852595
10985,8.707327262946848
10986,8.653877585673893
10987,4.222689518714226
10988,6.609821614419055
10989,5.486178424401762
10990,2.6833005615322403
10991,4.657054280237805
10992,5.892834163507317
10993,6.08911683787373
10994,6.741532382121523
10995,6.824750608943182
10996,4.981929891901492
10997,5.824335141190575
10998,5.113308705021607
10999,3.0721804909046666
11000,5.796863447861567
11001,9.034363487622901
11002,6.914196410851925
11003,7.24156627361297
11004,8.420696448052226
11005,8.100263617470933
11006,5.738903662545518
11007,7.328501789972732
11008,1.8474823139393641
11009,6.376721322001215
11010,5.539219915185465
11011,8.13989427445021
11012,6.1310250520184555
11013,3.079587649131246
11014,8.053679558049144
11015,6.834761164330914
11016,6.278870261848899
11017,7.449247691543084
11018,4.114682299120178
11019,7.243333432287914
11020,6.224578833067899
11021,7.554868836952528
11022,4.559627524003795
11023,2.1818344954089017
11024,8.20820215970052
11025,1.6881071128119152
11026,2.893662584445782
11027,8.228259617372002
11028,4.1147840583173085
11029,8.420458576424572
11030,4.481298349946801
11031,9.295101648806277
11032,4.454510160496774
11033,5.4516230788785025
11034,6.457320927054093
11035,4.981417242851829
11036,6.10764452900505
11037,7.364503899824538
11038,1.6271094767594803
11039,6.7675131991725355
11040,4.417540410535791
11041,9.826844668263664
11042,1.7167209301474153
11043,6.50260762024243
11044,7.50104192255836
11045,6.85051726283741
11046,6.114075274971088
11047,6.585954205388891
11048,5.964251175162115
11049,3.293868795601828
11050,2.735428459739338
11051,7.9181440771739044
11052,7.654941615674721
11053,9.494162200226555
11054,8.066399831098165
11055,1.4122986275280898
11056,5.271323333869809
11057,6.303360438608703
11058,5.749814262566911
11059,6.070126235962885
11060,5.573589384334266
11061,6.206982029122378
11062,6.0301684776429365
11063,8.815974679549402
11064,6.981462006655278
11065,6.676362181005118
11066,6.147331753334937
11067,6.919612234851263
11068,4.891164674256614
11069,7.4674963122921065
11070,3.754960641697272
11071,7.832369286525633
11072,4.992592572112378
11073,4.734357051713593
11074,9.909146424445522
11075,6.353044172285244
11076,5.832655288090608
11077,5.119496231074278
11078,7.102750399314253
11079,3.3886822037798168
11080,7.07517701621563
11081,7.493152310041759
11082,5.458014301977605
11083,3.691291302194255
11084,3.728962021997466
11085,5.681000238786904
11086,4.087585670877528
11087,3.8595784071659414
11088,6.994796259444594
11089,6.231687029074918
11090,7.144806431044198
11091,3.0538189984639352
11092,4.2697482039264445
11093,6.858473344646347
11094,4.810996313449607
11095,3.9430442380325017
11096,6.4869944741298085
11097,4.512779606621155
11098,5.238718462361401
11099,6.151016188812548
11100,4.516130979447949
11101,1.7750273093124305
11102,6.126214346567972
11103,8.238537134915106
11104,7.699383876052774
11105,3.0319769110379413
11106,7.255321355277422
11107,6.341619753958463
11108,5.6663604179337685
11109,7.31155863539092
11110,4.040608333642102
11111,4.5514009678563605
11112,7.536994440765531
11113,3.413597428390843
11114,6.160084922744076
11115,9.728899961674408
11116,7.488449096309488
11117,6.784492766763188
11118,5.043181013243519
11119,6.892149474196684
11120,6.541829836719277
11121,6.6565595472873955
11122,6.735499042037949
11123,7.344372525612998
11124,6.190681324160179
11125,5.612846698420189
11126,6.827003979769888
11127,6.023238510824882
11128,8.389210341769008
11129,3.218730564411639
11130,9.995868717592709
11131,7.631918825327622
11132,4.352442734466592
11133,2.647906228264071
11134,6.365560081060824
11135,6.243248339595062
11136,5.6589456064107555
11137,7.424477315455505
11138,6.487549101205309
11139,6.157724632942868
11140,4.970261018720674
11141,5.13083621470785
11142,4.712068537346065
11143,7.764665367044748
11144,4.706511169361082
11145,4.821384847544659
11146,6.963030905855147
11147,7.020379050351737
11148,7.577797726903164
11149,7.499835279739006
11150,6.323300862499342
11151,9.524484269965189
11152,7.053024272924464
11153,6.8259146669955335
11154,5.96225202552169
11155,5.0922193974669785
11156,6.703095853499644
11157,6.01708847456381
11158,6.515426385955938
11159,6.661967998220657
11160,2.2614554145179517
11161,6.404800906112145
11162,7.056773810168872
11163,6.084871432863809
11164,7.733457847252291
11165,7.202238401551973
11166,7.3223690442429845
11167,1.4766303674463717
11168,8.37668157688693
11169,5.549290243203794
11170,7.268070675438776
11171,7.811434922407712
11172,3.9165299539194027
11173,8.201287336370523
11174,3.4201058722147044
11175,3.2193474453933306
11176,4.657742300489996
11177,8.894738007074864
11178,5.497805661075338
11179,3.093091491615481
11180,6.623545739742726
11181,8.833538886637992
11182,6.343493203767815
11183,4.221986194784937
11184,8.76554298517452
11185,8.722448473194717
11186,4.801184733466018
11187,5.871088409606091
11188,4.1360283681080245
11189,3.4703510295290094
11190,2.353148720097929
11191,4.941565783180961
11192,4.059579928894166
11193,7.186687719514923
11194,5.821223557465512
11195,3.7493561364936117
11196,6.706888992023767
11197,2.389633421384186
11198,7.885058237086165
11199,5.801414319551491
11200,7.869389685276213
11201,7.424879598074652
11202,5.395451043097811
11203,4.648189008745954
11204,5.987020452556083
11205,9.13543872521663
11206,7.232286412807107
11207,4.916367810155846
11208,6.015874945293066
11209,2.3378129045231035
11210,8.647704710846565
11211,7.149984301665656
11212,4.175994361186694
11213,4.4611361107184795
11214,6.264548725879047
11215,5.5598651649700255
11216,6.926779188327604
11217,8.732939480883735
11218,7.849911291609853
11219,6.937404757907149
11220,5.6392549186787715
11221,5.536846108019169
11222,1.055038651538647
11223,5.246870544810443
11224,8.627692552717534
11225,6.96590133721583
11226,4.336558980251132
11227,4.824090925359369
11228,7.551673721502187
11229,4.93011503936099
11230,3.982869527967869
11231,3.551403670323179
11232,5.534523197079166
11233,6.376935835519799
11234,2.4129438131235013
11235,5.358064296234155
11236,6.32329198146165
11237,7.809530515991698
11238,9.108256671256967
11239,8.90602535290848
11240,2.9179655692323254
11241,7.603508270096761
11242,7.979731715876409
11243,4.089336965723621
11244,3.689687243488126
11245,7.267554090159823
11246,6.603554063757784
11247,4.500143524475659
11248,5.207138823409485
11249,7.402040952307937
11250,7.990253459055026
11251,5.810043464822153
11252,6.1367495127335
11253,2.0037542745378247
11254,7.584546351752769
11255,5.148702068268724
11256,5.218494978783057
11257,6.797829558425315
11258,7.429767267604904
11259,7.714571751029107
11260,6.316675721473127
11261,4.399402395461843
11262,8.235808839521571
11263,2.2881527517336826
11264,6.89478432150019
11265,4.492285615028796
11266,6.882698381803054
11267,7.044532507178477
11268,6.609670761444724
11269,7.7975436047810085
11270,5.737235211842336
11271,7.717707915179211
11272,5.273512707955568
11273,5.008968130835863
11274,6.576788326120835
11275,6.798267594388909
11276,6.323029730501409
11277,5.437564371979183
11278,6.8120093023161985
11279,4.7255499935364575
11280,6.056371123172834
11281,9.696027224189933
11282,3.562354992548647
11283,7.0755099346132955
11284,6.468412681872104
11285,5.183645169340258
11286,7.277641586426409
11287,7.070145766976251
11288,6.625507924115549
11289,4.2524016950568
11290,7.492121471559873
11291,7.006211718953397
11292,5.807440918131723
11293,3.3666294987126113
11294,1.3567633518351891
11295,6.65633045489189
11296,3.878364086898391
11297,7.601402168342344
11298,8.165295900667891
11299,4.8210433093622775
11300,8.97003412859064
11301,8.233651161337747
11302,7.220867547870585
11303,7.028786187971411
11304,5.128497659763512
11305,6.833622346706088
11306,8.273361241318616
11307,5.700486434362895
11308,5.891997328520587
11309,7.131259904784581
11310,5.66885500301094
11311,3.0477691359772585
11312,6.524737759362663
11313,6.601873802483631
11314,9.021221498262172
11315,4.903313262890512
11316,4.614174230629509
11317,8.251881078664796
11318,5.815615459046903
11319,8.955144097279302
11320,5.4644720862193665
11321,4.894472090217516
11322,2.0151370151333103
11323,5.248739676973049
11324,6.3436611492458335
11325,4.2506707501634216
11326,6.823896869478785
11327,7.254508644499519
11328,4.33899444669427
11329,6.768095159455566
11330,3.343192457947164
11331,6.248555690650106
11332,9.054073957359996
11333,2.3598918271846743
11334,4.502078521577945
11335,6.262786848949338
11336,7.773289869516923
11337,8.163188686238717
11338,6.2937812853548
11339,6.722174677681093
11340,4.58478731082605
11341,3.8297542596577028
11342,7.2357536891908065
11343,5.817067088302822
11344,5.3189842244422305
11345,7.276181345427163
11346,6.389428376210087
11347,5.071742253241174
11348,3.4296425922463647
11349,6.075750391305965
11350,3.398357196919468
11351,5.169965686592903
11352,9.347056896536127
11353,9.124054114147059
11354,9.127695576155547
11355,5.7067935971965955
11356,7.863625205290248
11357,8.403618930882043
11358,4.530080587278011
11359,3.7076282108852996
11360,6.361341153446415
11361,9.269705166455019
11362,5.71294141010361
11363,2.986752159730409
11364,8.617244019475566
11365,8.964487242946973
11366,3.379926348710819
11367,5.864426552484991
11368,6.493446034457394
11369,5.107327537309882
11370,7.143042954463066
11371,5.047506962593421
11372,8.701165448890286
11373,8.295201684205768
11374,9.214289244826558
11375,7.3897374779252
11376,6.20194571347873
11377,5.8038923802081275
11378,7.128654613352204
11379,7.865696103620125
11380,4.253658387425888
11381,4.276856561925894
11382,3.154249898622991
11383,6.545691165164772
11384,7.2908018104216215
11385,7.990159514284464
11386,1.6366772410293202
11387,5.090586366138613
11388,5.446813015111948
11389,5.692544468113919
11390,7.425254368048612
11391,7.094595783473285
11392,4.502677553114067
11393,5.134464471482354
11394,5.470549333437997
11395,3.9468601755366413
11396,5.947518089452761
11397,6.363359919176291
11398,7.60780982536855
11399,1.9312322860581757
11400,5.014413280360362
11401,6.970219349346429
11402,7.369963312844806
11403,4.8171931378933674
11404,5.50250857161574
11405,7.096437034968772
11406,7.247336540801558
11407,4.467058396922511
11408,4.228872955429512
11409,3.9681351440837322
11410,7.4761383127208125
11411,8.99381082042417
11412,3.56775511711263
11413,5.481647077962997
11414,6.081938146126079
11415,5.046513531743013
11416,6.5573290763243435
11417,6.320781075452048
11418,8.186714988986573
11419,7.288002872855667
11420,5.4093376660654755
11421,4.122092408163725
11422,6.03402210459976
11423,3.515035817381629
11424,7.653707517460823
11425,0.9981092272702927
11426,2.1318074374683356
11427,7.534968012568997
11428,8.641603898090306
11429,7.888664968211349
11430,3.938695773528388
11431,2.456015256613894
11432,4.375102778693891
11433,5.886416540581994
11434,6.101142912460797
11435,3.5324065897590957
11436,7.083465466293774
11437,6.328406761501171
11438,7.972890678633512
11439,7.706549905015748
11440,3.737335497407811
11441,4.7760279127960406
11442,4.075261711419795
11443,5.052999656534227
11444,4.432532902443284
11445,8.643228678815161
11446,8.088696424499682
11447,2.1035730562786887
11448,5.9304890263411245
11449,6.847850891646324
11450,6.376162736096363
11451,6.588269696957235
11452,3.0901208172822807
11453,7.932583927980163
11454,4.46825859384117
11455,5.924949775628926
11456,6.391967575026409
11457,6.518499308174209
11458,7.988514506413178
11459,9.091383937202156
11460,6.221154652328856
11461,5.9220091039054505
11462,4.946945379793487
11463,4.703726320628752
11464,5.754479651200681
11465,6.340317681295208
11466,7.883599399929303
11467,7.087265016844688
11468,4.911623875815296
11469,5.956215077976337
11470,5.02714032269227
11471,7.770425060741642
11472,6.517861730827408
11473,4.29512913574127
11474,5.172953268545571
11475,6.93241592251176
11476,4.914450167880624
11477,4.136806835233836
11478,6.046898382624503
11479,6.120486495631338
11480,7.317834945691079
11481,5.856665892223276
11482,7.126886487135241
11483,8.351294877685335
11484,7.210758534334162
11485,7.542887699523227
11486,6.805255648521053
11487,2.4478536374537523
11488,6.0091178942330234
11489,7.54824861584744
11490,6.413655152425716
11491,3.1851586629233837
11492,7.218552162969368
11493,4.611004274144038
11494,4.651022639422697
11495,4.761063804903971
11496,6.198288660308913
11497,5.727957263356213
11498,5.248463471591284
11499,5.973830881548333
11500,1.879803700740823
11501,4.586879630720857
11502,5.260271083061131
11503,3.5185312531539434
11504,4.541636105953229
11505,2.929433380303677
11506,8.368228678758449
11507,1.1363654508881575
11508,6.013918325991288
11509,6.950776061116147
11510,7.819355281105292
11511,6.347557975902383
11512,7.761913440508155
11513,9.854577865033008
11514,4.955763465540068
11515,6.0997991380849275
11516,3.997548471739673
11517,2.313721915469805
11518,6.253529126582993
11519,6.150110310751824
11520,8.294031921753888
11521,8.815929260432355
11522,4.9945824879768725
11523,4.643367680093487
11524,6.8316354666999946
11525,5.296499675543678
11526,6.36047117262105
11527,4.253705424443003
11528,6.420244552980238
11529,2.226011749155683
11530,6.937380057147346
11531,5.90276734255519
11532,7.013892398018678
11533,2.7862109262395336
11534,3.469164924505356
11535,5.569226505170494
11536,4.1003356636824275
11537,5.9633628345500265
11538,7.663972659652627
11539,7.164484934469918
11540,6.361891426156459
11541,5.241573640434065
11542,8.196917024547878
11543,5.726544186779943
11544,4.8663638372071505
11545,2.2794020536787443
11546,6.967722806879456
11547,6.076505566624341
11548,7.532087480278052
11549,5.328670322783132
11550,5.801521314669076
11551,6.379224136373368
11552,7.996260854556176
11553,6.511445767921565
11554,4.468340764586893
11555,3.8711829477945647
11556,5.350539328970401
11557,6.3306202773066715
11558,6.306356484828845
11559,6.566195007606819
11560,6.203819948602391
11561,2.528825213296364
11562,2.966981621015436
11563,2.1369716684022633
11564,5.3002570291891935
11565,5.527397263839735
11566,8.568196766551662
11567,5.406359183480351
11568,7.483390077400591
11569,3.8966171281542903
11570,7.097625439918023
11571,8.10375501461813
11572,6.446940596366754
11573,6.498128466507831
11574,5.258523356161259
11575,7.591362214100176
11576,7.277438179505812
11577,6.0781758755068775
11578,7.057523160354065
11579,6.284962681913213
11580,3.2311152377547634
11581,6.409540042062542
11582,6.100791795091458
11583,6.616361960205673
11584,6.784348794487771
11585,3.0618772836084887
11586,4.8341330608253115
11587,4.349635389974788
11588,7.831911742274354
11589,8.860579888396913
11590,5.501869104502827
11591,6.878703561591052
11592,2.4815630280684093
11593,1.9818896708723273
11594,5.96308462610618
11595,7.373149559130918
11596,3.890940514493834
11597,5.006475374151671
11598,6.961243333219878
11599,5.077745871421502
11600,2.666000363733362
11601,5.220200665330996
11602,3.8565397107695554
11603,6.053151614389826
11604,6.800856528031652
11605,7.243128840065504
11606,8.683404764297189
11607,4.480531623093112
11608,3.9375324534884424
11609,6.379937798767329
11610,6.476939715880429
11611,4.586532000783387
11612,7.393940209183675
11613,8.819269450312365
11614,5.389848150852067
11615,7.765136261828899
11616,8.130536903706442
11617,5.475203475065058
11618,7.079856205061516
11619,4.467839631086909
11620,5.28541030695062
11621,7.679838558049685
11622,6.811827447481784
11623,5.035213833185503
11624,7.476152770185564
11625,6.390896485410439
11626,7.23318072812369
11627,1.2581692709583865
11628,6.035231300390956
11629,7.517097099838114
11630,6.865453378608764
11631,6.779876974138153
11632,1.8272130688772932
11633,3.2273864508425483
11634,8.656191525379842
11635,5.980275472620156
11636,4.741057362967963
11637,6.097184127352783
11638,5.782366894228386
11639,8.121384000648973
11640,6.004612560937558
11641,4.25730533686006
11642,10.0
11643,6.67442566614123
11644,5.755057176106615
11645,4.915731855346294
11646,3.9191402806864444
11647,4.645875253328141
11648,2.765034705880034
11649,7.713164660642905
11650,5.7991303380958374
11651,4.603819020384172
11652,5.262647295260598
11653,4.33264888319047
11654,6.609151942249774
11655,9.089854109067108
11656,6.8500429285191915
11657,4.9095380345687065
11658,7.309954908366161
11659,6.747901301419297
11660,7.610717699515908
11661,6.931115123821403
11662,5.886507178269891
11663,7.9936908497497265
11664,7.250489360958803
11665,8.324755420445355
11666,6.784368930020161
11667,7.7894665727858765
11668,6.399256092598078
11669,8.264869121572882
11670,3.7570243855595375
11671,5.203401190820104
11672,4.120403333228567
11673,8.397635847841668
11674,6.374080450887433
11675,4.705742302991598
11676,7.89319287794852
11677,3.853732161516588
11678,3.2291596099694857
11679,2.1784624889536555
11680,3.8008745500080545
11681,5.440520286364226
11682,6.335010306526243
11683,8.887291366890786
11684,3.47888051307333
11685,4.1884963121540615
11686,3.800713203628569
11687,4.36211716454214
11688,9.642519099756214
11689,8.035671008091391
11690,3.4408613909647348
11691,5.416966887258072
11692,3.2740077258957667
11693,9.239330392844106
11694,8.021499940331509
11695,4.396217678871209
11696,1.8423302633024117
11697,6.0163332221356915
11698,9.472476202331848
11699,2.7500397537776573
11700,6.906317807093831
11701,1.4520680868545406
11702,2.448288524478121
11703,7.2137509408313365
11704,8.155922425733891
11705,3.1390277463083693
11706,5.322999768207686
11707,7.5627961059222315
11708,7.121797151838702
11709,6.302098444335121
11710,6.92530267733055
11711,4.199871505696558
11712,7.7837568174867435
11713,1.5686918766573603
11714,8.110064707931445
11715,5.996578721415134
11716,5.637496255761858
11717,9.563492898011152
11718,2.956000812746664
11719,8.75410720947189
11720,7.85796930204855
11721,6.862161263829823
11722,1.703644616550012
11723,7.158936988659253
11724,9.44191798006071
11725,5.528555936760636
11726,2.3580212181619578
11727,8.363251954291457
11728,6.8477115420399794
11729,6.6667356285132335
11730,4.124580044689255
11731,5.815519586855505
11732,4.96434979169913
11733,7.5995814207317745
11734,5.870305105116087
11735,4.818993185467001
11736,1.9690444721600417
11737,7.385124591460768
11738,7.499447695992602
11739,5.791178858836194
11740,4.169137697396005
11741,3.4227219375368083
11742,5.108858185076975
11743,3.187321292523727
11744,6.720817376495889
11745,6.400279252427694
11746,2.441949429380827
11747,8.019596986942014
11748,1.5022554278184186
11749,5.088559971415154
11750,8.111404268856989
11751,5.952704133387148
11752,7.348885470317086
11753,5.102097934072974
11754,7.8518727051934984
11755,8.250345694052545
11756,2.324208683822181
11757,5.67587146828104
11758,6.333849717657317
11759,5.798896209006127
11760,4.616423075864479
11761,7.467979175384391
11762,3.8702527860174856
11763,6.4299216930578815
11764,9.594791625536693
11765,5.341073894022978
11766,6.052312664343175
11767,7.118787754181083
11768,4.909509238045905
11769,7.260960992396219
11770,6.86178596047715
11771,1.9338574399279171
11772,6.355688893568102
11773,6.498926383648092
11774,5.570792914516813
11775,5.2595411498893725
11776,6.636813311694018
11777,3.1418963508223516
11778,7.426664001509568
11779,7.82236945146845
11780,6.412990762253909
11781,8.136664926965413
11782,4.441159456562092
11783,6.556418569360213
11784,6.566598276280783
11785,8.36125264280697
11786,8.760637637225551
11787,4.98937147925245
11788,6.835512451054955
11789,4.849556865262217
11790,6.417362127832503
11791,4.358373108196204
11792,9.524390476004772
11793,5.991441044482819
11794,8.001586196554554
11795,8.469836563120978
11796,4.975900576678017
11797,8.636872702713537
11798,6.746216738808063
11799,3.5820271742270213
11800,3.942425833866264
11801,7.064372433212439
11802,3.451113460630247
11803,8.291691773803262
11804,5.641257987392625
11805,7.074867756284549
11806,4.4000235721780925
11807,8.05232625923679
11808,7.367942837926736
11809,4.627964919041807
11810,8.394215809023843
11811,5.730124282662512
11812,4.858490503393392
11813,5.78200285303755
11814,6.463896964718394
11815,5.928391016732638
11816,6.387853611488027
11817,4.27088423447565
11818,3.950198582445767
11819,5.120548763139872
11820,7.143019353129148
11821,2.958387896712388
11822,4.486920811223887
11823,4.858379527708602
11824,7.735058769324572
11825,9.861428034657614
11826,6.942465571382973
11827,6.2042859890219315
11828,3.4574527669932955
11829,6.001269155328467
11830,2.7018446577221376
11831,3.403936919037754
11832,3.7087524741007964
11833,5.062702186668708
11834,2.9122463876930604
11835,7.298505492440425
11836,5.311797097107509
11837,4.390113448618203
11838,5.307349694475846
11839,5.281198722711596
11840,6.713946647130141
11841,4.512839296568442
11842,2.9388199030929454
11843,6.265926533184907
11844,6.699891078874355
11845,4.622845314305533
11846,9.367836239503486
11847,7.973551908104171
11848,8.029118854368958
11849,3.2915907937643176
11850,3.8263328015521734
11851,9.053353143657901
11852,6.8844213574947855
11853,8.088368126505426
11854,5.399211349625695
11855,6.191021925325558
11856,7.3662521102910254
11857,8.195953858550075
11858,7.4858851052886966
11859,6.255391463257288
11860,7.502735769019019
11861,3.410385114209725
11862,7.048938233868805
11863,5.709962757334514
11864,6.216876130912933
11865,5.36617982763244
11866,3.0018502711373074
11867,5.620823885192328
11868,5.532004621154446
11869,2.4899038171197896
11870,3.087137653354782
11871,7.005340090056608
11872,8.820582780649222
11873,5.309773109406831
11874,6.742397391116501
11875,4.525190980299529
11876,9.365102956384206
11877,4.669335118662568
11878,10.0
11879,8.815032672943342
11880,2.9990411683512685
11881,4.847081211329996
11882,3.3707153045010787
11883,3.126188679657931
11884,5.428781419999925
11885,3.862892485447355
11886,6.2675195696322055
11887,4.894851611779483
11888,1.7998702553143673
11889,7.461143158461949
11890,4.8399533612512124
11891,8.304531261704577
11892,1.5775735345617803
11893,6.247938366165099
11894,3.761874846506408
11895,7.562140422048703
11896,6.4413290201256705
11897,5.68457359669601
11898,3.9459291737571034
11899,6.67912978033765
11900,7.65997493262804
11901,6.998926477839946
11902,9.293403261232887
11903,5.004315127787439
11904,7.107986650610315
11905,6.489846544147126
11906,5.884517273701984
11907,4.570991476886307
11908,9.197471133201443
11909,7.204632187943005
11910,8.381953507819563
11911,4.936038998796055
11912,5.810773893777013
11913,3.013115711615484
11914,5.07686064144591
11915,7.040156393610584
11916,5.95181409841592
11917,5.659325443071126
11918,7.015812856858903
11919,5.366046421341275
11920,8.582710590222224
11921,8.397950393586331
11922,5.996282615876621
11923,6.062591104070613
11924,4.213190551781247
11925,4.378267265589955
11926,7.888605007419683
11927,3.7015171873929305
11928,6.252807435689857
11929,6.690479876528845
11930,5.844568274042986
11931,7.804833367739697
11932,6.8601160954894365
11933,9.726361789767894
11934,4.915214574218529
11935,3.356123037274766
11936,3.9715143746479233
11937,7.336804835989639
11938,6.222793190119036
11939,7.014756331711883
11940,2.605699029036007
11941,5.527623207289452
11942,6.060504341343604
11943,5.487707534381307
11944,1.8638234176992343
11945,9.377384539296191
11946,7.778269692320816
11947,3.2125246904094062
11948,6.516928763300273
11949,3.763088895034497
11950,4.454812564127482
11951,6.507827303304243
11952,7.311691005262403
11953,6.2133102137410035
11954,7.94192448622904
11955,10.0
11956,4.529816021522667
11957,5.410253055652876
11958,5.041194675115509
11959,7.391289131561824
11960,4.430195185896347
11961,6.991054784867792
11962,6.688853706352443
11963,9.882802336200658
11964,6.740501710117671
11965,5.530254627522612
11966,8.653923065192044
11967,5.798168286412878
11968,8.262443637533918
11969,6.25172619479747
11970,4.829552824420479
11971,3.611533675228737
11972,4.298854621433241
11973,7.545779514168931
11974,6.4103636564813575
11975,4.234928292266288
11976,7.7745543094524265
11977,4.615270632821478
11978,2.04655034016577
11979,5.742394254970851
11980,3.7452483006099087
11981,9.424189568211924
11982,7.3552829375692435
11983,5.5638068190522
11984,6.556170415140353
11985,9.266595326837567
11986,5.310886513883352
11987,7.144083991970021
11988,5.201067288280036
11989,6.73226088248675
11990,7.5787574534294135
11991,6.173414432108396
11992,4.757868370035087
11993,3.992484497406111
11994,9.252448909272154
11995,6.898408647023241
11996,3.847475722095843
11997,6.281158916429746
11998,4.642217531890423
11999,5.3450619556657255
12000,8.616288461882894
12001,7.526830841477091
12002,5.37325658891663
12003,1.559650315310787
12004,6.557247981612271
12005,4.308474113850508
12006,5.37662102274716
12007,9.119372051572945
12008,8.171889758286314
12009,6.257470356426018
12010,4.386050844116081
12011,4.359800858246441
12012,3.4686839598224783
12013,5.15241326362649
12014,6.55626608469645
12015,4.012390475790037
12016,7.985595298558972
12017,3.7152954394102475
12018,4.410115711246271
12019,4.9334801080412
12020,5.0233135651298255
12021,2.9681177842623563
12022,4.727342466581325
12023,3.920579050240902
12024,5.427357083949628
12025,5.2477734911510865
12026,4.130791000257921
12027,4.915902590319243
12028,6.659828883820783
12029,4.0006042913243345
12030,9.30809879672519
12031,5.156449165173576
12032,5.230730522819627
12033,8.21979180218036
12034,7.743033356142109
12035,9.74744377799837
12036,6.787545550123466
12037,7.430705116599114
12038,9.559128121524076
12039,3.27528329934894
12040,7.695264463659668
12041,6.9496805002899835
12042,7.374978042218789
12043,2.675524491176998
12044,5.286592101675754
12045,6.291108800108725
12046,6.627780679695702
12047,4.254157869120246
12048,6.143075495190892
12049,8.148164461900807
12050,6.857909018167016
12051,7.773767171924131
12052,8.662590389631596
12053,7.021450904560252
12054,6.382430885510653
12055,7.532029411850813
12056,8.764983321181344
12057,8.783186859848902
12058,7.157772667866935
12059,3.892739754942271
12060,9.753947202702463
12061,7.9119194376477395
12062,5.664453652493751
12063,6.57999577775618
12064,7.6414609876743125
12065,7.5633598171204435
12066,5.613784856911731
12067,9.751360751955419
12068,4.982019163463599
12069,5.869749395958615
12070,8.27787936247677
12071,7.663948434165819
12072,6.436213074672483
12073,3.6521352331726056
12074,5.939604907542052
12075,8.396532709429565
12076,6.092347596468988
12077,2.963544733059387
12078,4.061872158503849
12079,5.417437939857003
12080,6.456390785094425
12081,4.566241719159416
12082,1.889205261271365
12083,4.972090882373385
12084,6.729204412183551
12085,6.437296094038887
12086,6.559726100826174
12087,8.060983906714945
12088,7.012704801091436
12089,6.250065843403824
12090,5.376971723022585
12091,3.4918388662884166
12092,6.4024915648119
12093,5.913457965705611
12094,4.959915004610753
12095,2.189806605155691
12096,6.315593961376244
12097,3.619246033459437
12098,6.309317126489788
12099,6.09925814145917
12100,4.102057817586384
12101,8.007287424615829
12102,8.59790110723316
12103,5.9796804849558765
12104,5.9764019485092925
12105,8.302316485142981
12106,5.426660647932815
12107,8.203088915425125
12108,5.62315520985387
12109,6.73478303950282
12110,6.741066303410892
12111,6.268823171009407
12112,6.346977899858671
12113,5.426510446234735
12114,7.753679401856158
12115,7.004654450371554
12116,7.139006990014568
12117,5.956317670781287
12118,5.359806156739257
12119,6.965429141906544
12120,5.74724190722284
12121,3.8161754531222942
12122,5.347088031137377
12123,10.0
12124,5.7740768788457215
12125,8.01201936196606
12126,9.042391968676519
12127,7.089210457308749
12128,7.659827045108395
12129,6.8442198866010475
12130,5.588277493579359
12131,7.768624703289461
12132,4.780941698588714
12133,5.8394043051617075
12134,6.157591383217493
12135,4.638341503380731
12136,4.628179767835123
12137,1.1165012790796844
12138,2.868938076774307
12139,3.300302798533522
12140,3.7250160800519914
12141,9.133212106776233
12142,8.73607086902991
12143,7.468907875828208
12144,4.7703236382406935
12145,8.483551625496556
12146,8.89982530400384
12147,7.609762332051968
12148,8.053104247407356
12149,5.794219372705825
12150,2.4627828123020414
12151,8.090831037191634
12152,7.792005829028133
12153,8.739028777910772
12154,7.007507579884773
12155,6.35181539682905
12156,9.317516261616358
12157,4.373698164854018
12158,7.4230250384538
12159,8.496792517280117
12160,8.945232088428668
12161,2.2381654989265076
12162,2.871912855741587
12163,7.425048012874751
12164,6.409383917101576
12165,7.9552828070401365
12166,7.942301847575538
12167,6.235170609808447
12168,7.308559760582039
12169,3.516763634201129
12170,6.683314359900404
12171,6.002633658123394
12172,5.663485057938832
12173,1.3785977276661558
12174,2.9189081711070646
12175,5.924448971253776
12176,7.60843006686686
12177,9.734968468777785
12178,4.743010297891772
12179,7.189493661169992
12180,9.197257813609756
12181,3.3482953945880416
12182,6.992875379265332
12183,2.7763533052402236
12184,7.379317659673363
12185,6.570412627263437
12186,4.305248118749324
12187,7.504304367106493
12188,4.601255917597509
12189,4.770238144466067
12190,1.9753339790277036
12191,7.505328302127958
12192,7.78633855753592
12193,8.373549004193952
12194,6.580199193484739
12195,8.210431504955466
12196,6.20756920604879
12197,6.821160590273953
12198,8.575624187500361
12199,2.82867054589281
12200,5.323368761552917
12201,4.598773868832185
12202,2.137981105106424
12203,2.51961166606756
12204,6.31385378926998
12205,4.4724774622166255
12206,4.944858044797922
12207,6.086322539319967
12208,3.07010545090421
12209,5.348756802641118
12210,5.179350909648955
12211,5.063467502927157
12212,8.12037218243028
12213,5.977250482512453
12214,4.277650858767162
12215,4.221860115075118
12216,7.55805017128765
12217,5.103615372034593
12218,5.849135259621665
12219,5.163366482562601
12220,8.509229524180865
12221,5.5392551343634775
12222,3.3519941831982822
12223,8.46962744774363
12224,4.6770988831104745
12225,6.389328695385565
12226,7.57881542286117
12227,8.567981061243003
12228,4.559187443285684
12229,8.117913193663119
12230,7.318928771280547
12231,8.013485291054202
12232,4.734664195420212
12233,8.079735373492504
12234,5.595351765446721
12235,5.75343272478003
12236,8.61289229081777
12237,6.668018640916115
12238,9.292391682364833
12239,3.9498332470548587
12240,8.460561190847457
12241,3.0162605492334054
12242,7.66554171941439
12243,6.103383206800759
12244,6.328480408278453
12245,3.707882502197815
12246,3.3734223673660826
12247,6.50149817724108
12248,3.646672700544121
12249,7.291756941748023
12250,5.850556548215519
12251,9.00217131477783
12252,3.9874833938171084
12253,8.91688878375368
12254,6.4162378689717166
12255,7.71433419474854
12256,4.082742477705302
12257,6.038676486214353
12258,4.95116842037698
12259,3.881583666033581
12260,2.5790489005131647
12261,4.090950765564518
12262,7.987688311397574
12263,6.308346536442318
12264,5.342918694856117
12265,6.491552120158143
12266,5.028064685764939
12267,6.08080963669701
12268,4.743505485549297
12269,6.80768517365437
12270,6.69287552251146
12271,3.2685117951238682
12272,3.986893781694755
12273,5.618457815393045
12274,5.36208064980127
12275,8.524935773108647
12276,6.162596855399467
12277,7.064271460930517
12278,4.222149254809592
12279,6.681403761085434
12280,6.257646863094669
12281,6.12769874166518
12282,9.073456174298428
12283,4.336487068763496
12284,5.999065341054311
12285,7.556878908696099
12286,8.034210136333485
12287,4.67862766706893
12288,7.744706197904007
12289,4.25395543611769
12290,4.244752249035211
12291,4.994074462485809
12292,5.23174611360681
12293,7.167480944497339
12294,6.018876596935641
12295,3.3781923608183932
12296,4.100993637693627
12297,3.906001914168691
12298,8.271579277164298
12299,3.9313128492728344
12300,3.704767465541718
12301,6.742982514204767
12302,2.6426906460679453
12303,2.2293918405922435
12304,4.137652291885973
12305,3.9475845583303526
12306,6.458890244832642
12307,9.28580941299305
12308,5.039006056000995
12309,5.391091643664856
12310,7.3306811258735625
12311,5.419650981077821
12312,4.9473613547929745
12313,8.141268502595253
12314,6.788614299306797
12315,4.066183753217957
12316,7.722118422880032
12317,5.685232926890643
12318,4.156479417095953
12319,5.236568367097133
12320,5.853420760435116
12321,6.660173235527985
12322,5.588425634003682
12323,7.562201862291311
12324,4.444459291773476
12325,8.13961154383297
12326,4.098245991739612
12327,9.232057775601806
12328,5.058801772396602
12329,6.832979291246307
12330,8.345882973198808
12331,4.137887993164791
12332,5.923776677516857
12333,6.87419418193236
12334,8.01747044927238
12335,6.442786569263603
12336,6.163883894096344
12337,3.112458995993341
12338,5.91376863745452
12339,6.676109449782913
12340,6.530692403543074
12341,7.124539789780886
12342,7.211856318604724
12343,10.0
12344,3.2309766873461587
12345,2.2192563118585187
12346,4.916823972876865
12347,4.127921347338554
12348,7.577993124493039
12349,7.355615493331813
12350,8.939816808727624
12351,8.864549965887615
12352,6.331736905551824
12353,5.624893692946686
12354,7.052938625356303
12355,6.617819412668645
12356,8.912158405778142
12357,3.8406700285610897
12358,6.4547070552487185
12359,4.737690110958912
12360,4.5516268384763015
12361,6.052353142153982
12362,4.637114364948438
12363,6.735011250379068
12364,4.776629808230038
12365,7.640136325008417
12366,7.7139124191483734
12367,3.9376179871023327
12368,4.5609300276868305
12369,9.03482169263507
12370,4.923768615071958
12371,5.419263133516241
12372,5.551355787218578
12373,5.802846849580495
12374,6.691282271381592
12375,7.547578624274186
12376,8.951714869480814
12377,9.422681463029036
12378,8.953507062452822
12379,6.377995055993064
12380,8.255346196710374
12381,4.458877089724717
12382,4.893498444178428
12383,5.738757059862771
12384,0.8420105143478946
12385,4.318655848999974
12386,5.235642566051907
12387,3.9742625129937044
12388,3.2818695424756896
12389,7.143442727098725
12390,4.194594681233653
12391,5.061628058123417
12392,7.379272763879676
12393,5.410863778048542
12394,2.9937542225261438
12395,6.393110602082979
12396,8.833297560170756
12397,7.101980773808007
12398,6.3906924081985785
12399,4.819120082740136
12400,8.225552645026276
12401,3.5918215231400543
12402,6.8354226961885045
12403,6.0748025673598125
12404,5.840399554866904
12405,3.928745133726955
12406,6.205043503514728
12407,4.869245358629116
12408,3.6947030676505714
12409,6.3728474078745085
12410,4.466580277744878
12411,5.422340328500283
12412,8.496698387355309
12413,8.43776269886661
12414,5.759360454421535
12415,6.457471137673114
12416,4.312991433251167
12417,0.8748062379328457
12418,6.166398996405453
12419,8.778021800102128
12420,4.958511017923862
12421,7.42825895110089
12422,4.922797817619199
12423,8.241757140524513
12424,3.2950129167120688
12425,6.635522883224291
12426,3.419411719937419
12427,8.00895641929726
12428,7.481306595895878
12429,4.733943309123429
12430,7.702508755136568
12431,3.9609428727612674
12432,6.0889110468516705
12433,6.421205781315782
12434,8.635023685470502
12435,7.779357915272312
12436,5.133453542179652
12437,10.0
12438,5.480536297690179
12439,6.191121829056271
12440,9.495329886478336
12441,6.889398247468942
12442,4.409682482188683
12443,8.143931981195282
12444,6.341399641734293
12445,6.431831442019398
12446,5.344122652113549
12447,6.900046093674912
12448,5.871575493447327
12449,6.562190848800036
12450,8.553393042098588
12451,9.114608681688606
12452,5.75120053194485
12453,7.456280126931567
12454,7.1275635074013355
12455,5.151774226636389
12456,4.479032531021727
12457,8.37027892190074
12458,5.91653779087123
12459,0.14175362500036418
12460,5.956890643053159
12461,9.506650253024373
12462,6.090118669103942
12463,4.445070247168167
12464,7.42441094139493
12465,6.9250866532406725
12466,5.382093967563687
12467,7.691341705924796
12468,7.527451563907741
12469,7.95053671143199
12470,6.377499481642445
12471,5.2996455945758925
12472,5.35054474302915
12473,5.60371593135519
12474,7.804065538228233
12475,3.5308704946725147
12476,1.5844417401732458
12477,8.70551188643093
12478,9.342842823352186
12479,5.3915701839874375
12480,7.606223591076159
12481,4.867843496802864
12482,9.732293799182992
12483,6.455323071083161
12484,4.917278295878408
12485,5.241049675976674
12486,5.94740941402057
12487,6.539413379730744
12488,6.354518202487888
12489,5.341621857688714
12490,7.0122845518043855
12491,4.589986280660251
12492,6.102628291201681
12493,5.862592339237532
12494,7.589387022215657
12495,5.879525901428494
12496,8.214277216735573
12497,7.461374643535885
12498,8.325316202520568
12499,1.952297387243179
12500,3.1623071522868234
12501,4.055643141364539
12502,6.611279451043002
12503,5.395048311781329
12504,3.9735162474338237
12505,4.94671666014114
12506,0.9712077139734441
12507,7.377574388574628
12508,8.296886463657037
12509,5.293004475401355
12510,7.01932764401502
12511,5.521982648017718
12512,9.36348012930243
12513,5.83079494434592
12514,5.390635105732877
12515,5.887720563816224
12516,4.458326737208569
12517,4.378975866597692
12518,5.733338684099548
12519,5.9149354036023905
12520,8.07802584160039
12521,5.091772963153966
12522,6.446492329634476
12523,4.177709565797831
12524,6.648628786170078
12525,2.2794114362469973
12526,3.8854815622334766
12527,7.184492565653926
12528,6.717062194813202
12529,5.424123086602727
12530,8.733438414781943
12531,6.246651674440049
12532,4.5834486634299925
12533,6.508686595557213
12534,4.088598438147532
12535,6.827510468334616
12536,4.280788338820585
12537,4.661941738826632
12538,3.3033220672054955
12539,5.547193508166708
12540,8.249571071424802
12541,7.0190875192758355
12542,8.824610532282886
12543,5.615676212813282
12544,9.408150492858656
12545,6.340471519616765
12546,6.685834064170951
12547,7.275398405627527
12548,8.132045230548599
12549,5.8319577985209
12550,5.49341357905217
12551,1.8279957359452679
12552,4.838828432088231
12553,7.23400054020345
12554,2.129789887816299
12555,9.906386831101694
12556,8.399251402904408
12557,8.310495553745643
12558,3.4801441001234563
12559,5.635589899301312
12560,5.196309828833044
12561,8.61561501980649
12562,6.573315193799187
12563,3.551057595457089
12564,7.795497134100185
12565,6.784962072908375
12566,5.873268223289821
12567,3.787453712243864
12568,6.137241783885773
12569,6.164970618481927
12570,6.328382512352837
12571,8.742714987238259
12572,5.078213233571386
12573,3.1324854759072935
12574,6.809598142157377
12575,5.816166963955716
12576,2.3993180277702093
12577,5.501108019341432
12578,5.989740872809092
12579,6.460899840620744
12580,6.193665042619605
12581,5.840228020729293
12582,4.1246496097227965
12583,5.914435278280621
12584,7.611300171575998
12585,4.070010405866519
12586,7.242283744657676
12587,7.832220821680604
12588,2.115281710933054
12589,3.3455842072437134
12590,8.83455217964455
12591,7.318371850145438
12592,6.3059875443747675
12593,6.487955577300541
12594,2.77038936439678
12595,6.968749052023725
12596,7.799906384995143
12597,7.291676645536803
12598,4.996669768545053
12599,6.038825773685097
12600,4.4218515937012075
12601,5.925126228899854
12602,5.885948566201526
12603,8.536504444788658
12604,9.490168963682539
12605,9.695844195277695
12606,6.426407849459883
12607,4.664828672581122
12608,7.281674352389439
12609,4.4036015640090325
12610,5.113812630822361
12611,4.546363799683026
12612,5.79103070348547
12613,8.454003996554853
12614,6.402381014719069
12615,4.870534914082409
12616,8.346438161690232
12617,1.9327941299311753
12618,5.039145490004846
12619,6.504689819600692
12620,8.358651020714056
12621,7.925344707167618
12622,5.5578356051518885
12623,6.814364190549387
12624,6.654994825550395
12625,7.220162172902923
12626,6.176239454466107
12627,5.67649367817577
12628,7.771058816393902
12629,8.241368466023388
12630,7.456994910019542
12631,6.13665144486138
12632,3.8239186683503013
12633,6.827588341882719
12634,4.836497449727807
12635,4.892122688642683
12636,8.375636651312648
12637,7.53512630042643
12638,4.331632127255558
12639,7.126042428544526
12640,4.535655539502894
12641,6.070004642877732
12642,5.889268828117161
12643,7.400720399526051
12644,3.066457030626413
12645,6.165618663148008
12646,8.257620600665618
12647,6.832545278007686
12648,7.7707045380850985
12649,4.475167217930956
12650,4.223557829560124
12651,4.806718407847569
12652,6.52800766447225
12653,5.9145615472492725
12654,3.6752442931033382
12655,4.897346189801681
12656,4.670179203756206
12657,7.09674932185263
12658,8.11439622596954
12659,5.936541516545439
12660,6.292181795299781
12661,3.814014322082421
12662,6.166093770258224
12663,5.751726254162165
12664,4.271621770273163
12665,8.49605660515885
12666,4.933189159050808
12667,8.550702150812977
12668,5.682462784553472
12669,6.280137792147851
12670,5.279023838668684
12671,7.845269028562542
12672,6.883958223143544
12673,2.7438698547327096
12674,8.511829868059817
12675,4.464863613223457
12676,7.935143322577932
12677,9.969360297795323
12678,9.10631993382779
12679,6.259298214342687
12680,6.631915512996892
12681,6.5388342795903736
12682,7.218410021043335
12683,6.680910502026144
12684,6.880623583342957
12685,7.340142264856313
12686,7.427932028159157
12687,8.255928388918448
12688,6.02105704523532
12689,4.760793496320324
12690,8.84084706520799
12691,5.99738361697697
12692,8.174666500150773
12693,7.828887042229367
12694,5.318146970890719
12695,4.734735115376666
12696,4.614536622185703
12697,4.0774220176141975
12698,7.85249738861518
12699,6.424490753223656
12700,7.952846445407818
12701,5.458160263771618
12702,5.308014120921479
12703,5.879680398059827
12704,1.4742263311124386
12705,3.097972573769668
12706,6.674487659218353
12707,2.6491169227276776
12708,5.826579761953639
12709,7.7461698142671835
12710,6.653062115896741
12711,1.969067643619888
12712,5.415094579334071
12713,5.780340438773692
12714,4.187929762844444
12715,4.988041416580808
12716,7.609627276190343
12717,5.959084856504576
12718,5.193260642503189
12719,4.80306833866812
12720,6.088950529042727
12721,8.742451084114155
12722,4.870079993059596
12723,6.411117247308896
12724,8.285123728650703
12725,6.344949793911094
12726,7.083985467963231
12727,4.701435106393092
12728,8.603043061968503
12729,3.92769913144274
12730,7.407003690806896
12731,8.997938620601612
12732,5.410188865133315
12733,4.330845322284786
12734,6.659955433343722
12735,7.211824886033604
12736,5.940849276799879
12737,8.323566673038052
12738,8.066814829824823
12739,8.568977565990606
12740,5.171430916346994
12741,2.2881611191604847
12742,6.0707224700774205
12743,8.60578493671289
12744,6.272962157430905
12745,8.811968230343561
12746,4.042618391614143
12747,5.693178504466749
12748,6.215149140952672
12749,4.055310964848086
12750,4.658478427939462
12751,3.619266525288495
12752,7.095137114175296
12753,7.735209336524844
12754,3.2536451897620626
12755,8.862690796166147
12756,7.190092954571805
12757,8.63831040984018
12758,5.547538279972619
12759,6.659058219995978
12760,8.332266768252907
12761,3.545177380172479
12762,8.578779128223001
12763,2.106570760481267
12764,4.659086102491259
12765,7.002448587273533
12766,8.151510504196349
12767,5.240067123173752
12768,5.596154584793242
12769,3.96042725658762
12770,6.608512764012408
12771,6.469969130181688
12772,2.917608901359425
12773,1.4352403885070584
12774,7.680535447290418
12775,5.1776743387036035
12776,5.217964716804355
12777,6.939536445083927
12778,8.150970523721723
12779,8.003490344216603
12780,7.363822212811733
12781,3.7307037570932584
12782,4.816071585529541
12783,6.804449711177122
12784,6.313691141042135
12785,4.508467896794448
12786,6.77827838374524
12787,7.568393817929342
12788,4.0562087325267075
12789,4.57410114279203
12790,8.84866608780529
12791,6.221986382497821
12792,8.469850751703463
12793,7.479167404767676
12794,6.6865214521759135
12795,7.106104741123273
12796,8.111221231260915
12797,4.647480544064842
12798,7.538026201427892
12799,6.162089462051277
12800,3.2941774545418125
12801,5.965423868054136
12802,8.73265837655506
12803,3.969553269285691
12804,5.620823758916295
12805,3.0000600969088764
12806,8.485881420904414
12807,4.344655561548985
12808,4.865683105308414
12809,4.766900875816239
12810,5.714816506504547
12811,7.592617756091425
12812,8.767632968345707
12813,7.682588534534796
12814,7.7728574582766115
12815,7.432470416667382
12816,6.420509287861462
12817,5.243737326183398
12818,9.263138255536061
12819,4.8245067205555285
12820,8.359320483981648
12821,3.180505143377216
12822,6.013110697145422
12823,4.913024981454443
12824,9.89278672508421
12825,9.32200311971631
12826,8.526929853523653
12827,6.293218501371854
12828,6.4011751947350515
12829,6.370370271965644
12830,9.081194028254316
12831,6.334143059899812
12832,5.291785858318092
12833,7.7019312072511
12834,7.184954011955167
12835,6.355231939452272
12836,8.876549415367762
12837,4.819063977999788
12838,6.664895044067024
12839,4.367390839650318
12840,8.695583324297044
12841,5.127557203451669
12842,4.024595601384033
12843,6.737579214863609
12844,5.395735562909668
12845,1.8734563732454808
12846,7.673855875346543
12847,4.189988905285723
12848,4.999642404959268
12849,7.419060609000424
12850,7.049527915264731
12851,4.777252840033826
12852,5.643399307904742
12853,6.222278466949371
12854,2.9962848692795374
12855,5.886421747829054
12856,4.54445684492472
12857,4.679322380596329
12858,5.320396839377475
12859,4.939044151506364
12860,8.438540204621985
12861,6.954676552057649
12862,6.311412077172699
12863,9.053555709374963
12864,5.130269900031985
12865,6.377359518344868
12866,7.3527982554179445
12867,4.475843636290026
12868,5.839346026792601
12869,8.84772122328955
12870,4.80931198609137
12871,7.1065176111155495
12872,4.481301285920379
12873,7.802398645543625
12874,5.283367608637553
12875,1.6272186094344945
12876,8.032363416206145
12877,4.6616690500630344
12878,5.24956994011021
12879,8.919364586187658
12880,7.319354447656007
12881,9.382251776741374
12882,6.429388473918597
12883,7.648687887807423
12884,3.8642794117208874
12885,7.975880059381711
12886,8.321266459515954
12887,6.5660551520929795
12888,5.242079409971883
12889,8.563079817793374
12890,4.179465859035947
12891,8.53904278148918
12892,4.502209660097013
12893,6.820599826929989
12894,3.5331405759422667
12895,5.5213675656556
12896,5.796639615313228
12897,4.153014324339036
12898,6.5322743089291215
12899,8.173139999407276
12900,1.6492775674884337
12901,7.534256777560537
12902,6.301942159115589
12903,7.205856277678535
12904,4.762483292730371
12905,9.259091972062887
12906,6.57127314407585
12907,1.981881314846985
12908,6.561271618512665
12909,3.7082715826642207
12910,8.907492452405496
12911,5.740701243942851
12912,3.0214710111485523
12913,6.858962886764823
12914,4.790570125167672
12915,5.28686823925975
12916,6.925571123090704
12917,7.6547792965377734
12918,3.5272231423074345
12919,7.193312396974038
12920,6.46401439542008
12921,4.876536769416047
12922,6.723176639711976
12923,5.62188337797922
12924,6.678836219129088
12925,2.3587738971292107
12926,5.233497682357081
12927,6.149297363296203
12928,6.555379243721227
12929,8.27259764851366
12930,3.9091784790722612
12931,5.216589421862059
12932,8.23136847219159
12933,8.173098347906857
12934,4.393896340513757
12935,7.779680050180556
12936,4.850364268776291
12937,8.42604355382704
12938,8.00630406929575
12939,7.236591198318234
12940,9.436783159639297
12941,3.8674881573077453
12942,3.9320797644356626
12943,8.768865644653099
12944,6.456527767674654
12945,6.022198713192063
12946,6.958091455674398
12947,5.46766703245983
12948,4.729137748929929
12949,9.203895533668861
12950,6.616726691335437
12951,2.1887723379978032
12952,5.732699629691703
12953,6.208287184630597
12954,8.984800260527557
12955,2.1829604735425017
12956,5.268907497523129
12957,5.937753954159777
12958,8.839304503418408
12959,3.501172502923265
12960,2.3169964410681825
12961,6.86907297583439
12962,5.366385397967637
12963,5.229871670859724
12964,7.8514136817397535
12965,4.502586440791179
12966,2.920286271234105
12967,5.398454381839327
12968,5.159042126036725
12969,4.856736264501152
12970,6.135523386025774
12971,4.623665491698714
12972,5.564245549838809
12973,6.954481209530745
12974,2.9277325063358326
12975,5.434741785563071
12976,7.2477979846220615
12977,2.9817967500778
12978,8.247475472958604
12979,7.922520440528935
12980,4.975205432445905
12981,2.9344416516794274
12982,9.872429205639865
12983,6.368666182719789
12984,4.851064919010806
12985,2.9401630405261514
12986,7.918368856832053
12987,8.240791010913242
12988,7.436800803017554
12989,4.2143908831756605
12990,5.902199525332495
12991,4.589810149716145
12992,5.274592806392637
12993,4.05258726970826
12994,6.7832933444032815
12995,6.712833931722183
12996,4.4567428768807975
12997,7.1022234668100825
12998,6.414359745037281
12999,6.373501816547684
13000,4.487123237969369
13001,7.719082089384338
13002,9.615268514069648
13003,4.9384059479229485
13004,8.94103553142162
13005,1.6228416384181532
13006,3.822446612121858
13007,5.105981228229414
13008,4.367022724127998
13009,8.557068465543425
13010,4.7292391978893455
13011,7.316121136960733
13012,8.162322366411926
13013,5.323376354207031
13014,5.42049569762583
13015,6.077806836403514
13016,6.837062896909151
13017,5.9728867040261875
13018,2.4163503679720253
13019,4.609475366899085
13020,4.719699054748018
13021,7.060942517227502
13022,9.159475668744676
13023,6.038586363872212
13024,5.442987057569905
13025,5.948060782645198
13026,5.290185666246076
13027,7.415609328742632
13028,7.707776627288757
13029,4.640766537387988
13030,4.754590025919503
13031,4.768229506192265
13032,3.17925267674402
13033,6.818082223647565
13034,4.3525271473591784
13035,7.652393881623038
13036,7.260301901427697
13037,5.394136739276309
13038,6.9054695649923215
13039,6.496560956005303
13040,5.17273612701022
13041,3.027464738655263
13042,3.79873195525359
13043,1.7409615855968648
13044,5.54697191613989
13045,5.3938942977142545
13046,5.18648049105906
13047,8.520118405023997
13048,7.610692766562905
13049,6.831337100744252
13050,8.419561839200533
13051,4.287350944236475
13052,6.6584421527642395
13053,6.799359549555136
13054,8.926194538967453
13055,5.2162662334937995
13056,3.5955105165387677
13057,1.9718736550017493
13058,6.496796053932262
13059,5.971609234733441
13060,5.777318772697747
13061,4.544553743744012
13062,7.182111806279867
13063,9.216491138783457
13064,1.7026699178279778
13065,4.349680199906423
13066,6.903915334295284
13067,8.75301708575321
13068,7.372659600591665
13069,7.350740842915973
13070,4.449705300608291
13071,4.463188811533538
13072,5.969955529910133
13073,6.607322411263912
13074,4.0461977967513265
13075,3.5196314414204357
13076,4.75233017912121
13077,5.827324263324806
13078,6.426524842353165
13079,4.268416134875197
13080,7.411118458502219
13081,6.083159452373833
13082,4.317247730695452
13083,3.5073701876599155
13084,5.097043895686729
13085,4.426148315725349
13086,5.665482614274904
13087,3.44377799102116
13088,2.9219591737717727
13089,9.10656379661928
13090,7.790471851872413
13091,8.020610561147604
13092,7.464933280645303
13093,6.209594776789547
13094,3.0819147705512444
13095,5.585784278173454
13096,5.890317252321505
13097,3.8953421995666715
13098,6.3188261860159285
13099,8.509560751139507
13100,4.194043107245545
13101,5.754171798551996
13102,1.1582988055349315
13103,7.048099026224087
13104,6.701857576815891
13105,6.92936553372121
13106,6.285082745118878
13107,3.5596874110911476
13108,8.561982502900456
13109,5.576569984162802
13110,4.606608840426305
13111,5.732767320252877
13112,7.350938203631639
13113,5.903695312850871
13114,8.690141890926707
13115,6.1961681233924
13116,8.10950883994612
13117,1.7431537171577662
13118,9.780465420133364
13119,6.470027122912748
13120,3.0102915696843535
13121,5.461414049633898
13122,6.7395919091444405
13123,5.793887518797187
13124,4.09232542509831
13125,5.397254526062584
13126,4.39419319788659
13127,1.9073238381534718
13128,7.722489736998222
13129,4.660424642316771
13130,7.474806987696356
13131,1.9753882551864201
13132,6.01146923571595
13133,5.202014254574678
13134,7.330347236635383
13135,5.1247228344395985
13136,2.2368135531744673
13137,7.009067809935562
13138,6.878654611454034
13139,4.92266458183728
13140,8.709066187686378
13141,6.571677485788094
13142,4.560792929654779
13143,8.128921378440484
13144,7.781034112860571
13145,6.170111202561285
13146,7.040339149398267
13147,6.701863434137188
13148,6.34730532990391
13149,7.4965662455757185
13150,3.808197301274582
13151,3.040563903542584
13152,7.179024468311431
13153,3.4065596557483224
13154,4.511040895732329
13155,7.290408731257899
13156,4.941817763429636
13157,4.594754676783074
13158,4.904386634301192
13159,6.657500321558414
13160,5.639313095720486
13161,9.881887599107841
13162,8.212891394834603
13163,4.337707003810902
13164,7.418006679745253
13165,3.912587777918673
13166,2.534108183186088
13167,6.175264051530938
13168,3.7525844613150587
13169,5.504168883510582
13170,7.71100291019113
13171,7.04687145255879
13172,6.136795881205543
13173,9.456297871818387
13174,6.365166147990727
13175,4.371961078481107
13176,5.664761317436902
13177,7.7455688725856735
13178,3.596756628061914
13179,8.48900811712002
13180,4.6463130750904735
13181,3.533593924126503
13182,8.12453911598544
13183,5.709807577322918
13184,6.664926036308334
13185,7.3374935669480745
13186,7.803208389055593
13187,7.252637080245725
13188,4.497201462254511
13189,4.382275062410546
13190,5.703148377091112
13191,3.3805167209138545
13192,8.556161636073355
13193,7.682660455788624
13194,8.286642738192286
13195,6.063848890090793
13196,5.601645185087277
13197,5.950815661580059
13198,7.508050579797224
13199,6.186827813420736
13200,9.135617670429513
13201,2.618511849854043
13202,5.170088179477894
13203,6.869333941648225
13204,4.575462945931688
13205,6.074800196827196
13206,4.2318029133245
13207,3.2832621023020394
13208,3.9875190964160474
13209,2.654564686295739
13210,2.7521024278501143
13211,2.5231926781114247
13212,6.9083170020787055
13213,6.650431008185083
13214,5.121953310011449
13215,2.839231271261076
13216,6.093150670162599
13217,6.271916792807393
13218,7.703113784911692
13219,5.994363986018247
13220,6.463623805132904
13221,6.290016265631951
13222,9.425487076839504
13223,4.814006828270739
13224,4.535938963548201
13225,7.714510406811867
13226,5.871841475240615
13227,5.499669931504135
13228,8.68285739330684
13229,9.101126924982655
13230,6.287024519280475
13231,4.508865823606582
13232,7.623690694223917
13233,0.10925899094672878
13234,5.201408860759661
13235,6.670079888054189
13236,6.331961222807851
13237,7.299382386905193
13238,5.612942290230318
13239,4.935806720267379
13240,3.466820778286351
13241,7.8303922202969645
13242,4.863818041250594
13243,6.8021361158096845
13244,6.108336739449269
13245,4.991678456088227
13246,7.318683603096156
13247,8.285023004322593
13248,4.782611066847975
13249,4.800912244310886
13250,7.98477939802369
13251,5.498834487974641
13252,7.943687815181093
13253,5.578420015568929
13254,3.131953978531998
13255,5.496453424038885
13256,6.829008044004289
13257,7.080014099405423
13258,8.082359035908953
13259,5.258337784589138
13260,8.530283062569211
13261,9.422110003568225
13262,4.37358199938882
13263,6.459967270124965
13264,3.359259657135099
13265,5.556817049415113
13266,6.540597968003
13267,4.047014650166949
13268,2.8699453714588907
13269,7.123219987136703
13270,7.572054470580504
13271,5.079255541595005
13272,8.45634037922635
13273,7.657599604356159
13274,8.131873897330633
13275,8.007500237307251
13276,6.485869442714454
13277,6.949729037174771
13278,1.1585805963757618
13279,3.651257281251869
13280,5.226481001342258
13281,6.285211371793931
13282,5.567989205452526
13283,5.33657908015369
13284,4.912169495476094
13285,6.837610603616969
13286,6.588060088695629
13287,6.797137621191606
13288,5.219866097457468
13289,6.75800369423559
13290,8.720681066587167
13291,2.8641047136499544
13292,4.825206088116894
13293,3.659291632303981
13294,6.985057156222707
13295,7.7286128481683
13296,5.801754106230348
13297,5.785567551795323
13298,8.219556652860803
13299,5.705123695854551
13300,6.32281669432704
13301,6.1788459913002995
13302,4.745235410146112
13303,6.996140856575314
13304,6.030830308483999
13305,4.232124834720038
13306,5.963392391377814
13307,6.900988671466665
13308,4.668912122708882
13309,2.888846508869956
13310,3.061709173652542
13311,5.64627978975124
13312,0.7145957102405033
13313,5.53839309236959
13314,7.469490665564342
13315,9.14529362212064
13316,4.8830217388734205
13317,3.5000796629822
13318,5.156923710688145
13319,5.837386659511875
13320,5.176968083577734
13321,6.103731252401959
13322,7.493303302279719
13323,7.860699429711287
13324,7.022642988303671
13325,3.183740756030779
13326,8.008950995308588
13327,7.033592634292523
13328,6.5911981600138505
13329,7.442215336326839
13330,6.666347531867633
13331,6.304345491093192
13332,2.129162417593679
13333,5.4029164486231025
13334,2.665126889244555
13335,9.935955447435413
13336,1.5971126486697134
13337,7.090501696975003
13338,8.461467311172978
13339,8.677195755854747
13340,8.092441415537689
13341,9.145785218286887
13342,5.664685166932609
13343,6.035787684867625
13344,2.9279403541438827
13345,3.4340566200169658
13346,4.221349621658963
13347,8.86240737998392
13348,3.9592533526347826
13349,2.9021423976123435
13350,3.373123535926487
13351,2.4901260522533737
13352,5.496076990868086
13353,8.135122176179292
13354,8.167577478186438
13355,3.1394712155244386
13356,7.1854858499652146
13357,3.8830748184122625
13358,7.965036006712337
13359,5.3958603815836055
13360,8.369396817533328
13361,6.824741881427704
13362,4.2200526382468695
13363,6.96603216075164
13364,5.2388304455719314
13365,8.379571573340748
13366,8.326943740369757
13367,5.028640481582517
13368,5.574847162551162
13369,6.556318714447206
13370,4.29320252102732
13371,3.392563821933515
13372,3.7276587630805293
13373,8.00381091884398
13374,6.606003805632682
13375,4.236040474773406
13376,5.083799923957885
13377,6.511164632747131
13378,8.710315733312612
13379,5.071822789618634
13380,2.29804671213258
13381,8.850103714970958
13382,4.012855179813198
13383,7.608229392451735
13384,3.379121817649302
13385,7.723190414991311
13386,3.068760793487164
13387,2.943599485529429
13388,6.1956761645397265
13389,6.278322917286067
13390,8.487054975032121
13391,6.680519374955134
13392,8.264524436645019
13393,5.468935113283058
13394,4.642934070730334
13395,8.879952577724673
13396,8.773981049175381
13397,8.003564760285972
13398,4.797467542342721
13399,6.912010024226603
13400,7.8818388376036355
13401,6.22043146641428
13402,4.243190556218464
13403,8.511864378265841
13404,5.7944122961826
13405,10.0
13406,4.171074983318569
13407,3.2486830325919227
13408,3.83038360482867
13409,7.511715080521764
13410,9.243690055843752
13411,5.3712436748659425
13412,6.1108045009465854
13413,8.725310512050193
13414,5.402795560972001
13415,7.079980436629317
13416,8.381838148805313
13417,6.348612659819472
13418,6.571341555463003
13419,6.966083823841313
13420,6.745200124144125
13421,5.032971971122258
13422,4.953369464363371
13423,6.4058627829980885
13424,8.742037489047402
13425,6.681148963266679
13426,5.581310852518179
13427,6.591309134772763
13428,5.395112388622638
13429,4.079580043102875
13430,3.805241149574753
13431,7.856070568237692
13432,7.794684029943339
13433,5.158518961455923
13434,5.817491003357777
13435,6.033312655315673
13436,8.735597433814478
13437,1.8225693104607874
13438,3.151821421280161
13439,9.960123081050348
13440,8.103852895135402
13441,4.276098700313068
13442,6.683618074018286
13443,5.747797470532438
13444,6.149053319014119
13445,6.742721432592573
13446,8.984862715617272
13447,2.169847668086171
13448,2.9484947667273618
13449,5.548240529590989
13450,7.6195066098365976
13451,5.517897575541617
13452,7.193129458767956
13453,5.063606607193426
13454,8.459947739727522
13455,5.183577001617035
13456,2.715818636107498
13457,8.016768888147151
13458,8.05598849334202
13459,7.190606393786641
13460,6.382068332669956
13461,4.565576185179827
13462,4.603924251090261
13463,3.218998414577819
13464,4.123248366121532
13465,1.3510243785682041
13466,7.914358584350228
13467,3.9966183834554387
13468,6.927351929609315
13469,5.000966814203177
13470,6.186853704512999
13471,5.290515110383954
13472,3.764278754720955
13473,7.35633749349452
13474,5.009092568407446
13475,7.19244417187217
13476,6.770352229464244
13477,4.048093358862767
13478,2.9956962481289358
13479,5.136289844237643
13480,6.453723219992364
13481,4.800152040094703
13482,7.584049809974005
13483,7.636161754156403
13484,5.84842569662246
13485,7.094921829400448
13486,5.710116969311492
13487,4.969185397309344
13488,3.281077304260558
13489,2.291746008758672
13490,4.439484577895596
13491,5.961882398610808
13492,6.574618445938438
13493,7.571564500863401
13494,4.143961402644264
13495,4.568354606054984
13496,4.921873672065313
13497,5.997993181769401
13498,6.59000319582073
13499,7.5412263969691775
13500,4.696786077057565
13501,6.762527894445534
13502,4.84102284095429
13503,6.791645567101167
13504,8.289472060723668
13505,4.736945543257138
13506,9.319052370241515
13507,3.856876869702024
13508,3.3540405459448612
13509,8.142254023802257
13510,7.655576714086488
13511,3.8867697329883555
13512,6.9273951526192015
13513,2.7229580430070386
13514,8.531308270318343
13515,7.654978633261181
13516,4.464306634783252
13517,5.91584935360376
13518,8.991546103779307
13519,8.478610327863406
13520,5.986919180754956
13521,5.389386999205282
13522,4.316071069989592
13523,3.7198988452487933
13524,6.441074678755603
13525,5.964331741526504
13526,3.4855605673999213
13527,4.320005407023205
13528,9.185817976086323
13529,7.28567803948436
13530,2.012909780281961
13531,6.4467545412219724
13532,6.863368272671003
13533,2.6638673295812607
13534,6.054069162557241
13535,2.874824597482611
13536,4.892438273829808
13537,4.767977162443325
13538,6.310214217845175
13539,4.023545239527268
13540,4.778098758120436
13541,8.793391097579324
13542,3.393728328340676
13543,5.419500948449228
13544,5.227991646459186
13545,7.672835229940333
13546,7.690126094150289
13547,8.21420048053116
13548,4.141387435069385
13549,2.8781358359518245
13550,4.856046273634314
13551,7.458723571359106
13552,6.552867351813681
13553,6.62414691483313
13554,4.387333104119923
13555,6.757185804574272
13556,6.328108254746462
13557,9.782122244625135
13558,6.816437823152535
13559,9.147986856968373
13560,5.63605435967974
13561,4.2930514351458315
13562,5.251128772170771
13563,6.543272319970914
13564,6.710277702454809
13565,6.228436459138665
13566,4.401843210585813
13567,5.552597038393609
13568,5.541698061305908
13569,2.653804843800236
13570,5.208918273517485
13571,6.161596289632909
13572,7.1591412806582655
13573,7.270504904986165
13574,9.27963102195168
13575,7.795389017532196
13576,6.048002710699297
13577,8.890599093702273
13578,2.5101711324140337
13579,4.15443337857375
13580,3.780241073599392
13581,6.074922357117922
13582,4.618679847871831
13583,8.052771805842692
13584,7.280861959282794
13585,8.495204142844843
13586,3.273323880662014
13587,8.138655360138522
13588,1.5637966611650858
13589,8.38655019404056
13590,5.318715542101692
13591,6.138041002433518
13592,8.859718322897029
13593,6.149142130843268
13594,5.309565114489855
13595,5.583784210440868
13596,8.41479473342604
13597,5.135482806305381
13598,6.836760411412673
13599,1.5648831851186273
13600,8.590714566289185
13601,4.6537300088186715
13602,9.555168497156357
13603,3.3678646512090418
13604,7.652075781303925
13605,8.076378113988103
13606,5.739580372115908
13607,4.823199933733283
13608,1.4865749954913277
13609,3.3998314422190834
13610,6.297293635557109
13611,5.417795729778561
13612,9.664823370224237
13613,2.0303630585060173
13614,4.8517363754480805
13615,4.7084957917852535
13616,4.5843065099661136
13617,7.27710013296006
13618,7.869053010733879
13619,5.910661808460715
13620,3.5216233514300788
13621,1.4960161344198695
13622,6.244445194297571
13623,6.01931444508889
13624,10.0
13625,5.111224243393039
13626,6.3003135371464705
13627,9.507187413550447
13628,4.845700769916595
13629,3.5958043934483936
13630,3.927868930189061
13631,8.038404678424605
13632,5.06035841022336
13633,4.776049032683183
13634,6.832323989036441
13635,3.804027200262769
13636,6.151328238525558
13637,7.255401827636207
13638,4.746525308832274
13639,5.099000252537913
13640,5.63599109990535
13641,7.4088790090838526
13642,7.183686470683579
13643,7.1402764890932655
13644,3.442846624876002
13645,3.763212789454037
13646,9.180200035334904
13647,3.784298091571523
13648,8.9429917140044
13649,5.007502543878959
13650,5.452941379651968
13651,7.424009410277204
13652,6.559000856135819
13653,6.618014829306565
13654,5.641722347712081
13655,6.492873140955328
13656,4.433959466990783
13657,4.243365430750956
13658,2.7482591933192566
13659,4.975269970696189
13660,7.5455172954078344
13661,7.407586954810444
13662,4.7605415589516635
13663,4.997986667485828
13664,7.007303555300375
13665,7.171644453467564
13666,6.629340118223442
13667,6.902310389182326
13668,7.112623179583004
13669,2.8461202967643713
13670,8.200243036097516
13671,6.380173243473128
13672,8.848321512489953
13673,7.198090957036734
13674,5.306780937526401
13675,5.848530247348276
13676,7.30942199699775
13677,8.952427261613687
13678,6.48345664200944
13679,3.658546230757938
13680,5.015956657825398
13681,5.619907899213173
13682,5.248870225676769
13683,7.491441181076665
13684,5.4626666797833705
13685,6.617274219114262
13686,5.535717722428087
13687,7.236303631737291
13688,7.013464777482912
13689,7.723410452267304
13690,7.510412653338221
13691,8.719412866460058
13692,4.519951722691372
13693,6.989788252669891
13694,5.182652000007087
13695,6.123616981944798
13696,7.76383686762401
13697,8.021124027636372
13698,5.201983877227352
13699,6.132296782262225
13700,5.217904973089539
13701,3.830620078408018
13702,4.601968685716075
13703,5.7374080614423555
13704,3.306952503457319
13705,4.549992328843793
13706,8.41858640956498
13707,5.7133813247058765
13708,7.6416899195576
13709,8.477750289669464
13710,5.497265682047434
13711,6.931051241214925
13712,5.260089895717286
13713,6.460362727883403
13714,4.98386496484995
13715,6.556912449266765
13716,6.064904073405332
13717,2.3580941041997248
13718,4.3559028032882505
13719,6.962806593528352
13720,8.131479981533218
13721,9.084285055214082
13722,5.067999131644707
13723,3.4512824335725734
13724,6.8842530879668065
13725,6.378588198767224
13726,1.9921637507216952
13727,6.5465259681407115
13728,4.193936072567713
13729,6.673874341507098
13730,8.511377809638113
13731,6.581987528722038
13732,4.3293683142058645
13733,8.791371738812959
13734,2.2377491707455324
13735,5.237395854180712
13736,8.012533807668095
13737,3.543124890878191
13738,5.334665655161928
13739,5.042085605533995
13740,9.338388569353633
13741,5.731404885023295
13742,6.536931323479932
13743,7.673662487457693
13744,6.0327454330480705
13745,8.189676066632643
13746,6.421684001838255
13747,9.111366513176817
13748,5.921255300114229
13749,5.215473511633652
13750,5.939225215818281
13751,7.6172089428129794
13752,5.291215932400654
13753,8.544953018426504
13754,5.382427666871566
13755,6.067061068246048
13756,5.403439101547507
13757,6.81528416127099
13758,5.180964531999493
13759,7.1903321077423366
13760,8.484602414507076
13761,9.255888976937475
13762,4.7134521468129105
13763,6.650995676803429
13764,6.009225992566176
13765,4.254607654272557
13766,7.731220061180832
13767,4.154317570815863
13768,5.2684965826244365
13769,4.132245477666996
13770,6.580197824992235
13771,1.2424829201942431
13772,7.14250640592204
13773,8.031501306560905
13774,9.076017891613596
13775,4.797167838368688
13776,3.444381688424463
13777,6.723441815243669
13778,7.778456826915125
13779,7.518175250347847
13780,7.428545703366916
13781,6.2246029309460855
13782,7.611840490401423
13783,6.647252564824322
13784,9.416635902566014
13785,3.7599038408614054
13786,7.145112460210788
13787,6.929343027903158
13788,5.378522421371669
13789,6.1595180604680015
13790,5.194263146109234
13791,5.016243019286412
13792,7.302016598684781
13793,5.591436275460104
13794,4.804127381877434
13795,4.917334333956266
13796,5.241047361023654
13797,4.666220498538136
13798,6.518318427013303
13799,7.221250350480078
13800,4.886590268641205
13801,3.697431146558782
13802,5.783936041065747
13803,2.338373859503476
13804,4.289073731745429
13805,2.814683074541342
13806,8.134201422838299
13807,4.108433437758215
13808,5.39749296964369
13809,4.356134078118021
13810,6.823445059846515
13811,5.5313238437258665
13812,6.942037777284753
13813,7.967255676367049
13814,8.348104472470052
13815,4.311830067799699
13816,8.312698963271682
13817,3.754159494686343
13818,6.351068122925259
13819,4.934439320205106
13820,8.267767160428729
13821,9.223309426199883
13822,7.120497434189844
13823,6.539254348560869
13824,6.327392032955504
13825,6.642443079813775
13826,5.303055571941917
13827,4.834028977172746
13828,5.961298463492979
13829,7.731097731267122
13830,3.5154637950416694
13831,7.595016793736219
13832,7.782860153572434
13833,8.22912540528146
13834,6.273419046379099
13835,2.677225354547905
13836,4.421529886226795
13837,5.991274099631909
13838,8.440929912464812
13839,5.833899788002411
13840,5.512989886851537
13841,7.955432903833039
13842,8.165366148488056
13843,8.233756000550667
13844,8.737664804520369
13845,9.560201725610876
13846,2.151118910722727
13847,6.60613635340347
13848,6.490073589518308
13849,5.004423652763433
13850,4.662018245884633
13851,2.4297198508983424
13852,4.739708807700676
13853,9.63222558727935
13854,5.194613780964417
13855,7.114889542103592
13856,3.400026244184927
13857,7.19697831619206
13858,5.5136260681497475
13859,7.627366482050888
13860,8.918615092730526
13861,5.589223189162279
13862,4.5965037853591175
13863,8.657928127155236
13864,7.114939030481876
13865,5.726058180572165
13866,6.83508279724777
13867,4.299019821072276
13868,5.137674899411508
13869,8.21569682310354
13870,8.739916771343667
13871,9.015755907001346
13872,5.773544563954808
13873,9.311064904081832
13874,7.325273430666593
13875,9.100498208300202
13876,6.719618223986686
13877,6.16870722275979
13878,6.231501492630723
13879,5.629198562956551
13880,7.657593914607963
13881,5.6672796385860345
13882,5.908611338486147
13883,7.709498902491859
13884,5.560196626342803
13885,3.4965117361990057
13886,6.141924556928368
13887,6.899137372060295
13888,8.256038217786323
13889,7.986384311902015
13890,3.1380651984951955
13891,7.3276085777368385
13892,6.130541777658774
13893,9.322067285413329
13894,7.102444234442074
13895,6.535581566804183
13896,5.851920185053931
13897,6.708123476600486
13898,4.730953444842627
13899,7.639643895685192
13900,7.145130189891296
13901,6.6296019809066085
13902,2.1468631539190617
13903,7.193419749305806
13904,3.1793519737654155
13905,5.5141564522039435
13906,6.068839964637376
13907,5.7581987578930445
13908,7.218580150722181
13909,7.771588228445765
13910,6.568980541364123
13911,8.009850720738967
13912,2.638243571515514
13913,7.32596967268868
13914,0.5812148016332855
13915,5.768912628345323
13916,7.460083432727782
13917,7.616826001808794
13918,7.785197746776591
13919,7.259490035909612
13920,6.3259284656537
13921,2.7970889845749545
13922,5.490892581470206
13923,8.545588412803303
13924,6.9801117759715945
13925,5.380873933456916
13926,7.59181993603408
13927,8.315546861014436
13928,6.687081994658774
13929,6.534643289418648
13930,6.380252172445296
13931,6.780066152929056
13932,6.8479063238902205
13933,6.326204940179448
13934,7.20587586831266
13935,3.2245899490973504
13936,7.21136202810222
13937,4.250785977737426
13938,2.819568115120333
13939,7.12413146973706
13940,6.69592703963812
13941,4.55216099950087
13942,3.8584840672091287
13943,5.154295284729233
13944,6.975233363956365
13945,6.505751877277812
13946,6.415128962049612
13947,4.661728895187691
13948,8.30605132939677
13949,1.410613311363912
13950,7.42405546357066
13951,6.9326456980667714
13952,4.597034745040049
13953,5.058047604965937
13954,7.9683004241693824
13955,4.151062075690564
13956,1.795639459862044
13957,1.9006062453450412
13958,8.256147539438203
13959,6.082366533597
13960,5.271280174888574
13961,7.028581921092571
13962,5.591670704172015
13963,8.19847107267525
13964,5.307786028022351
13965,4.657012200887466
13966,5.16292851395262
13967,4.463461145427093
13968,5.952004548386022
13969,5.496468622054249
13970,9.406043454574206
13971,6.2194412311120555
13972,8.887076608864398
13973,5.932592394267179
13974,1.734970771333773
13975,6.20451221546077
13976,7.14883066324523
13977,6.178625340942146
13978,7.24870937965094
13979,6.642238377784988
13980,8.641378332504015
13981,6.6494288135645805
13982,5.066071695609773
13983,4.886862069988805
13984,3.2524108304041035
13985,7.382669681015759
13986,7.892332639448439
13987,7.368566144469323
13988,5.692683049998157
13989,6.445594536353589
13990,2.022244143618208
13991,5.311189570616192
13992,6.811027545880324
13993,6.602851346295118
13994,3.3406013439499755
13995,8.181356917443381
13996,6.033654448300219
13997,6.776852839400995
13998,7.37484297288329
13999,4.41442488639624
14000,7.914255195148
14001,9.08690140237205
14002,5.212792054733415
14003,8.894704498370745
14004,7.5547826522337855
14005,7.007079135633075
14006,2.8643680796420274
14007,7.82487186090831
14008,6.592072283831172
14009,3.4523677259305874
14010,8.285033990158064
14011,3.7964320162950163
14012,3.4577952446883318
14013,6.703772962688335
14014,4.159257588232662
14015,3.2993539537447187
14016,5.433509459581822
14017,5.823734439354708
14018,5.956372787100658
14019,8.437823423372972
14020,9.017629778539987
14021,8.333859002405077
14022,7.205428276259132
14023,7.124459947111497
14024,4.9835555030915835
14025,1.1932349415709593
14026,6.0164932128143676
14027,8.413639537587908
14028,5.966102452999291
14029,5.970060811520127
14030,4.741599140366661
14031,1.9471714155628732
14032,4.643703260650039
14033,5.922289212278697
14034,8.086554331478371
14035,4.251143161443972
14036,8.495294151428762
14037,7.287210673424333
14038,5.760683613901779
14039,7.587204379177329
14040,8.249144112792624
14041,4.62502194359071
14042,5.123820908428515
14043,6.318288300906156
14044,3.0119956570716697
14045,4.163022779878901
14046,5.146443243241023
14047,4.2432478925632315
14048,8.26232122744854
14049,6.377714117499252
14050,5.036521931650405
14051,7.694501570666553
14052,5.880190227339751
14053,3.170783282048146
14054,9.16186816913148
14055,7.057599315083479
14056,6.751127800218059
14057,5.158642980964336
14058,5.087277261267075
14059,4.4980442308117805
14060,1.2751097977573274
14061,3.914823662056584
14062,4.559467358959248
14063,4.38818302336241
14064,2.3725267339503135
14065,1.495517156471603
14066,9.039817051695646
14067,2.107490119864075
14068,4.6547773513660236
14069,6.391241174818522
14070,6.826999518299781
14071,4.866350510487711
14072,4.960194605463981
14073,8.040309553035978
14074,5.364423367563991
14075,4.872859332213234
14076,7.248085049053038
14077,3.6336950855227403
14078,7.345708949218929
14079,6.140163605547105
14080,3.703677122501329
14081,7.496138831085981
14082,6.117504023950076
14083,5.337409396314527
14084,2.7046333733849526
14085,5.7847073393244255
14086,5.438761736737091
14087,8.23464382893386
14088,6.22479047082494
14089,6.008691610231864
14090,2.1866798832483356
14091,7.163161441007875
14092,5.52478433395234
14093,2.910244326717443
14094,4.197215838785661
14095,7.268546775360515
14096,7.4669514163395325
14097,6.105059641565822
14098,7.15979884952487
14099,7.6428752970142755
14100,7.348428266186475
14101,4.559473040309971
14102,4.314342116408436
14103,7.524311079746294
14104,6.451585759766935
14105,5.40465851318611
14106,5.627339590068741
14107,5.645218867810989
14108,5.051358094889396
14109,7.2479985967793645
14110,4.390436680482283
14111,2.15077164047098
14112,5.90303344068083
14113,5.001585405450099
14114,10.0
14115,6.382040194831092
14116,6.405841599174831
14117,8.201827032669549
14118,6.998437242983126
14119,6.2131186009495725
14120,6.219093241414843
14121,3.440521344457439
14122,3.7005005301086573
14123,4.817875061973149
14124,5.201958243289207
14125,8.051342877043925
14126,7.095661484206177
14127,8.283092977458564
14128,4.775159773445236
14129,3.0138137284479365
14130,3.9495983215857935
14131,6.014723860127441
14132,7.430823730321144
14133,9.94479078893184
14134,6.676184297422298
14135,6.013501731822622
14136,6.339084718188081
14137,6.328405630673526
14138,4.364724679980384
14139,7.432091724944231
14140,8.783242644605204
14141,7.302161067604506
14142,6.271533221045379
14143,6.25565176397809
14144,6.4565784666193355
14145,7.816185808361466
14146,4.335131304758693
14147,4.895222668517246
14148,7.53593692339142
14149,9.569298311715063
14150,3.2757569237754436
14151,5.041402487418097
14152,3.131699867119223
14153,9.564607411251723
14154,6.475889106196715
14155,7.230855119789459
14156,7.7227100979676635
14157,6.138648824803895
14158,7.02271462137738
14159,5.318613365882358
14160,3.7467421851220104
14161,6.918307954023925
14162,4.526733855890427
14163,5.020564265360069
14164,7.953286242336364
14165,6.067910235995559
14166,6.944299524644041
14167,9.025776380033474
14168,7.059190507839722
14169,9.17644370196426
14170,6.403852259884443
14171,2.374251121516953
14172,4.080808631651967
14173,6.614608840180649
14174,6.521342808007257
14175,5.458233021148571
14176,7.74125104338887
14177,8.549429929119833
14178,8.023953650675281
14179,7.073590558704249
14180,5.210763425637776
14181,8.774958100403378
14182,5.549986091664674
14183,7.723197053541017
14184,8.21427698651421
14185,5.4613694817868765
14186,6.4257910394196625
14187,6.134839347424288
14188,7.098223819262278
14189,7.113192338872993
14190,6.162936451271499
14191,8.080358963806082
14192,7.199717636474751
14193,7.363500540489753
14194,6.800220489527094
14195,4.756715504747904
14196,6.696126023693247
14197,5.804261730248649
14198,5.398156772341167
14199,5.669040639108154
14200,7.910929540336322
14201,4.023165227842194
14202,4.337757805081711
14203,5.8329513221725495
14204,2.9576128930930214
14205,8.618210192507211
14206,4.866908409711041
14207,4.37634278830031
14208,6.250934870324931
14209,9.006490210744985
14210,9.196656561798743
14211,6.386666513504969
14212,6.758738703599468
14213,8.403501524186556
14214,7.916438852477934
14215,2.7304523936100944
14216,6.675293633049149
14217,8.912259832611255
14218,9.154949894276701
14219,5.501143109782856
14220,8.384289923381182
14221,2.6039262645128622
14222,4.654583755256176
14223,5.2917828042094985
14224,5.48457631633273
14225,7.442669142496197
14226,2.2310754320547455
14227,5.8750056350514885
14228,6.428335871821668
14229,5.904742232888916
14230,3.8258666804871706
14231,5.299555344907311
14232,7.214562983401628
14233,5.256101042304404
14234,5.597743813023776
14235,3.902880315980981
14236,3.7946208484566055
14237,3.6506576968571487
14238,7.153884310667838
14239,9.069406179340367
14240,4.5296878572376125
14241,8.211133006556242
14242,5.2644321978549815
14243,3.522564230767611
14244,5.49403934481391
14245,5.433630189145708
14246,7.279908629954372
14247,5.211025812158917
14248,6.63456266328574
14249,5.353435609069727
14250,9.001165065166933
14251,3.3898616975067326
14252,3.412047266336402
14253,9.900077261219723
14254,6.966709989360485
14255,8.047280291799016
14256,5.5228699763487885
14257,4.446034749797795
14258,7.898218147252475
14259,6.143884358670608
14260,1.9562946101451772
14261,7.581552638483679
14262,5.473145115335033
14263,1.742597641034498
14264,9.632695722839888
14265,5.386403695628704
14266,5.652516269025519
14267,5.49972196083875
14268,4.649029696323604
14269,7.246133629036336
14270,2.7132219025368585
14271,1.6194521005624825
14272,7.392309719763379
14273,6.97199745176194
14274,6.495473487672166
14275,2.077473250487442
14276,7.401921720791221
14277,8.219755886283647
14278,7.796461455351475
14279,7.231202761318045
14280,6.217542524855924
14281,5.1282570536989915
14282,1.8363691895992844
14283,4.499600310179651
14284,6.660480274436919
14285,3.9680748194510183
14286,4.673972063771876
14287,8.861584539703891
14288,5.28399408074245
14289,7.9740916946321665
14290,6.777940167822123
14291,5.98154328996621
14292,5.995031015153808
14293,7.731011444141245
14294,6.3207124860786825
14295,6.633336676427154
14296,5.753049881783996
14297,5.124184721574398
14298,5.106660022909653
14299,6.272873021433879
14300,8.232744793525095
14301,5.331261442374915
14302,6.452886588630607
14303,6.669746855091299
14304,2.3362784947543016
14305,7.030325980624931
14306,3.270078051141561
14307,8.251231648404932
14308,3.5256074515181126
14309,6.259248962860134
14310,3.7512274524050415
14311,7.7307270832623685
14312,4.420396834551009
14313,7.661342217272258
14314,3.4862383402720862
14315,4.2544807889391345
14316,2.771004239593357
14317,7.4234631625395195
14318,6.339850730805348
14319,5.771199038475558
14320,6.671422693515714
14321,6.87882801001228
14322,5.905963574091135
14323,4.447420981022484
14324,3.717954905139443
14325,5.417831754602668
14326,9.701669813715213
14327,5.094241518455789
14328,5.597368177309127
14329,4.476977023897208
14330,6.58215000139189
14331,7.931629133812269
14332,8.32312725309837
14333,9.023183184687149
14334,9.663521124315523
14335,6.214361107126573
14336,5.708429584944845
14337,4.253253012152336
14338,6.699829237077088
14339,7.635502594709649
14340,8.92692289114824
14341,7.27861087068972
14342,9.318026243776835
14343,7.2244889127110685
14344,6.547569449745642
14345,9.59539139102468
14346,5.5391831948511125
14347,5.244074899541589
14348,6.621593631198342
14349,4.210757039021256
14350,6.959397097313939
14351,4.4017385337129795
14352,8.187229586872858
14353,4.862680537204842
14354,8.42499469114642
14355,6.501739470397795
14356,7.41861131236111
14357,8.370604701980946
14358,2.81572352865296
14359,6.94331092153317
14360,7.771207653879934
14361,8.321040930305838
14362,6.471313794928863
14363,4.792141950537811
14364,8.432353911943864
14365,3.035555542479605
14366,5.64184479386455
14367,6.62728559024024
14368,5.256755495638116
14369,5.0236583103401165
14370,7.512008653491145
14371,4.48473450823023
14372,7.285326226785544
14373,7.5753619094503915
14374,6.75508888250729
14375,5.687880258009268
14376,2.315265029529785
14377,6.071118201182832
14378,7.288549718057769
14379,3.836097464876344
14380,6.764487449067257
14381,8.82848911335854
14382,9.075533301821856
14383,7.565566848792487
14384,6.892537750062829
14385,9.640231010028742
14386,8.826251352267636
14387,7.152204502385242
14388,6.879763002203385
14389,3.61891922110635
14390,6.270497437914688
14391,7.422630201745193
14392,7.268533629973095
14393,2.587766251552463
14394,7.742004871796873
14395,8.629743136869
14396,5.36483977732477
14397,7.187345015682224
14398,5.245260711176924
14399,5.547482395396517
14400,0.9973741285963602
14401,5.680200900791164
14402,6.0558416835447115
14403,7.840275309229646
14404,5.83890383626397
14405,9.18669105750176
14406,6.464386836390192
14407,8.101818765860028
14408,7.606814571877898
14409,6.415203132340018
14410,8.4205582820589
14411,7.768335526128474
14412,6.460929108821849
14413,3.104942109037603
14414,7.374853064542098
14415,6.718963392511155
14416,5.680315043736048
14417,5.658841369934208
14418,3.6511185764620384
14419,6.317346146559173
14420,5.2142571574792065
14421,7.927397053744874
14422,0.9829705093524028
14423,4.414512387083044
14424,3.259052144997238
14425,7.170642207270193
14426,8.318605337956475
14427,5.436723252645456
14428,6.300237510725111
14429,5.783637440143251
14430,7.255585981045385
14431,3.7576044599756626
14432,3.1726978102003374
14433,7.2854447837136345
14434,5.371806925392349
14435,8.538914423002595
14436,7.9395161425557195
14437,7.491066974165568
14438,6.789049702075522
14439,4.954799097463325
14440,5.895463573460837
14441,3.819702237837264
14442,2.8631405531254894
14443,7.7773806299701995
14444,5.521878180966929
14445,3.5464065314548376
14446,1.4786728512590441
14447,8.183224584763646
14448,8.301011397396769
14449,3.390610517865369
14450,2.8929288544106595
14451,6.39097339180908
14452,3.171539433412299
14453,5.0366044912534065
14454,8.366133067803526
14455,4.034221883350324
14456,7.787775624468519
14457,6.858145082260058
14458,7.1438470859121574
14459,3.6410754123750717
14460,3.800967203724494
14461,8.782771001733616
14462,3.9761629412022574
14463,9.498810995043371
14464,5.260159486387627
14465,7.272017825334503
14466,2.1562568728774063
14467,3.7888963311646267
14468,5.358436139712795
14469,6.621746381443616
14470,8.75916729629058
14471,4.993069750628593
14472,8.681425396878083
14473,4.669845167186642
14474,5.270954648372147
14475,8.96879268600788
14476,4.186399994011935
14477,4.43421014056098
14478,5.858076298270195
14479,7.990770545823114
14480,4.85858683772915
14481,4.533693261330971
14482,0.5571870773874966
14483,3.575483033052561
14484,4.881225086656316
14485,9.33229254564983
14486,4.925025485952354
14487,9.222064037297162
14488,7.579213891300036
14489,3.9926250926900186
14490,3.3310002407165547
14491,5.566339717358048
14492,5.903296099459365
14493,6.441026638107543
14494,3.54327731570248
14495,1.7771473754010298
14496,2.0207797492469957
14497,3.951774850752685
14498,4.066926173990402
14499,9.40390758317093
14500,8.168205631648341
14501,6.37598628644683
14502,6.091956614450928
14503,1.5923719177023132
14504,4.787241128942147
14505,7.4496762551322
14506,5.141336744772789
14507,7.504744165366843
14508,6.699347474446352
14509,7.757058046315956
14510,4.687559901932224
14511,4.916668325990772
14512,6.0010112464156755
14513,9.297992568597511
14514,5.865465667265198
14515,4.493350014059146
14516,6.846097857264726
14517,4.246937947910082
14518,3.402772366332948
14519,6.12302343878229
14520,6.381184200336046
14521,8.155527994616442
14522,7.476455805153329
14523,2.47128358990249
14524,2.258777928455799
14525,3.1558440732330384
14526,4.27283148494366
14527,6.900110438799217
14528,3.602879121661325
14529,5.46372653695191
14530,6.690115330061307
14531,9.137674487813209
14532,6.354767330824792
14533,8.452131612804614
14534,8.713269055219728
14535,3.3849209565592595
14536,4.929952272304581
14537,8.271038573572017
14538,8.05506630839308
14539,7.2341315561997295
14540,3.9281995153502907
14541,8.152894151511466
14542,7.713254764317206
14543,7.172243635017423
14544,8.355345623913065
14545,6.477000032988553
14546,3.926405857924011
14547,4.888726471549951
14548,4.9154790622284
14549,7.094437366199742
14550,5.270060280782588
14551,5.85857247543752
14552,2.246200993718463
14553,7.1855703855201805
14554,8.128166570546425
14555,7.282407681158171
14556,6.958693215224429
14557,3.626903723233817
14558,6.110598210647147
14559,5.941186797201404
14560,7.962370428879266
14561,6.735437745186667
14562,2.0306957525363223
14563,8.702172345263264
14564,5.983463121095857
14565,5.453474510841769
14566,6.521895686898455
14567,3.2906677678780167
14568,3.465195712435241
14569,6.540090051047899
14570,7.411593435352527
14571,4.168583334709781
14572,6.351883483320734
14573,8.007895691671608
14574,9.06163043328298
14575,5.495755092669562
14576,1.9313219623317326
14577,4.374379799159902
14578,5.973554322851866
14579,4.339302976367808
14580,7.213855928602595
14581,0.8523960871334764
14582,3.4739674510531025
14583,4.810807529881144
14584,4.879243458067558
14585,6.891224923222204
14586,5.313377627612677
14587,7.2368322412849135
14588,4.010572989867295
14589,5.83867328243713
14590,8.947929039140705
14591,4.392674532251542
14592,5.347324695965188
14593,3.734956113716941
14594,8.802751919665347
14595,1.8893445813246268
14596,2.816496854549122
14597,8.035248595503928
14598,3.5002948988970006
14599,8.884992937726619
14600,4.416939167315517
14601,5.710846137553094
14602,6.927979936889999
14603,6.897017419550647
14604,5.9271897039230375
14605,6.255060852459969
14606,8.557606696117313
14607,8.281648847048436
14608,5.617731691622197
14609,7.536106522524723
14610,4.500783609075101
14611,8.200952019300017
14612,7.452178663032547
14613,6.561362744866376
14614,4.327788066081412
14615,7.40928600239408
14616,3.952468861443755
14617,6.334136579052559
14618,6.681835366346805
14619,4.593491434099928
14620,4.540117641529355
14621,5.090468113364252
14622,7.553708654491002
14623,9.435263363210865
14624,6.153504353069553
14625,8.49680295419814
14626,1.9318009490427204
14627,7.469944820639023
14628,7.455205537417347
14629,6.660683943091844
14630,5.8361203917626945
14631,7.852958327888285
14632,3.5286477641499667
14633,4.59898959701971
14634,5.019580434580975
14635,5.479656400696943
14636,5.621857682251743
14637,2.821099447219456
14638,5.969607200552502
14639,6.515707955824061
14640,5.000668230356556
14641,5.5873683233035685
14642,4.939422856714129
14643,5.506014331725471
14644,7.648113318289195
14645,1.28385264631397
14646,5.470758159043031
14647,3.6359202910437096
14648,7.392228886257211
14649,1.6649228179834745
14650,7.472861981533405
14651,6.364193559061539
14652,5.961882072942803
14653,2.5001162636003604
14654,4.190411882614318
14655,4.679198110859878
14656,6.27890189776796
14657,5.973074686258829
14658,5.350461461140899
14659,8.299484500362315
14660,9.213440722008038
14661,4.530438262823313
14662,3.685640328950232
14663,6.6816380622099665
14664,8.890907889162346
14665,7.802184067267714
14666,7.9216850709906215
14667,2.8695520648045587
14668,8.449213596672369
14669,7.691247607002621
14670,4.661838428136559
14671,8.414922907381204
14672,8.91571055296317
14673,6.803527664156846
14674,6.1442820710637935
14675,6.908654856385909
14676,4.503739265425104
14677,7.254484595150485
14678,1.328219270987124
14679,6.9716151469053695
14680,6.610059328278162
14681,6.05242265803617
14682,4.796072994802074
14683,5.270012881761621
14684,3.5929201772500754
14685,6.027701490030589
14686,5.35535285647088
14687,8.238459365359683
14688,9.772051006963347
14689,4.928783342424699
14690,4.54556482917499
14691,4.507823479719853
14692,6.188419739571738
14693,5.390344860252011
14694,4.747053033482645
14695,8.184937864245466
14696,4.125180819407642
14697,3.1032974623896754
14698,8.564568055590033
14699,3.8768650415978803
14700,5.250249362027858
14701,5.7768860612930375
14702,7.167775113241701
14703,3.9102365266488235
14704,4.890116345629475
14705,2.3622450314666485
14706,3.2698581106195
14707,2.5111747571070833
14708,5.912233360741569
14709,3.9277172350773784
14710,4.694000204120391
14711,8.049063068805252
14712,5.316871656647539
14713,5.9359300697339
14714,6.3809898755857795
14715,4.986357755756999
14716,7.314233374856434
14717,4.464133366644492
14718,3.1470116990322787
14719,5.848306807737915
14720,6.900163617371334
14721,6.475261627622419
14722,7.8670536786201914
14723,4.5229473783769265
14724,9.385667400915509
14725,5.8827960640796135
14726,7.713463110465913
14727,8.557280280508131
14728,6.569652417327372
14729,2.840897228966048
14730,4.637446335011186
14731,5.730347332310193
14732,3.36173106433997
14733,5.366369016298666
14734,3.851641744885831
14735,2.0741305889461708
14736,7.446087936364391
14737,8.237592820442538
14738,4.243231975208046
14739,6.362252736380283
14740,3.196047189110444
14741,6.967252334910569
14742,8.193694578165365
14743,0.6645354204095182
14744,5.944665892420028
14745,7.075880337233642
14746,5.394610317283227
14747,9.041554839571125
14748,7.212529371194027
14749,5.818174655220199
14750,8.752211146436252
14751,4.211611103124026
14752,8.565682741503085
14753,4.701498165202304
14754,7.084582597874084
14755,5.0036545302271485
14756,4.817884033545731
14757,5.607404265711544
14758,8.165440654312931
14759,4.288029853290165
14760,7.203647238293735
14761,7.167346617625313
14762,3.032694378104614
14763,7.874702493161944
14764,7.4723301177118735
14765,2.9851876528796906
14766,1.4956101249562541
14767,5.275395806687245
14768,5.650018385780515
14769,4.044609376681336
14770,7.547482410976584
14771,3.382668073285377
14772,5.216371684936616
14773,6.253253423445328
14774,4.899868362675104
14775,6.032814330291247
14776,9.248782225389167
14777,6.056350812864766
14778,4.817536148681878
14779,7.565165902687456
14780,4.621755112933132
14781,6.535922594162415
14782,7.554193489793015
14783,6.756914578958991
14784,6.434663909444618
14785,7.593364392531161
14786,7.7516319771559345
14787,6.562595575882765
14788,3.7486828764187274
14789,6.152625451962699
14790,7.082786028771112
14791,7.298778815664878
14792,6.155231672806034
14793,1.8645481960204522
14794,2.250334252564027
14795,8.51602351762109
14796,8.038705974983316
14797,7.744020979631783
14798,5.475529065047853
14799,4.900872567444504
14800,8.454664090439241
14801,3.15512072963602
14802,1.9952611966864684
14803,8.781980521110679
14804,5.108749031159013
14805,8.35456918108147
14806,7.256108163622165
14807,3.9848587428621194
14808,8.390846178911536
14809,5.815369898712164
14810,6.777287073152268
14811,7.140303020842817
14812,7.920162747672981
14813,2.422336853195801
14814,4.666365531242746
14815,6.3796202882549355
14816,5.058392097614108
14817,2.12489981285217
14818,4.44259166178565
14819,5.001238608817944
14820,7.827264024872738
14821,4.644657062066292
14822,7.949314738421094
14823,5.4927477930639075
14824,4.913986602170755
14825,5.001082382754067
14826,4.4891020948049825
14827,5.797180969675881
14828,5.107671684865824
14829,7.391001450694217
14830,4.730470551013292
14831,7.896737046821231
14832,5.7892719024591255
14833,8.11645148225162
14834,4.022700941413008
14835,7.4637773060771355
14836,6.139374512725448
14837,5.984416825158158
14838,5.261152784095799
14839,4.5924238270411495
14840,4.656778323122923
14841,4.34123846780378
14842,7.837583775671793
14843,6.4609549451783135
14844,2.288222321134162
14845,7.046128793505177
14846,8.53824437098817
14847,5.8712607546446485
14848,5.702409567344137
14849,5.373864497355347
14850,6.336795759445668
14851,8.81418217149623
14852,2.383382252814642
14853,7.02358779737966
14854,8.112087390670958
14855,3.107442495950213
14856,5.779467622867946
14857,4.465368168036975
14858,4.953211501250996
14859,3.7104180662864863
14860,2.355569439882509
14861,6.653714018835318
14862,1.1677657682673581
14863,7.731437932176728
14864,6.359031628723788
14865,7.070129452936152
14866,6.915450154997453
14867,4.489380801577182
14868,5.9006266623349735
14869,3.387324129020873
14870,3.8720576559816435
14871,7.02882705784574
14872,5.298663299145504
14873,6.814816802735367
14874,6.829982690359809
14875,2.548285340198735
14876,3.590907071803864
14877,5.844518984843176
14878,6.628640668047671
14879,8.59008926639183
14880,1.9232046834695606
14881,6.655974148882722
14882,5.250074556919211
14883,7.3443646692588835
14884,4.31708312684975
14885,4.857082525505431
14886,6.449775997198866
14887,4.878991091849982
14888,7.505628650339219
14889,7.815287378652329
14890,2.831774218405835
14891,7.284880814301289
14892,4.948410678240748
14893,5.317645133774631
14894,4.936745618535584
14895,7.925222564861107
14896,3.3506768145127266
14897,5.591620025703932
14898,4.520298401504301
14899,4.453323705279685
14900,4.040244498125821
14901,9.469658396668322
14902,7.013294498506653
14903,6.702287313224811
14904,6.731314442322272
14905,5.000575472642866
14906,8.484853417077224
14907,4.7184295021335885
14908,5.972237821387649
14909,6.973770301935179
14910,5.413100111200061
14911,7.1324156246175665
14912,4.858885747150637
14913,8.648074531819072
14914,6.234545696259094
14915,7.469393654141251
14916,5.693593727756497
14917,7.052251744009075
14918,1.9773088028165091
14919,4.948186621145146
14920,5.19734766977581
14921,1.5575513008311002
14922,6.141188211832974
14923,5.896094466423991
14924,6.272724564348795
14925,6.719600045771815
14926,3.3043872545747126
14927,4.533502856008009
14928,6.51852348035193
14929,7.268952551281954
14930,4.522248784216307
14931,7.529779159869301
14932,5.425064335369564
14933,9.373329808374086
14934,8.710062402140212
14935,4.622464498055507
14936,7.884205767009511
14937,5.804587291479413
14938,4.96508434811662
14939,8.33026683962783
14940,8.04880237497746
14941,7.265423830312183
14942,7.566246889349463
14943,8.567129406887634
14944,2.7372033264648814
14945,9.366212622993832
14946,7.978297198460785
14947,5.458960916707937
14948,5.497340723523846
14949,4.787173300767028
14950,9.478124249853236
14951,6.758657033742104
14952,7.1128015864686365
14953,5.935053050621938
14954,4.905492957624267
14955,4.25149992370707
14956,7.473319513073379
14957,7.724000934404762
14958,7.458886746429364
14959,5.896531276271105
14960,3.4877742573389092
14961,5.973639313190552
14962,5.0098267748725025
14963,6.968139074797449
14964,6.342125824732587
14965,2.9918799353725114
14966,5.533893277758491
14967,6.029238127860903
14968,3.98719739567136
14969,8.523984681677907
14970,5.9661440258856455
14971,9.463435415625653
14972,7.266934884883703
14973,4.905949458989795
14974,5.987099836979813
14975,9.674423685820601
14976,5.634421460093157
14977,6.046224295166214
14978,5.710033966824154
14979,8.01021969576737
14980,3.815323045332537
14981,4.189491120238253
14982,6.7043457749436595
14983,6.925236452112952
14984,6.963400482600746
14985,5.569836561523083
14986,4.82611337969476
14987,6.756903729757666
14988,1.8202652082050448
14989,9.320628815519859
14990,4.2715148345604295
14991,8.51821033367745
14992,4.285638849689652
14993,5.313394803854729
14994,3.531638227227667
14995,7.753488220803183
14996,9.247918585670764
14997,6.5685199914315175
14998,7.167822681415311
14999,5.995853305338919
15000,5.381966798317199
15001,4.771042827151301
15002,6.952408165569237
15003,4.699791543831395
15004,8.932234373854207
15005,7.669200742378692
15006,7.400715400317586
15007,3.2839639260880604
15008,6.028217425791105
15009,5.301881100287778
15010,0.0
15011,7.1755175508922235
15012,5.899339443552322
15013,4.981608388681724
15014,8.449928294724291
15015,8.22236826826525
15016,6.460193975372617
15017,2.629532153062428
15018,6.888158999091296
15019,3.245897131270348
15020,3.3800457912100397
15021,8.642246234610228
15022,7.281679901885315
15023,4.322875506188228
15024,7.219500049189893
15025,6.798692523715636
15026,5.783624395465795
15027,7.743433352325704
15028,7.916142629307043
15029,5.5064560463462495
15030,8.8070582534562
15031,7.155906529535121
15032,7.338086594340993
15033,4.8948110807338665
15034,5.485894021331671
15035,5.345777373378413
15036,5.863276033268363
15037,4.337845485589097
15038,8.806022592531871
15039,5.283505254666883
15040,7.345840818819836
15041,5.841464422759804
15042,7.4013231580647565
15043,8.406187641037775
15044,4.667066035276174
15045,6.9114995619013655
15046,5.475351037412176
15047,5.567688971076201
15048,2.74935161267
15049,0.8089296503000711
15050,8.860396021262469
15051,4.867686038256901
15052,6.388047388934128
15053,5.301102237093341
15054,9.421054428727
15055,9.049757762515139
15056,6.0548707870656395
15057,5.518478879652833
15058,6.716882525656942
15059,5.669034079926872
15060,8.034683426517656
15061,3.9995258541409906
15062,6.536864441267702
15063,8.353193233439042
15064,5.606205810043367
15065,7.731377418990517
15066,5.735592941111891
15067,8.502767392074343
15068,6.452854888035381
15069,6.258497717751364
15070,7.627397055531592
15071,6.23529461242776
15072,6.890713549514377
15073,6.975240616818606
15074,4.662289884159806
15075,6.14934649790742
15076,7.86031765897748
15077,7.2798346729524255
15078,7.168062173962508
15079,7.541094451055336
15080,5.880292245223053
15081,6.664342535181559
15082,7.502129708292509
15083,6.278468696867094
15084,2.299187553667556
15085,3.9032540369393374
15086,5.579904358884356
15087,5.188805356889786
15088,7.998631039080438
15089,6.901470686562303
15090,7.2292995215017815
15091,3.284301808492648
15092,6.601275523538595
15093,3.2117275012051607
15094,4.048833451226523
15095,5.491327906422672
15096,7.254024297679196
15097,5.873470392273794
15098,7.157761744750497
15099,5.997378113082405
15100,6.144503561712791
15101,7.071115514895128
15102,8.098779671981642
15103,6.576430829530533
15104,5.275558778616524
15105,2.5910730256276477
15106,3.9178403936803265
15107,6.648856488061213
15108,7.601786715403374
15109,4.65053994660397
15110,4.69583313740821
15111,6.602073562237062
15112,3.2758408445727087
15113,5.503962223806823
15114,6.355667474292325
15115,3.9092948515512775
15116,4.537749663215082
15117,6.223132485435371
15118,4.368290994427761
15119,8.5728122824508
15120,7.512030711942611
15121,5.53317882876758
15122,8.916722894014432
15123,4.335294448460825
15124,6.400226169503814
15125,9.571329548681632
15126,8.534405343213216
15127,6.911231431607803
15128,7.015161069612496
15129,8.09493736737964
15130,7.437430060184529
15131,9.918274468394717
15132,4.8493058391229775
15133,4.394755207734919
15134,7.603681913720452
15135,6.3706617035650766
15136,5.9416250387648475
15137,6.886835013225336
15138,6.302218880599465
15139,4.630557709666062
15140,1.1605803182403154
15141,8.66419006724113
15142,6.277195263504063
15143,4.955357263442034
15144,7.151186069180734
15145,3.572317598817766
15146,3.482652490436549
15147,7.509863988695763
15148,8.0594712316269
15149,4.365166678048812
15150,4.128857525357816
15151,6.429102209359931
15152,6.6265793957374735
15153,3.7956455888919813
15154,6.059904832828275
15155,7.771215380976162
15156,5.377051992474589
15157,5.309074348406716
15158,6.311446421890031
15159,5.939378083124369
15160,3.961689701851306
15161,3.072625555654398
15162,8.512646730617213
15163,2.0814770172974892
15164,3.3185969512569793
15165,5.181020747850674
15166,4.287511549240204
15167,4.6443283634291035
15168,8.321080544998257
15169,4.678027674057409
15170,3.754314336712043
15171,5.870273608809976
15172,8.942422834123011
15173,5.583971220552364
15174,8.318812024261272
15175,6.908019616405527
15176,4.756545470361253
15177,4.726260956839265
15178,8.582218606446329
15179,4.009915130337473
15180,8.453622850931161
15181,6.224907746754089
15182,4.462222177824824
15183,9.139588532554445
15184,2.8915213624555327
15185,7.205973223875642
15186,4.437813758306203
15187,5.401251598822533
15188,5.283412572054004
15189,6.049465588834998
15190,7.951839864269633
15191,8.9014863947232
15192,3.39607041201472
15193,4.929014289751811
15194,5.422679686862075
15195,7.159786489050465
15196,2.581386190780427
15197,6.965600609500473
15198,5.442826374850947
15199,6.815054127623714
15200,9.652724747469541
15201,6.088403057068138
15202,2.3151977313118266
15203,4.051407445514856
15204,4.917501447001772
15205,5.943051986401591
15206,4.9414600600494065
15207,7.312114586698101
15208,2.6922667055493763
15209,6.669065259313472
15210,4.053213930804098
15211,4.440618388076068
15212,6.894196299385553
15213,7.12291904700738
15214,8.396624493753393
15215,7.9514096359865984
15216,4.571084510947043
15217,3.83086824880362
15218,4.569641513188406
15219,3.7895205912955743
15220,6.045564278230007
15221,8.521530102466123
15222,6.921920262291688
15223,5.341982549400049
15224,6.141789017666114
15225,3.7637534095737264
15226,4.394517658777153
15227,7.514280884653813
15228,4.956991376284616
15229,9.09230612822106
15230,2.806000629959791
15231,9.388552341787292
15232,3.6869343846311002
15233,2.310418091225907
15234,5.705198127410364
15235,6.79384786373828
15236,7.387848897617326
15237,7.067567554273682
15238,3.957570922147199
15239,7.01861878533416
15240,8.359644001830853
15241,2.97749111492079
15242,4.046861768961213
15243,3.2973867100956062
15244,4.889807872463075
15245,7.239552690367269
15246,8.145050725098354
15247,5.459233861483094
15248,5.1607107906156475
15249,5.570769208410255
15250,8.863491806223895
15251,8.704755955535315
15252,6.238207434732741
15253,8.85580493288012
15254,6.176313187099424
15255,3.4404858629924697
15256,3.153873021799101
15257,3.251973761551362
15258,5.193090817667153
15259,6.629759156387646
15260,6.529030721875294
15261,5.99882214138985
15262,6.222894323838139
15263,6.126366498118731
15264,6.873181535128316
15265,2.9388630615971794
15266,5.58659400830224
15267,3.2735852742930867
15268,6.041690908909062
15269,7.398435188456437
15270,6.942495669407058
15271,2.9738124635319325
15272,7.612809378943438
15273,5.692240194949593
15274,2.0896433306646873
15275,9.294539380563762
15276,3.975834191517129
15277,6.80773973740239
15278,6.251341546382041
15279,4.139700369696777
15280,6.592669920225951
15281,8.12325930222162
15282,8.058026721463488
15283,5.678954066713835
15284,7.225000428963467
15285,6.566183290237131
15286,4.692578460647508
15287,5.099479352263071
15288,7.954004944499234
15289,6.284110160684748
15290,5.249037184701443
15291,4.051961878982832
15292,4.092370992486341
15293,1.463953157937668
15294,6.747267400276614
15295,6.567168899304052
15296,4.876387379968829
15297,8.179039914613746
15298,1.9862565926486955
15299,6.738767904218113
15300,6.147183368779547
15301,9.593737828207379
15302,5.722230731527764
15303,7.548748681369896
15304,6.852724023077322
15305,7.5403903153904865
15306,6.9793096693375265
15307,9.421561153375816
15308,5.956430748690703
15309,3.6718534914042102
15310,6.646228880933204
15311,5.013437584563768
15312,7.1341772979529
15313,7.878093811776809
15314,6.938071785413168
15315,5.014206088966462
15316,7.120623348367746
15317,4.822789297404231
15318,3.7288404842861773
15319,5.3610796286041325
15320,5.912866945754779
15321,7.363099516662185
15322,4.952170794019802
15323,7.07904040856567
15324,9.285883667068555
15325,1.2609432771547286
15326,7.601426148480235
15327,6.711319669186937
15328,6.3118330898155754
15329,8.53049367387645
15330,4.264135265744685
15331,9.12854979166514
15332,5.079016124448991
15333,5.069020328784857
15334,4.723408500593864
15335,6.549915056846196
15336,6.532853263796467
15337,6.6211498146432515
15338,5.80421543106876
15339,5.856040439111901
15340,3.4147506818041613
15341,5.659325350273335
15342,4.955212604519005
15343,4.312139791382652
15344,5.365973804674902
15345,5.260436858821185
15346,6.859289715843792
15347,5.274974711278937
15348,5.390379660985884
15349,7.007417205658653
15350,7.0128650028712425
15351,6.677966888599813
15352,3.5579777752963304
15353,5.028981136130222
15354,2.282868225432264
15355,8.455702912792587
15356,5.119219559219346
15357,6.344680520669603
15358,7.803530717119148
15359,7.305214467977995
15360,6.629469314913953
15361,5.689299517991099
15362,4.590034329436859
15363,1.0632801343682114
15364,5.7901928884521805
15365,6.234940576087636
15366,4.497865316332627
15367,7.949345532674623
15368,5.235928075593785
15369,5.04969425449159
15370,2.072531437572126
15371,4.298264362920749
15372,4.336432667094517
15373,3.23818136311648
15374,1.994835305265851
15375,8.2429402420684
15376,8.021162506782591
15377,5.586106195484901
15378,4.553521608313999
15379,5.520840828335304
15380,7.761161958652001
15381,6.951396450885145
15382,7.386857176979994
15383,3.983384776991702
15384,3.5700074719645247
15385,5.784077965028931
15386,8.876112581637942
15387,0.07162383953944296
15388,6.678477986691667
15389,9.123191134677128
15390,4.3197551664139775
15391,6.187115025197426
15392,2.7763939853190776
15393,4.723388405055282
15394,5.382813553774181
15395,6.716583836297719
15396,5.116710615688313
15397,6.670511661511094
15398,2.79966694896613
15399,3.0368729003913364
15400,6.156311951899721
15401,3.1153044805241015
15402,6.420700016222591
15403,7.096382350427926
15404,7.730567857624273
15405,9.388835299863356
15406,6.485935774552171
15407,6.046954936227367
15408,3.939358227281937
15409,5.0573756211204905
15410,5.443413369323718
15411,7.509066255436199
15412,6.147164127796694
15413,7.675148363888082
15414,3.5171774272479173
15415,3.965265294635696
15416,5.80504648167634
15417,8.799647358567766
15418,5.822916441830726
15419,6.478021585749884
15420,5.216953176634392
15421,9.96780604801856
15422,2.2481823706877844
15423,3.8221465325147865
15424,8.105369740106806
15425,1.13964665644216
15426,7.113098889914946
15427,7.714729458012911
15428,7.611304597696872
15429,7.51573537675704
15430,6.460238904597176
15431,3.7070452435570025
15432,6.735826168665223
15433,5.390094336151324
15434,5.999032285307056
15435,3.605277889326326
15436,5.645628474321416
15437,4.677660080508742
15438,7.7424089383250525
15439,7.675592863061517
15440,4.834568332077815
15441,7.960348067099742
15442,6.900781965917945
15443,6.910444488422877
15444,6.968191155154044
15445,6.06654716645325
15446,3.748311723964976
15447,5.548518413628704
15448,3.4702810117132588
15449,7.813832963680111
15450,4.342886084345602
15451,1.1440041432391093
15452,5.558454218923341
15453,6.0982836887814145
15454,4.293291788345338
15455,7.702950822631669
15456,6.056851126973774
15457,9.36996524310226
15458,4.606896698562238
15459,6.7459800515411965
15460,5.386903218504791
15461,8.927220313854422
15462,0.9736337813978322
15463,7.532139482581233
15464,6.46527698149017
15465,8.343254830126376
15466,6.017148348322264
15467,9.308059140747357
15468,5.648066893538768
15469,5.396014146127541
15470,3.9961290207790814
15471,3.4757229926714057
15472,8.5573904084458
15473,6.738624227546467
15474,8.111176454386452
15475,4.148163947806589
15476,5.994113668623746
15477,4.015459834957717
15478,6.481629752488956
15479,5.086007664544622
15480,7.956434420575604
15481,7.718987325057195
15482,6.479906725512425
15483,1.445791208593937
15484,9.791421642963044
15485,5.89679137162825
15486,6.6351249327095285
15487,5.114509730287972
15488,9.274539835034194
15489,8.405198037600076
15490,2.876787327734911
15491,4.680462384460736
15492,4.510141268108681
15493,4.336095531724319
15494,4.197965643883171
15495,4.989205046068685
15496,8.588875659548311
15497,4.488380621831324
15498,4.077764818322951
15499,6.635197805277073
15500,7.155566155860531
15501,5.022402643452497
15502,8.069784958158946
15503,7.020141032016138
15504,6.798103099227713
15505,5.289506730233828
15506,8.23311219080963
15507,3.9348415556683296
15508,7.2606233309347825
15509,4.206976901352427
15510,6.287057496739628
15511,5.593752163717498
15512,3.316965374078226
15513,5.049610411148443
15514,7.4524727265277315
15515,8.161650982885941
15516,4.328412660973284
15517,5.513172992286206
15518,6.999801031160256
15519,8.03023581271609
15520,2.7484134873415615
15521,3.902677248712157
15522,4.3323414214386675
15523,2.302401486218454
15524,3.7928489337562095
15525,8.117203111814945
15526,4.4154568278257385
15527,6.823791188989029
15528,2.132725282495427
15529,6.042258267226279
15530,3.16470944330547
15531,4.516937904414558
15532,2.458573794010319
15533,7.815886704390392
15534,8.313440107554447
15535,6.479729871850755
15536,5.132015437576852
15537,5.7715422175446855
15538,6.134170485035705
15539,4.81379882336995
15540,8.843948360326241
15541,7.186277751726324
15542,5.496104311556305
15543,6.917752446944293
15544,3.4448726256063282
15545,4.190989095456366
15546,4.229452936416775
15547,5.036478957753502
15548,7.453696140435298
15549,3.9628399893870183
15550,7.441480964548969
15551,7.998040433363014
15552,5.186326274210441
15553,4.5889233234205005
15554,8.371658162144197
15555,5.665700631221844
15556,4.352448605822022
15557,3.7737791679416732
15558,2.1661545818725596
15559,6.17333803915651
15560,9.480865612843354
15561,7.987844628363508
15562,7.509684339878951
15563,5.91630890916759
15564,7.65999954361256
15565,5.358032261228565
15566,6.0083171946096225
15567,9.146148801545383
15568,6.144025045889729
15569,4.06324839029309
15570,8.835167671040391
15571,5.895182766194496
15572,3.9193409151964476
15573,6.4493353336848465
15574,5.669933376780862
15575,3.0117472473456797
15576,3.3347746567237992
15577,8.737125025697171
15578,6.386394684410803
15579,5.9182686039074355
15580,3.2164634892092554
15581,5.40498612514555
15582,3.633843638967087
15583,3.7676928325704355
15584,2.6720463514198474
15585,2.2150159966890426
15586,6.5363022939708255
15587,4.419761544603963
15588,7.975652624516506
15589,7.054547487955218
15590,7.292489962406148
15591,2.3534644471909925
15592,5.774329660003936
15593,3.6532631175418566
15594,7.681485046330986
15595,7.663980997127485
15596,7.372212367532483
15597,7.675121509803855
15598,8.398649442853966
15599,7.662273504357085
15600,5.683287146357641
15601,5.793831835455099
15602,4.915223483492818
15603,6.935768748253592
15604,7.074823688857302
15605,3.9792077833593464
15606,7.794448500432686
15607,0.74662115141018
15608,8.494623793949135
15609,8.482734717570901
15610,5.464873242928739
15611,3.0104998664662976
15612,5.499965397500661
15613,4.9593238177189995
15614,5.0832004624100335
15615,7.740565035755827
15616,5.8174707218472435
15617,3.945186528469427
15618,4.958759536847726
15619,4.328046322695655
15620,5.342548512312069
15621,4.510088225649592
15622,8.012244556314304
15623,2.5440326771754562
15624,5.152448856853839
15625,6.214264764085722
15626,2.4887653952709297
15627,4.358170693438964
15628,8.782607199775866
15629,5.628941971472688
15630,4.54365764134265
15631,4.2638552757920305
15632,2.8132405373741056
15633,3.0269894172037146
15634,7.379337942236656
15635,4.201146240512304
15636,4.50033453453308
15637,1.2566522850164388
15638,5.4101700798623185
15639,6.546354258758953
15640,6.684398190567239
15641,7.50110271578383
15642,6.823993978266902
15643,5.403946622710823
15644,6.954062279546429
15645,5.391349873601062
15646,3.2307995266233362
15647,4.838466281970032
15648,4.404274418603643
15649,4.77630852986498
15650,7.809486232934079
15651,6.001269998360852
15652,4.548649372873345
15653,7.901558385435487
15654,2.8983261728828307
15655,7.383781992069878
15656,4.252234438708373
15657,6.166057332233161
15658,4.234842096927557
15659,7.158566189033026
15660,6.381271307672882
15661,7.8868405398367045
15662,4.280964812110765
15663,5.278753466294058
15664,8.674717117562292
15665,8.779777687669569
15666,2.85975713274539
15667,6.691549083266893
15668,6.640658107764521
15669,7.19502609838618
15670,2.131888512022714
15671,6.518331710845612
15672,6.537624964352737
15673,6.7867148362360865
15674,5.870372747355519
15675,8.432886539693168
15676,8.535844516582873
15677,4.672093412259071
15678,7.507079027978934
15679,4.9265541466401706
15680,6.390720734539993
15681,6.3187673559532005
15682,4.419232283907528
15683,8.78121519014297
15684,4.7050637370299455
15685,3.153502804339553
15686,8.06700599007322
15687,1.0575706998555907
15688,9.471280752204986
15689,6.600550760858779
15690,6.075336340732877
15691,6.015595854893164
15692,7.347075439760356
15693,7.23091892988513
15694,4.895740873315935
15695,4.7269065990681725
15696,4.3605762771088035
15697,8.459352558658313
15698,3.4094584405612522
15699,6.619379498323911
15700,4.31958174500916
15701,6.3100795362987405
15702,9.325934890784247
15703,5.815925840277542
15704,4.238185826375005
15705,4.419083322483817
15706,4.462521238290835
15707,5.925191235427236
15708,1.8104550333026543
15709,5.891262389844572
15710,5.890976743106268
15711,6.720537042261219
15712,5.191874963568978
15713,6.402623549541103
15714,4.076404793485232
15715,2.431146391203124
15716,6.377349945261265
15717,8.651268696129916
15718,4.047028303550793
15719,4.781459955116842
15720,6.71804644563653
15721,6.324956907006008
15722,6.926460659190746
15723,8.763349702429261
15724,2.7093620546452675
15725,4.936893193168448
15726,6.301923901939377
15727,4.718145062931674
15728,6.452178068304297
15729,9.619198011466713
15730,6.676976352250944
15731,6.054989389151655
15732,4.575360384694433
15733,5.211968637252449
15734,2.0668497272432287
15735,3.357805795190762
15736,5.468948453891786
15737,4.979176637309468
15738,4.290774121811721
15739,5.450265614068341
15740,3.4663853917444567
15741,1.445591790271402
15742,8.158735015030448
15743,4.512503615765432
15744,6.388830692723529
15745,5.374746351709717
15746,2.328928392895098
15747,6.851813749254182
15748,5.037114107363906
15749,7.223908736720025
15750,6.6174061324128015
15751,3.529079585031211
15752,6.209779528931714
15753,8.003203498671787
15754,5.131700754485769
15755,4.696644508400983
15756,3.337231510021832
15757,4.23117715605489
15758,4.932737523290502
15759,8.26613731358805
15760,4.035788450390818
15761,6.706113841490646
15762,3.4441828899790226
15763,3.001914228241395
15764,3.7190157978142584
15765,4.574342566430522
15766,5.267958457617468
15767,3.6609917710273776
15768,9.069628738463042
15769,4.684885714359375
15770,5.161108371252956
15771,4.817349910345299
15772,5.32137614481552
15773,8.376553968441899
15774,3.5311131733076477
15775,4.00601544698118
15776,7.674239380719724
15777,5.951748321810308
15778,6.63385182341212
15779,3.555446186053437
15780,6.645326959127226
15781,8.75313310966036
15782,3.9098846125959357
15783,7.43405928043866
15784,4.178178892997183
15785,8.354522762780444
15786,4.3625391917982626
15787,5.78245905043887
15788,7.195426052468279
15789,8.065830855998971
15790,3.905408759825618
15791,5.315756854711241
15792,4.526128902920398
15793,6.97674006448063
15794,6.392572728489319
15795,5.947190563962495
15796,5.716312839842265
15797,9.746173944518464
15798,6.828301293245415
15799,6.121312808134404
15800,6.919857123277767
15801,5.096041427767773
15802,6.73075269572692
15803,2.9879989239398506
15804,7.489761681514818
15805,3.470050116915394
15806,5.2809157518075
15807,7.348696611484325
15808,6.051662218262343
15809,8.28125710318892
15810,1.5126175019764405
15811,2.4811037140451653
15812,6.064047779075488
15813,7.761282020487355
15814,4.692625259813447
15815,4.7908182030364195
15816,4.841930594018951
15817,6.282211086587051
15818,5.891959011066547
15819,5.37307821591385
15820,8.904709611515356
15821,5.445319174716756
15822,5.7525192761868364
15823,4.94536756820634
15824,6.531131655773461
15825,7.59043600767577
15826,6.063164402275067
15827,5.273997585445455
15828,5.4342875209314965
15829,7.194624761410642
15830,5.635840709062946
15831,8.682597105498154
15832,3.668072505609981
15833,5.875460717553407
15834,8.095573872376127
15835,6.584782350930153
15836,6.98326461976344
15837,5.412094174482709
15838,4.571718111278658
15839,6.918769431130103
15840,7.153696628079237
15841,4.305339314488804
15842,5.655853259276169
15843,3.8137875689985083
15844,6.2613509839793355
15845,6.498920515360242
15846,1.2754458216748041
15847,1.403270979761
15848,2.2647360367445257
15849,7.693982317504631
15850,9.678485217969506
15851,4.5021181028220205
15852,6.8340791642258125
15853,6.586478315125992
15854,6.420793612999227
15855,6.86928233796594
15856,7.827265034065683
15857,8.508114272677982
15858,8.971276105075088
15859,3.0638919613599254
15860,4.633519100610556
15861,6.561372739399722
15862,8.208307142373256
15863,8.137669402299373
15864,8.788852694048458
15865,7.472282067027453
15866,7.754513608963359
15867,7.005450132907882
15868,5.822403658559196
15869,4.526038652076801
15870,4.163844750418887
15871,8.557627204714546
15872,5.085016480993277
15873,4.590924353108071
15874,1.2773727578195284
15875,7.1251344367715275
15876,9.687339389930077
15877,3.139112881206038
15878,6.574933718511931
15879,6.761808949425938
15880,7.180804088363539
15881,6.4848748863832935
15882,6.8864032816900504
15883,7.627570168605091
15884,6.570264539222409
15885,5.204647243361615
15886,5.892207771944703
15887,9.393470054251047
15888,5.261711377639717
15889,3.4572773206529286
15890,5.818405395733789
15891,5.744465545979414
15892,7.576417233032464
15893,5.730454944220573
15894,3.989031367139166
15895,9.335135978651547
15896,4.455090745905382
15897,3.5282172823378497
15898,5.631104454828206
15899,8.625791619934635
15900,3.232141621976906
15901,7.230551259695933
15902,6.36350364488081
15903,7.261504080355314
15904,5.075846135806076
15905,4.8584091445682605
15906,9.4157567420413
15907,7.545747322725864
15908,6.02188681758447
15909,9.139577213125662
15910,4.524174302288564
15911,7.464501618778581
15912,5.531270607477486
15913,3.131566782927557
15914,5.307988016806794
15915,5.654260105266628
15916,8.116462596278236
15917,7.556730076230824
15918,6.8612620375595625
15919,7.575133575874058
15920,5.8665751456477615
15921,6.364155662020977
15922,6.427149374682922
15923,3.588881008563118
15924,2.6527206045988674
15925,7.365634054822017
15926,4.884012137970228
15927,7.300123391439582
15928,3.462843386444822
15929,3.7921387946286815
15930,7.09930695786098
15931,8.231543946471344
15932,3.741442057795508
15933,6.932510685353506
15934,5.401060831315755
15935,5.5331731821515735
15936,5.013109549767908
15937,5.908942752754171
15938,5.457163650194778
15939,8.790744981217838
15940,6.154039700745481
15941,7.240593898694101
15942,5.270613541325577
15943,4.401345079587609
15944,3.2570248589747806
15945,8.714274067083911
15946,3.808324940259297
15947,4.740702449613801
15948,7.170443280342241
15949,5.794337625399502
15950,6.829028424902329
15951,6.0099438211413005
15952,4.286352291497786
15953,8.834734544241712
15954,7.502036310997209
15955,2.030390610475423
15956,4.458176763433945
15957,7.776355474957419
15958,4.390967746923278
15959,2.784583505126121
15960,8.133431568469245
15961,6.4614015355659085
15962,6.141165467525077
15963,5.31624986130851
15964,6.229883616532653
15965,3.7485944880757343
15966,1.926150506862545
15967,3.4363280996669348
15968,6.5958018245977295
15969,3.9664265855631244
15970,8.40566257451194
15971,5.191910449268123
15972,8.775994059030127
15973,4.515622092075301
15974,8.997445078310665
15975,4.345723568889332
15976,3.267075830759465
15977,8.239899645691235
15978,4.782576271862759
15979,4.952704256313995
15980,6.149182761938377
15981,0.10447972795479972
15982,6.199334180374357
15983,4.245524595368044
15984,8.079419687482215
15985,5.449944992657044
15986,7.118706881290956
15987,4.65443792454379
15988,8.401425708071438
15989,5.697491723393268
15990,3.924242548045436
15991,8.620647043367732
15992,5.857351720679922
15993,5.326809334351063
15994,6.974707420578162
15995,3.480776076176875
15996,7.408559570739802
15997,2.840616132398373
15998,2.9953978668633416
15999,8.479954781896314
16000,5.561495940984839
16001,6.205284045984201
16002,5.20754950688261
16003,5.696003721861816
16004,6.17696536992986
16005,7.811532114239444
16006,5.590612505748284
16007,3.1629765081042898
16008,3.721316678815729
16009,6.0014100666301085
16010,7.291004778092183
16011,4.928487120730902
16012,7.2285156167392115
16013,8.717966997569366
16014,2.834678007274859
16015,8.092136008258581
16016,6.607845351504547
16017,7.9443494488460775
16018,5.612680323366682
16019,5.923349477449033
16020,4.7714614011688425
16021,6.135561089893615
16022,3.6634852874502704
16023,6.049796790870367
16024,1.0755694622957397
16025,6.646276595496831
16026,5.6285215212429165
16027,3.250731368610869
16028,8.574411731542924
16029,6.39277858483855
16030,8.583900407673198
16031,4.279687811064418
16032,9.416718928242492
16033,7.58110241217142
16034,6.752124403287069
16035,5.091630231014033
16036,7.215159568031441
16037,6.171199464594938
16038,6.1536536997290066
16039,6.733949169788761
16040,4.078835004172831
16041,5.585364556946921
16042,1.610395229228648
16043,5.063961198662221
16044,3.09272736619386
16045,5.7788058391139785
16046,6.851638709888338
16047,7.808237742323998
16048,6.665605587804733
16049,7.542748224138376
16050,3.914615330507213
16051,7.944743333225631
16052,5.659525087794485
16053,7.392864938073452
16054,7.77798709623513
16055,6.775114183920672
16056,9.404406357212011
16057,4.542546176894872
16058,4.585361989729201
16059,5.856216764059478
16060,2.077343731902714
16061,5.855155084857477
16062,5.920423463881898
16063,5.162560485472623
16064,5.431983498500695
16065,7.180385826659142
16066,6.65401814275779
16067,6.471284441387605
16068,4.519768774420355
16069,7.9899735597759385
16070,4.664753061467577
16071,5.450035402497905
16072,5.682551599555721
16073,1.7848744866647235
16074,7.192495519206325
16075,6.185101660058865
16076,8.54587253608639
16077,5.157121528304383
16078,4.4096352536062735
16079,8.398243896898329
16080,4.642591556691299
16081,2.6943260351562555
16082,7.211096721350089
16083,5.165999951094383
16084,7.983823945040237
16085,5.5678567880349075
16086,6.564481634847484
16087,7.487217229490826
16088,7.0223735662954105
16089,7.0394138927819085
16090,7.973878548282737
16091,6.173946952797086
16092,6.253971126733919
16093,1.945044204069284
16094,3.7282589061196796
16095,6.631615581718833
16096,5.855670724470979
16097,7.399981385155941
16098,7.459902322442212
16099,6.172072496444221
16100,7.4327911759998155
16101,4.6528084812390595
16102,6.5166723817062415
16103,3.7283374008938504
16104,4.847573948764826
16105,6.64593948901547
16106,5.121784076711471
16107,5.5690517379876034
16108,4.822956860411965
16109,6.371786542813933
16110,6.168348537611973
16111,4.581479350938352
16112,3.619720670148399
16113,5.775300727369753
16114,3.6743744564283265
16115,9.685132269620302
16116,4.917074012191074
16117,7.593096650086663
16118,5.356065664515486
16119,4.644618731424385
16120,5.358013954816876
16121,3.517939989808892
16122,8.790794198695277
16123,6.952100099387351
16124,6.4660449065091505
16125,5.4934059019492345
16126,4.614087592983811
16127,5.648880707514657
16128,7.780188445830989
16129,6.519811492051005
16130,5.854413344392954
16131,4.459823489007986
16132,6.1605783041532405
16133,5.769984542545197
16134,6.8381853643363995
16135,7.661499303250978
16136,9.531836070098816
16137,7.365135229510024
16138,4.479503849151943
16139,5.239745762246258
16140,3.0561724278104463
16141,7.802269715872033
16142,7.079092959339356
16143,7.290063751336932
16144,5.65397065072187
16145,5.519704451698401
16146,8.291315476440374
16147,5.938329760298866
16148,3.570583026238716
16149,6.565588944018317
16150,5.942624069878546
16151,5.5197944090646445
16152,3.176083737042087
16153,5.180680668705113
16154,6.664134946740638
16155,3.6351824669298
16156,4.341382910135964
16157,6.754681219338665
16158,4.72656685110246
16159,9.522506718083285
16160,8.580854440045421
16161,3.5755141117148814
16162,7.2368535507493075
16163,4.497392345687251
16164,7.762268877963047
16165,2.142571456693529
16166,7.70580493979582
16167,8.079431890210104
16168,6.314825526223959
16169,5.920013405336847
16170,5.125340379771654
16171,7.687406835523527
16172,8.80062469828848
16173,2.837459691132386
16174,8.617701845728847
16175,4.979201120930176
16176,8.069559980580747
16177,4.3302806581657425
16178,7.906476683923
16179,5.940998283759534
16180,6.894203108716328
16181,5.082152304881408
16182,2.120991057568748
16183,8.682828920737744
16184,6.18124375283703
16185,3.240649559186935
16186,3.94738879844268
16187,7.067208684656977
16188,4.199643497054145
16189,5.439068832315424
16190,4.023303209973916
16191,4.644863282291993
16192,8.939917704222449
16193,5.552395328773874
16194,6.911417993476522
16195,9.411127265646327
16196,4.601636788532856
16197,4.353415929337305
16198,7.115908585440296
16199,2.7937723238538332
16200,7.44189588804584
16201,6.656980007926729
16202,8.923670023848926
16203,7.474924490267071
16204,7.964420833996007
16205,5.216495282679832
16206,9.329084718434489
16207,4.206235867689928
16208,7.100609119714511
16209,3.4710266812764408
16210,6.092555835014577
16211,5.312747108022109
16212,4.404331776749623
16213,4.660863329087261
16214,6.824517664693927
16215,6.736441550912291
16216,8.226314417857052
16217,2.3958786984596085
16218,5.499421602184344
16219,5.782181423187072
16220,6.898438132420095
16221,7.831132998936293
16222,4.253993570556495
16223,8.641806846688441
16224,5.434320257409244
16225,9.018580515270346
16226,6.771016968754481
16227,3.6864670871253296
16228,8.28150065834012
16229,7.698213433112688
16230,5.691789913072752
16231,6.18374312633526
16232,5.186447770353041
16233,5.623149379374748
16234,5.810392282721044
16235,2.758259052618431
16236,6.684434971435582
16237,7.626860764963899
16238,2.492441311395681
16239,6.666433807315141
16240,8.507353408834547
16241,9.153686319911177
16242,4.854722847872791
16243,7.299230416999976
16244,5.176045144788025
16245,7.659851312448758
16246,5.79132423694979
16247,3.616337046832475
16248,8.157604043253087
16249,7.563115600362625
16250,7.605043962014404
16251,6.437479936857298
16252,6.23474520077092
16253,6.924671690227386
16254,3.5807157588404026
16255,9.64635849872365
16256,4.766578456725643
16257,4.926078446408733
16258,2.498780239098866
16259,4.985512762220181
16260,5.681388831186519
16261,4.8580412541183335
16262,6.28066531099538
16263,6.059637434010131
16264,5.23052708217288
16265,7.249166883125033
16266,4.196308083739242
16267,6.919943593820418
16268,6.296095964592018
16269,6.051175089160253
16270,9.237781713522484
16271,4.09451293213863
16272,6.74325507158736
16273,5.508860579891494
16274,2.5844023320321083
16275,6.148250300216266
16276,7.628102879740846
16277,9.07587294541381
16278,5.407071745996554
16279,7.297136713512655
16280,7.838445006060468
16281,8.612760456024635
16282,1.8516525393105367
16283,7.755834918455037
16284,6.618880556772805
16285,6.4463217481839035
16286,6.639279683666043
16287,5.079962855964384
16288,4.74310798084881
16289,2.9932198707962336
16290,6.332722228559987
16291,3.055609104796307
16292,6.547951039291154
16293,7.57738078422849
16294,7.604509185971422
16295,6.876770927057626
16296,3.6979546772689518
16297,4.656935170509441
16298,4.8734518791529835
16299,4.4250642538321046
16300,5.66268244700886
16301,5.550146838596011
16302,5.5710721100391005
16303,6.763636191275361
16304,5.81396978364335
16305,5.483648355435735
16306,9.21106567722019
16307,4.153787906164059
16308,6.552826868666164
16309,6.0429116604682775
16310,5.281160628467743
16311,4.627060226239724
16312,7.272754421275953
16313,4.866173870433846
16314,2.860609709301367
16315,0.7081003627762782
16316,6.253525368148685
16317,5.03785422379462
16318,7.501233806437952
16319,8.838636200159513
16320,7.6278305996494975
16321,6.036737610672433
16322,0.6465305310335084
16323,7.749953852568838
16324,9.374535549559546
16325,7.131864959063716
16326,6.793326874885718
16327,8.433520084709224
16328,4.679302844638885
16329,7.5631964211803675
16330,6.013318381768032
16331,5.299542799386421
16332,7.704932157398373
16333,8.25346860024887
16334,6.143309092702534
16335,3.5828516342937875
16336,3.3713262827078916
16337,4.737942091663882
16338,7.083488270250244
16339,8.272820106993764
16340,4.1988262469696185
16341,6.568228202202404
16342,7.633627082574598
16343,7.99527658680604
16344,6.978978573548086
16345,7.198063918201143
16346,4.493848707972925
16347,6.805350537900309
16348,5.935634584715463
16349,4.256242908936908
16350,7.593524390928621
16351,5.28022942517072
16352,5.344314000772019
16353,3.7929379835808574
16354,0.2083746602292024
16355,6.579161450221212
16356,6.65467691085529
16357,8.369428559505451
16358,7.619138676628075
16359,5.3165813435082985
16360,4.166832986479991
16361,5.112833076986379
16362,7.175587555370754
16363,5.083626558854904
16364,8.274183395372146
16365,7.030667809635911
16366,4.362005928260065
16367,4.7249464093576545
16368,4.037805332371028
16369,6.226395977514999
16370,7.666567326842735
16371,7.244501354128445
16372,2.215945856346136
16373,7.262171404147521
16374,6.127122884780209
16375,1.9329047263459018
16376,4.207473257523169
16377,4.937486857631255
16378,4.440054661106215
16379,7.588497362270319
16380,4.44042168892061
16381,6.787169146987708
16382,4.943000181568131
16383,2.324981936597501
16384,6.041080752154475
16385,8.209598924670455
16386,3.359122985089015
16387,8.079517115821428
16388,4.8142012509750085
16389,1.9822112351798156
16390,6.513366542711559
16391,5.176831988421968
16392,8.334424976084396
16393,2.5784566585262727
16394,4.298095911474842
16395,4.68105055896881
16396,6.848755445923922
16397,6.4036899084225425
16398,6.849450661893188
16399,7.61820749181615
16400,8.06381613821508
16401,8.287902204408175
16402,8.584376530851156
16403,5.701284274214468
16404,7.99062152369715
16405,4.144598923187264
16406,5.667870043750442
16407,2.90798456641308
16408,0.5491308198537327
16409,3.433380695448621
16410,3.637871389773733
16411,2.6263688516127175
16412,6.210046490721706
16413,9.033065302145491
16414,4.425843920829696
16415,4.599786451566747
16416,4.387015660190517
16417,7.386434936352705
16418,6.637055255728066
16419,8.525892847157143
16420,6.777512997614533
16421,7.624224470931709
16422,1.942079964586711
16423,3.5877645311872017
16424,7.394174680060216
16425,6.580172231892189
16426,5.860670656905917
16427,7.270339897372587
16428,5.241988159337186
16429,6.613018869741458
16430,5.988034416283693
16431,4.75559132022982
16432,8.087210281597352
16433,4.617177379918413
16434,6.86478553964656
16435,5.184822072714657
16436,6.8580617242002635
16437,9.308462852544174
16438,7.472507168360201
16439,5.398464982781042
16440,7.120522780194935
16441,5.951896405502078
16442,7.688718132852836
16443,2.2649413551503828
16444,7.665029193484513
16445,3.4310149119787017
16446,2.8141476485225714
16447,6.7322205368318535
16448,6.195388324269807
16449,7.83843620290034
16450,8.096219173239568
16451,4.795066061248312
16452,8.459460940431878
16453,9.021540354732732
16454,5.196851894113389
16455,5.196294247241717
16456,2.2814351864052904
16457,10.0
16458,1.913095168858263
16459,7.652887995613735
16460,1.7829564396865851
16461,2.807336126394225
16462,2.644465004026107
16463,5.785443002982495
16464,8.762709935348363
16465,3.639567586207293
16466,8.471213049262849
16467,2.6501350564230783
16468,6.7643727387072135
16469,7.394165131637404
16470,6.813155266139724
16471,4.431058155261826
16472,3.4780572020791523
16473,4.963045924945588
16474,7.176016682188603
16475,3.7831122159147093
16476,4.672173096139558
16477,5.70091957600556
16478,4.5859845207649785
16479,5.275217524928319
16480,3.11512207511044
16481,3.0025710048507497
16482,5.393881794149539
16483,3.127636162800393
16484,5.998008167643016
16485,7.083752170624251
16486,7.771410205078462
16487,6.349572220754915
16488,3.1189518562410803
16489,7.8800669843396935
16490,4.881880250827086
16491,7.648934853933592
16492,9.1551749058389
16493,4.739442784889421
16494,7.482484113186482
16495,4.27183657682412
16496,7.099324515258038
16497,8.824096529290195
16498,3.855447456638099
16499,8.359987011908766
16500,9.729118405773775
16501,6.259228925141943
16502,8.547252295859392
16503,8.782674509383696
16504,7.460167595807165
16505,2.8951773523140627
16506,5.9433307323270235
16507,5.2478849383807145
16508,7.7426860985407835
16509,9.175764175893569
16510,9.658031341080129
16511,5.7013588541702145
16512,4.905026804758547
16513,8.961352419078949
16514,6.901633981009196
16515,5.663770841007378
16516,8.036076788700948
16517,9.30439706591967
16518,5.407180206983126
16519,4.237982275283348
16520,5.992954400872627
16521,7.569272798832602
16522,5.209553352780717
16523,3.1637218708579233
16524,5.066339553434938
16525,7.471782776067131
16526,6.214600366830783
16527,3.8709749309407178
16528,8.942310171978313
16529,5.19367431360642
16530,5.116538845561111
16531,8.563444042675373
16532,5.436515235833341
16533,4.285282864253723
16534,6.616302268399247
16535,4.545051115299145
16536,5.544921099382247
16537,7.852446553813621
16538,6.670413744307212
16539,9.076510419201648
16540,5.712550520883461
16541,4.410953999866979
16542,3.7769128481304346
16543,8.814272134055091
16544,5.442014070422022
16545,4.260654030946492
16546,6.761923494429411
16547,6.780479272107598
16548,6.071896203904062
16549,6.26743392959186
16550,6.375524081065569
16551,4.203434025648743
16552,5.883069147048217
16553,3.7166013710473775
16554,7.159856375893951
16555,7.578000774225437
16556,5.526324941553842
16557,4.474226384821378
16558,8.548013885440378
16559,6.843991267909944
16560,9.113272104837684
16561,3.6273070184440757
16562,8.918524384015276
16563,7.496062922150079
16564,1.7641090123577166
16565,6.298768971984959
16566,5.204386526570276
16567,8.034990246635243
16568,4.373736541027013
16569,7.98174580308911
16570,3.9173565727652333
16571,6.356443517703978
16572,7.390604793590956
16573,7.121282238266211
16574,8.991141327129014
16575,4.313469409934025
16576,8.24869879146754
16577,7.452849792028094
16578,7.631206154143016
16579,7.740956609739777
16580,5.617957194765583
16581,7.201918878379761
16582,7.160329435615338
16583,5.884875464041638
16584,7.309264241944755
16585,2.6089790380641773
16586,7.208896215132013
16587,6.605981768544375
16588,4.986182500711804
16589,8.309312904410174
16590,7.890094932003194
16591,7.937098060363831
16592,8.317713167746774
16593,8.635592705541157
16594,6.938523521283614
16595,6.767428600360116
16596,7.472476497873016
16597,4.7408478662714355
16598,3.5775666552674568
16599,3.6744176457834614
16600,6.276263774203131
16601,8.098405012758874
16602,6.0467475255287075
16603,1.8679315884913712
16604,6.399592708849637
16605,2.217152342287182
16606,6.0329083865648645
16607,5.082045034456679
16608,5.244961866792816
16609,5.42924141558841
16610,9.506193058261111
16611,6.129915609620157
16612,5.132653670725497
16613,5.218481958462165
16614,3.5367735593094927
16615,7.574861572485656
16616,6.4954614975623155
16617,8.61797538801564
16618,6.578658806483425
16619,5.423200576355661
16620,3.9925229036062913
16621,6.663429274155019
16622,6.562766810921568
16623,2.641836548623747
16624,5.2536002811905576
16625,7.408126969252111
16626,4.840682745726098
16627,3.901431477786889
16628,8.835837390069479
16629,6.533613992689941
16630,5.700781403868428
16631,5.408089213090476
16632,4.075026147027231
16633,8.252703315246524
16634,8.6338516066041
16635,6.621206295477565
16636,5.6440055884957365
16637,5.696604000321409
16638,4.2808207014277535
16639,5.7659977440718
16640,8.299141810383263
16641,5.604824265399156
16642,6.515327758067876
16643,6.122219010815128
16644,4.901147426079225
16645,7.3041969151586725
16646,7.457441617124577
16647,7.487256681390418
16648,8.568725290607198
16649,7.5043163083769295
16650,8.807812715523822
16651,7.968560989770529
16652,2.2771404214710937
16653,6.695602707639033
16654,7.736138890461884
16655,5.276356555724477
16656,6.450709120642272
16657,4.631893359674583
16658,6.855787767433622
16659,4.061423628765354
16660,6.990713396008276
16661,9.84865096147975
16662,7.479379322769061
16663,7.157886848001329
16664,5.868138249966701
16665,2.0763935209383826
16666,6.411118459487719
16667,6.3252430300546525
16668,6.256015336284536
16669,6.8309295335969145
16670,7.995566320621383
16671,8.511206655636444
16672,3.1058179304661584
16673,6.019333825579079
16674,6.6329613838454815
16675,7.861769666079387
16676,9.710608606114043
16677,9.330075647981314
16678,4.817638981464725
16679,5.831288372567737
16680,9.123885461168705
16681,3.57460163579002
16682,6.9111271439268425
16683,6.6014188852069005
16684,5.723856151003316
16685,8.562395815292419
16686,6.9569512882157625
16687,6.448630863570161
16688,5.010012129238708
16689,5.816155851782408
16690,6.4792656286651855
16691,6.306152729311167
16692,6.327846535016794
16693,5.263210661922694
16694,6.787354256576257
16695,7.336825505406127
16696,5.711377244294207
16697,2.871050355240194
16698,5.266345044619039
16699,6.706842707810626
16700,4.719857545677086
16701,3.7060038241260376
16702,6.676388793317965
16703,6.980249998668795
16704,6.229858826468602
16705,7.389318726843788
16706,6.780573137771297
16707,6.536504443943296
16708,7.259547081784374
16709,2.7287183001874498
16710,5.483714695101796
16711,6.7754863380737245
16712,6.598624180564647
16713,8.763709739240058
16714,7.305486094995617
16715,5.180941851105095
16716,7.53314013818349
16717,7.626861471741311
16718,6.2438681706795425
16719,8.643682281064574
16720,4.621731967697412
16721,1.8897203798153561
16722,7.87607689121612
16723,3.190663175414125
16724,4.993061219723129
16725,4.547757749572162
16726,4.537374974687285
16727,8.049071194570205
16728,2.018368937383892
16729,5.896935022292361
16730,5.26410610124669
16731,7.779509908773019
16732,8.255585419710503
16733,6.411327675363671
16734,5.14862715477047
16735,2.2160850705810464
16736,7.607269877459657
16737,3.9840859479950357
16738,5.611876182407482
16739,8.01183383390184
16740,7.9640937362639
16741,8.048001046843114
16742,7.655674523760168
16743,4.394271372447838
16744,7.038626171922729
16745,7.983324364650217
16746,8.370553354117899
16747,4.606415596316518
16748,6.409037513542879
16749,6.475956506797516
16750,6.1364132718672675
16751,6.283811555460364
16752,5.724394240436117
16753,7.489372787862384
16754,7.229515457473796
16755,7.427891959548938
16756,7.073066358931111
16757,5.164876642635617
16758,5.7090703799973594
16759,6.692791895519937
16760,3.21983935576161
16761,6.5360652238839885
16762,4.86067416416011
16763,4.3945044600383065
16764,1.803327752305901
16765,6.410360043224444
16766,4.070198504984081
16767,9.34670411722445
16768,4.779927158944675
16769,7.7472965938993275
16770,2.7911504561503024
16771,8.3566408842128
16772,4.168752484090897
16773,3.6471168195517745
16774,2.688915393889647
16775,5.693734960614871
16776,6.894220643980949
16777,3.7598968895346054
16778,7.183830576415501
16779,6.19238281904214
16780,6.0385106204628265
16781,4.067787242806269
16782,8.188910494178513
16783,5.162845578766051
16784,7.531532435747021
16785,6.717263914133732
16786,7.636919881983907
16787,4.907255157226594
16788,5.389013530694585
16789,8.376846825171434
16790,8.484697687023274
16791,7.669031189352641
16792,8.592592168485366
16793,5.722595229670517
16794,3.2487882657340927
16795,4.367879265566786
16796,2.351836102150016
16797,6.256256366336295
16798,5.080591163626771
16799,8.351203035760157
16800,8.424359914282121
16801,3.1837625538811634
16802,6.197913229954188
16803,1.7328252559250616
16804,6.966739114957468
16805,7.149146095135778
16806,7.442930972522736
16807,7.42672185074346
16808,3.1484481513955713
16809,5.636896163887446
16810,5.83361284636058
16811,7.168268897051563
16812,5.7390586082091914
16813,8.176349015329244
16814,7.214587789804827
16815,8.156968107636702
16816,8.603368848961871
16817,4.7097341865127325
16818,4.571146236945312
16819,5.644852435323323
16820,4.935518414472285
16821,4.70198039637112
16822,5.3044426200802635
16823,5.840303046505773
16824,6.1974309800567555
16825,7.465576792161881
16826,4.470724953388052
16827,6.778340677859687
16828,5.840740498544655
16829,2.5452932270226114
16830,3.680328179079158
16831,6.355942762139057
16832,7.169136176188743
16833,6.865216008096439
16834,3.068528354854755
16835,8.000661886756706
16836,5.69649184220087
16837,5.13261927434697
16838,2.8859034052068364
16839,8.477333806889407
16840,5.352289797926327
16841,2.057330875451486
16842,5.86085292458922
16843,4.690411685264923
16844,7.212199264052645
16845,4.968655480253867
16846,8.041301646471394
16847,7.236758369806271
16848,6.3004845177651685
16849,8.379301669142752
16850,5.906252086831153
16851,4.245787053482565
16852,5.369231277311398
16853,3.6415485155871243
16854,9.352829718188637
16855,7.355214102924711
16856,7.874679225519759
16857,10.0
16858,4.843265214310751
16859,7.084331464123132
16860,9.418780372395728
16861,8.828566707740658
16862,5.2196225264809915
16863,4.785131528392066
16864,6.3542345635014765
16865,9.62907013487023
16866,2.654943856041357
16867,8.50072452149706
16868,5.946784232874082
16869,7.231348497728181
16870,6.343634258262798
16871,6.3617787204348275
16872,5.300676870193242
16873,7.990890756394467
16874,4.6568361324666085
16875,5.503507200721891
16876,1.451690408420761
16877,4.658485232170181
16878,5.899186985547219
16879,4.874797483292371
16880,6.700233734400584
16881,7.949315060006699
16882,9.238406694840027
16883,9.390797839322783
16884,6.4032974040854365
16885,7.5783265985895
16886,1.9093625758377375
16887,5.2486333404094925
16888,1.8473133211545756
16889,6.329392898735643
16890,6.969584853590542
16891,3.669331942602059
16892,7.180346807568813
16893,8.628001190094576
16894,4.090890813203686
16895,4.312521044478634
16896,6.701580858912088
16897,6.666277562819296
16898,4.8009562368265915
16899,9.20129944568254
16900,6.739627715004881
16901,6.331749052252189
16902,5.663108060989872
16903,8.556782498908776
16904,8.305118147694754
16905,7.666828679370237
16906,3.576890424697557
16907,9.170544752855307
16908,7.210436530025122
16909,3.3864149371236487
16910,5.98110947984755
16911,6.460457985271394
16912,2.8870241957266254
16913,2.276258728767811
16914,8.737324944006616
16915,8.171232987429141
16916,4.213425055368013
16917,7.47401438795639
16918,6.502253157225314
16919,3.7609718552143994
16920,6.974599625046175
16921,3.0400949108706645
16922,7.672617552602416
16923,7.3438755062674215
16924,7.5458903459176
16925,9.15814453498541
16926,4.176185243582744
16927,1.9057665370036976
16928,4.362814064908058
16929,5.736872367108409
16930,6.342919041422284
16931,2.8954108636522045
16932,4.332951765385449
16933,4.269325394132232
16934,9.365691826303971
16935,2.9468853789077727
16936,6.504989725615697
16937,6.3698358931638275
16938,8.103432489367984
16939,3.586522368697714
16940,3.996459006773954
16941,7.144391178825931
16942,4.964476184415658
16943,5.0293609808693045
16944,6.6039469488068026
16945,6.745506061947353
16946,5.412673595388526
16947,3.9775927297805875
16948,5.516921071567833
16949,3.5274054646312516
16950,7.699189202446405
16951,7.023082047440703
16952,7.8191410666936045
16953,5.221033704070361
16954,7.831430873037259
16955,4.758135134739443
16956,6.673665633757226
16957,4.754497852247555
16958,0.6766515425279236
16959,3.4792165256150973
16960,4.163586869545915
16961,7.971860288586254
16962,4.177576807118111
16963,5.997007709535003
16964,8.234473170234402
16965,2.9172530888385593
16966,2.9418624268968507
16967,5.826804104312291
16968,6.807202836723678
16969,10.0
16970,3.6342287478871658
16971,7.511704123622533
16972,2.3107917216754865
16973,1.0846911603948632
16974,4.207127797019521
16975,9.425918936415947
16976,8.478277174963024
16977,8.641801642878143
16978,7.140863532426193
16979,5.060959754107742
16980,7.195731473658856
16981,3.2960350002102734
16982,5.9164632022041665
16983,6.918650916645207
16984,7.196057485060942
16985,5.017350932561412
16986,7.388423412289907
16987,3.6804707089943887
16988,6.582715466534916
16989,4.05996956976801
16990,5.496290899138217
16991,7.635848294696346
16992,7.098881798509673
16993,4.867303536308754
16994,7.040713148598773
16995,5.132345169999529
16996,8.70709583891697
16997,3.795851590997728
16998,5.375473119320903
16999,3.5678415892500643
17000,7.56213755833801
17001,4.1716962891924085
17002,6.69749149700797
17003,8.287532714722103
17004,8.961884717639641
17005,8.86598352387183
17006,4.315555289444267
17007,3.6697283294903684
17008,5.043952695433754
17009,5.344933965100585
17010,4.036850109718152
17011,6.526525264926485
17012,6.055760369189217
17013,7.328892004795671
17014,5.369869266420942
17015,3.278658585810839
17016,6.825973498334649
17017,7.05016267777626
17018,5.746946149040504
17019,7.63620132915271
17020,7.273488835674161
17021,5.081261087399579
17022,6.288745505129256
17023,6.719430536733958
17024,3.3841973673703523
17025,5.684087805803316
17026,5.36561563647547
17027,9.189131331228083
17028,1.2215836695987454
17029,4.239873700381163
17030,6.681994218553918
17031,9.147608919100453
17032,3.750650154278013
17033,6.099644635853731
17034,3.5664959332146458
17035,6.759701330225015
17036,9.086081945552017
17037,2.920507138076638
17038,3.6221409807161975
17039,8.798978500619185
17040,6.453177823454192
17041,6.801721132605616
17042,4.197879083177564
17043,5.340106774927236
17044,5.808578306083248
17045,7.177771789251189
17046,5.631661416849617
17047,8.822127750312708
17048,4.610830880864267
17049,10.0
17050,6.803037169772509
17051,7.964726787579291
17052,6.181627011133061
17053,6.530515339075722
17054,3.8052073828134523
17055,7.611305701598646
17056,3.724071669707753
17057,5.386145736014431
17058,6.730490321163786
17059,7.116947152843226
17060,6.092946947512674
17061,5.757849019835698
17062,3.2615939202980107
17063,7.241490011592269
17064,7.06551066778399
17065,6.92890176630473
17066,4.3000047637639405
17067,4.845875589699562
17068,7.11480244080737
17069,8.489716372830982
17070,6.6831292916200145
17071,6.28040538651646
17072,5.746544569366028
17073,6.388308738801172
17074,4.091068017241687
17075,4.748387034536398
17076,6.218204852673208
17077,8.131911660372698
17078,4.7844948870031025
17079,6.481570756624006
17080,4.172469989184966
17081,6.126562543872846
17082,8.377094538427347
17083,5.257928310493837
17084,7.995369017385306
17085,3.8806338730914796
17086,0.7269396306208942
17087,2.419496161045347
17088,6.89679787926886
17089,7.884415365132589
17090,6.4823736026570575
17091,8.323373657030839
17092,6.896631032666111
17093,8.488292280639875
17094,2.079640731682109
17095,4.90459944564862
17096,1.6506151856820415
17097,3.10619496157332
17098,6.231816209953804
17099,2.315765068352881
17100,8.06875526013015
17101,6.2361280409162365
17102,7.560693715692471
17103,4.453368431569599
17104,6.624928061161479
17105,7.351750271932339
17106,5.8549960801265595
17107,1.6229400621355725
17108,4.255319445989159
17109,8.577520910102288
17110,5.72027033700761
17111,4.689431176114447
17112,4.857658598789245
17113,6.457681830782604
17114,7.128529545178662
17115,6.737821165904606
17116,4.955977740893828
17117,4.496882906348978
17118,8.505341748472237
17119,3.626186209804745
17120,5.480108353174901
17121,5.372688099597484
17122,8.467381457755852
17123,5.361903545748673
17124,7.542649796392679
17125,5.5762734184682134
17126,5.113058331389814
17127,5.721239012643878
17128,7.85735896573488
17129,1.8076367201831887
17130,9.675374322275545
17131,8.614322579761168
17132,5.611625913912405
17133,6.146911618545047
17134,5.0490921891094125
17135,6.258035596934354
17136,3.9727720748325526
17137,8.1278196279584
17138,6.629796555241535
17139,9.972497971451636
17140,4.891015323434626
17141,5.920451735182063
17142,4.258802629068745
17143,4.4870676487582255
17144,5.128136394572726
17145,2.7637332809191895
17146,2.711631641651601
17147,7.764093706690171
17148,4.1313618114122175
17149,6.549981213030817
17150,1.2420379282447969
17151,5.801287628559347
17152,2.9517545768376205
17153,4.137245792031288
17154,3.516473277727327
17155,3.2053131669236135
17156,4.402331865580795
17157,7.602167443130579
17158,7.27578516449316
17159,8.11935555412692
17160,4.227601944787406
17161,6.501443969457437
17162,5.90450626839479
17163,8.139542869305476
17164,8.12970437247471
17165,6.215653278417884
17166,8.864365964750736
17167,6.351045650937001
17168,6.722097617360049
17169,6.295867735696039
17170,7.064703740922915
17171,5.155272865475634
17172,6.580746593517137
17173,8.528714352265812
17174,4.647752924319876
17175,7.024724248819487
17176,6.290173152156674
17177,9.290884179147824
17178,6.145926180416396
17179,5.525395782965495
17180,8.029403672329645
17181,7.006052646005503
17182,4.062315030195175
17183,6.947937298312614
17184,3.0130167128544576
17185,8.248801203759179
17186,5.070202346304656
17187,3.263037737759398
17188,6.292005122151714
17189,3.0215829808741956
17190,4.628501475103002
17191,6.130544600082423
17192,4.081527972122528
17193,8.040110086993419
17194,2.9219453110342664
17195,4.067382587578607
17196,8.416424276329938
17197,7.616700385452221
17198,7.625382066782558
17199,6.945558367589271
17200,5.007056774761633
17201,6.416034960212482
17202,6.7972090080458285
17203,4.5906256311250235
17204,7.181852541354951
17205,5.905240562508185
17206,3.895579137550657
17207,4.470773519600627
17208,8.074449180059538
17209,8.608220585352328
17210,7.332986554449683
17211,7.881311343413324
17212,3.0716761921536007
17213,7.345844364236741
17214,9.264337672502116
17215,5.93702649644479
17216,9.670941847259499
17217,5.445842519857634
17218,7.043630018722174
17219,8.48063768666141
17220,2.8004273304007343
17221,5.783355097371058
17222,2.051135991517597
17223,7.368935058260548
17224,5.606403182857761
17225,1.99094503181285
17226,7.434674773818838
17227,5.829819672736853
17228,8.26475029657793
17229,5.043317463926355
17230,5.283177845037622
17231,4.29835019734398
17232,4.581725664469841
17233,4.972197742694892
17234,8.272633130060738
17235,8.382246669120587
17236,5.445066607282197
17237,7.32647453591675
17238,4.069465084733638
17239,4.093323315465527
17240,3.876574018500346
17241,5.155529240821725
17242,4.203776833953931
17243,1.9529266832174756
17244,7.435846997717359
17245,5.9574390536022666
17246,3.793534979533161
17247,8.526177125625907
17248,4.846392525223843
17249,5.894577646243004
17250,3.8095245454968056
17251,6.295269921749933
17252,7.118806709423598
17253,8.590725804445572
17254,3.6363041812383106
17255,4.56441774233414
17256,3.72960847164308
17257,8.008156430607372
17258,8.561189491071364
17259,6.898321860326737
17260,2.094592162929165
17261,8.422384339257452
17262,3.124014835647378
17263,6.487376570128019
17264,4.763345111250111
17265,7.279548604504329
17266,5.3645623936481375
17267,8.348853429128436
17268,2.7958983783118776
17269,4.674156426110638
17270,6.931149482972512
17271,2.140689763151111
17272,7.235973390960527
17273,3.7771159492620376
17274,8.76547616068114
17275,6.897845585656306
17276,3.200381699428984
17277,4.436988780879123
17278,4.354858385016515
17279,8.987482609629321
17280,6.270888315821915
17281,5.454870640603616
17282,7.379558658600775
17283,7.159788461945504
17284,3.3998354846371592
17285,6.374956764556144
17286,6.9513953609512456
17287,8.377069611625958
17288,1.5888237332560686
17289,4.730053002576778
17290,5.289828068636039
17291,4.3412481450680405
17292,8.243197718170837
17293,4.095365207551735
17294,5.3884872665921755
17295,2.8737913610670156
17296,6.57692206098255
17297,4.884520564730627
17298,6.903156620316198
17299,6.6190538024914325
17300,5.386901960250185
17301,3.712702861918229
17302,8.631920802685228
17303,6.1959850064607584
17304,5.2448222936534314
17305,5.840662740341792
17306,3.4122673525343616
17307,7.570095657493306
17308,7.258272298976729
17309,2.290654940129121
17310,5.7052766427324535
17311,7.0585883540977274
17312,5.846874782428106
17313,7.943606724989135
17314,8.474152622319881
17315,7.462642276531378
17316,8.940972565861829
17317,6.8553547659912635
17318,8.233144930935136
17319,3.0880466222642156
17320,6.920464391486123
17321,4.649083111727915
17322,3.804990041988153
17323,8.014232827658196
17324,4.628531865969732
17325,6.341713114704904
17326,6.674824160150138
17327,5.982096830342821
17328,4.77630047724028
17329,6.620634614970605
17330,4.766285752528194
17331,8.117007087968299
17332,5.803425994204572
17333,8.887681266105874
17334,4.944687517623192
17335,7.269933110915838
17336,4.621009487856791
17337,3.6547449047531018
17338,9.107858215706631
17339,2.2635884632795706
17340,6.77515863127485
17341,5.178834901428
17342,3.8837884194399637
17343,5.570645933578256
17344,5.388263352107595
17345,8.478476020857912
17346,5.093623036828401
17347,6.641020444531227
17348,3.231378448107681
17349,4.662038330199982
17350,6.470055001607448
17351,6.760149698520774
17352,6.217424663023316
17353,5.941297983381469
17354,6.904812287075529
17355,5.6931444751628995
17356,6.850613819082249
17357,4.198538414125823
17358,6.511157893870816
17359,2.6161890951425733
17360,2.338461260431684
17361,5.483919643991063
17362,8.486255625415074
17363,5.417084465407628
17364,7.5394001281976175
17365,4.857798413154405
17366,6.974527032762348
17367,8.176285724580234
17368,8.486051826480683
17369,5.04058403399644
17370,5.354804251948257
17371,7.549634331350037
17372,7.19928188658008
17373,7.191637323026229
17374,4.418424726421808
17375,6.058833634695807
17376,7.96655419603756
17377,8.463751328100196
17378,7.208730714332818
17379,5.5021435145169475
17380,8.423443683442244
17381,4.08312661493242
17382,6.9110134855655865
17383,4.175844044682583
17384,7.882600231002752
17385,6.492097163783779
17386,8.578442542204881
17387,9.006747118454886
17388,7.714598200903192
17389,7.36677627818717
17390,2.9278531444887435
17391,3.959560789284618
17392,5.9134720103822005
17393,5.596039011947925
17394,7.376435229395877
17395,5.722476582486402
17396,6.975486810330618
17397,7.18928779161824
17398,3.6971016198350397
17399,7.554945558020265
17400,6.173219451556853
17401,1.6911704650538624
17402,4.11583021799474
17403,7.164350890942715
17404,6.046975945898927
17405,4.301460213725537
17406,4.199107635980347
17407,4.407806611615175
17408,6.247169087329962
17409,5.147656124430957
17410,8.406890759296955
17411,5.418042795401622
17412,2.0660811724561796
17413,3.8334036391596378
17414,5.412395014628965
17415,6.043484788637453
17416,6.859257883546625
17417,5.268385082792442
17418,4.651988826557281
17419,6.5881443744795565
17420,5.283111833649018
17421,7.396528748092154
17422,5.677832748667127
17423,6.482091111608441
17424,5.517665973274134
17425,6.655853226510237
17426,7.231997457009282
17427,4.52879835282836
17428,6.738980472165673
17429,6.251163791443695
17430,7.653087650321602
17431,4.283129637061418
17432,6.676669072045863
17433,8.000324451542603
17434,5.0525044506206465
17435,5.211937982630786
17436,7.042783680256089
17437,5.723305057578251
17438,6.832166449526168
17439,7.186244711658081
17440,6.372321211438097
17441,3.8002280562897424
17442,7.713178942514983
17443,4.815126634460389
17444,8.791807860794421
17445,5.5862675711035
17446,6.453865263210913
17447,5.618002756115381
17448,5.715085605451233
17449,4.37638416530366
17450,9.091643800353994
17451,7.5481835333197775
17452,8.465992070079269
17453,6.102948207503676
17454,6.842528236917952
17455,3.4918606363602427
17456,1.4512754344846883
17457,8.330243516393653
17458,5.274130535531961
17459,4.148576483001581
17460,7.193648369340737
17461,3.994051349675159
17462,5.304708114481604
17463,7.517418552058711
17464,1.2171333196423002
17465,9.434985914358512
17466,3.31065171156864
17467,5.646139491415509
17468,6.641807444767694
17469,3.5485327662148256
17470,4.2827421138643125
17471,9.91006998190987
17472,8.162683030099926
17473,4.53461059451096
17474,4.0901944667457
17475,6.829542042439989
17476,7.064971678946568
17477,8.409696955373882
17478,7.306232899648257
17479,7.047148060929025
17480,4.59991095818652
17481,5.1716962393147465
17482,1.5404756394627794
17483,5.486441899082227
17484,5.970175652258537
17485,4.952148569041763
17486,5.165971587950865
17487,8.945034479612389
17488,6.598867797524381
17489,5.485657885654444
17490,3.855591689666946
17491,6.9856096784478385
17492,5.775098776946621
17493,8.001934526210922
17494,5.984418117367516
17495,2.6135249103809004
17496,8.472534577452267
17497,2.7241805768194043
17498,6.912777659430979
17499,8.535910524994492
17500,7.542394850718984
17501,3.711300509517941
17502,5.894275075740731
17503,7.335664537857681
17504,2.818194875966035
17505,2.406674232257371
17506,7.483597585549103
17507,6.1906640085268325
17508,7.260508387517221
17509,3.6817707397068675
17510,5.694938410006317
17511,6.945305994075121
17512,3.1622839028084737
17513,4.4778008580392274
17514,1.5908340371750218
17515,6.466441121275837
17516,5.717216257350847
17517,9.408574489802211
17518,2.2447482526263425
17519,5.801082016478331
17520,7.48401350927146
17521,3.8859273755480888
17522,5.399785167214842
17523,7.51774429405385
17524,8.471592992439984
17525,4.821294584332026
17526,8.869205864751336
17527,5.25070809469535
17528,4.097193680407441
17529,4.789052175597519
17530,2.490246793851473
17531,3.228998441588098
17532,6.601838242364627
17533,7.873180922292274
17534,3.286386908950056
17535,8.452046636644337
17536,3.8894188695113137
17537,5.3813873568942
17538,6.262737315122074
17539,1.2592886741538556
17540,7.513610056272883
17541,9.274006038424828
17542,4.615581553453526
17543,6.324475497921151
17544,5.025282245635318
17545,3.705581039573511
17546,1.52392810269524
17547,7.363777367045193
17548,5.1430247843634955
17549,6.576228961487189
17550,7.6818943030072155
17551,5.968428351986752
17552,8.23449103719904
17553,6.652034422652538
17554,3.938587915438853
17555,7.381084267064335
17556,4.493691955543522
17557,6.187054875898812
17558,2.8083214821110767
17559,5.686792618074927
17560,6.196595835594776
17561,7.698213042402649
17562,8.609997179100553
17563,8.551548251496847
17564,5.8628598181845355
17565,3.2902908921786738
17566,6.216535646675448
17567,6.448513991138464
17568,7.2493980082886935
17569,6.545065689327535
17570,7.798172177195983
17571,8.327405218744175
17572,5.551419490251351
17573,2.659364997054683
17574,5.538398346994913
17575,5.460341136798016
17576,4.887852823924594
17577,5.960399075903209
17578,5.269490395582224
17579,7.113942382627439
17580,8.15727200716671
17581,1.9639014627871916
17582,6.585150505121086
17583,6.835750723960035
17584,5.642775245084875
17585,8.946480040735947
17586,5.5982395746322
17587,3.8911788246136405
17588,5.514103772111708
17589,5.149985846355012
17590,4.499430475055658
17591,5.76317783507684
17592,4.524404668323767
17593,6.550315420899656
17594,7.51356615549267
17595,7.787050254407978
17596,9.733139156071353
17597,5.137369505812462
17598,6.774409838944295
17599,3.93355626141445
17600,9.430647345934668
17601,8.877380668225614
17602,4.9878089722972145
17603,7.23423301456618
17604,2.845136877657668
17605,3.6835212459160953
17606,8.240044936770387
17607,4.8055306600095555
17608,7.008786349863555
17609,5.805644730145705
17610,3.707327006446938
17611,2.2906301091768446
17612,7.4460257232074145
17613,3.610155061977586
17614,8.722534981623415
17615,7.679008303097099
17616,7.651007616796106
17617,6.766363888959272
17618,6.692428474820969
17619,6.11526118162222
17620,8.459201359822165
17621,6.224249568846984
17622,4.3835136476406795
17623,7.916591237878733
17624,7.04643541597641
17625,3.870361940721252
17626,5.044414937978314
17627,6.7826157668217135
17628,3.2254380559270635
17629,4.82514115460712
17630,7.550146699397484
17631,4.844433178863703
17632,5.802419632994681
17633,6.130432589554201
17634,3.787715113009664
17635,6.192375904644417
17636,6.979117926154412
17637,3.414050887008968
17638,5.950149042091118
17639,6.3152982668345405
17640,8.339000674754196
17641,8.045443679163093
17642,5.0960827270449585
17643,6.0741680072786135
17644,7.8399826386018905
17645,5.548964129423458
17646,6.696460081494003
17647,6.042735765372665
17648,5.948189966988025
17649,4.381380339716236
17650,5.893645120791788
17651,6.948598663666882
17652,6.238749922694964
17653,4.6420961665921645
17654,1.5986041210177135
17655,8.006182228122393
17656,4.4102026602402535
17657,6.350854059565895
17658,3.680125880173912
17659,5.689771175420083
17660,6.2009016684079
17661,3.3667595327237008
17662,2.3637729610323897
17663,7.265242128284447
17664,6.626118592923159
17665,9.81092418234849
17666,4.452014400183031
17667,6.062842950823564
17668,8.41248850613691
17669,7.662688930897607
17670,2.5202774964392374
17671,6.0585196336755835
17672,7.454281367208552
17673,8.852747963881697
17674,2.6281940441465705
17675,3.0345700355188594
17676,2.845940747278043
17677,7.426082735673082
17678,5.147954123264342
17679,4.6888915292088855
17680,9.021919231215808
17681,4.959148905216789
17682,6.717342112907145
17683,5.317586929402781
17684,7.700053510019666
17685,3.98374933349318
17686,6.055038699323354
17687,6.596849183879188
17688,4.260840290233159
17689,6.153214476596322
17690,9.583766080291245
17691,6.339341325536784
17692,5.6955323286941235
17693,7.153398911247533
17694,4.889735143667558
17695,5.347962189952449
17696,7.911110240092188
17697,7.644418848203635
17698,7.651464464011164
17699,1.7263483752263165
17700,6.460809962411435
17701,6.469922942657946
17702,7.433607865507998
17703,7.9741579095167765
17704,4.146613461967505
17705,6.8587423550692055
17706,5.357357073507011
17707,4.171030606310584
17708,4.43925991944021
17709,8.87484784943782
17710,3.7315573537539386
17711,7.580506744953539
17712,7.365311955533706
17713,4.121498402265498
17714,6.556782573117802
17715,8.950498051308088
17716,6.177869493419573
17717,4.388940665804193
17718,5.711278576069946
17719,4.901079339735854
17720,6.717813683714956
17721,6.491907694898085
17722,6.143438846367753
17723,5.952923077375273
17724,9.323181049923328
17725,6.207330089523824
17726,5.925012949604323
17727,7.981044310945034
17728,2.2220063900596707
17729,3.8937332029787672
17730,8.505800089222284
17731,9.8461292059219
17732,6.468521053662251
17733,7.379795236583556
17734,7.883236123979664
17735,7.774248515899554
17736,4.528937684470142
17737,9.115071001657032
17738,5.58304517065285
17739,4.026788347654364
17740,7.977116228830646
17741,7.149438899475522
17742,9.350602431785479
17743,6.0566944642632246
17744,7.277194314016526
17745,8.569323526750221
17746,8.395289682178692
17747,4.43895952180329
17748,8.148955555085433
17749,6.257274544068467
17750,4.781320864523108
17751,4.308243644139394
17752,5.586473015560884
17753,7.430537181071806
17754,9.958670928890758
17755,5.017331071994182
17756,4.45293244333067
17757,6.001124873453723
17758,4.806085435365793
17759,0.0
17760,6.429305509450554
17761,5.838229310173345
17762,6.969937559854958
17763,8.690589946688185
17764,7.287459617350646
17765,3.606812104273633
17766,7.161690324713987
17767,4.617473871178845
17768,7.028819494659912
17769,6.986858328098707
17770,7.574197735405043
17771,2.576459185402416
17772,5.944594153660053
17773,7.739044299075665
17774,8.28734290196726
17775,6.225190492903305
17776,6.360865195284829
17777,5.205776893768439
17778,9.51684635853259
17779,8.889346666509326
17780,5.307550614007036
17781,4.76386209909484
17782,4.678011809195341
17783,4.305403330798045
17784,3.635101018761455
17785,9.552032355833003
17786,8.010347421271529
17787,6.164353031461434
17788,7.700450175438183
17789,5.305353161619976
17790,7.958380495875116
17791,6.10255756370438
17792,3.7327844162807637
17793,6.273635558568359
17794,5.289155610622185
17795,4.744593043322205
17796,4.122482484636079
17797,7.246499041419696
17798,5.874059668386751
17799,6.170153902065253
17800,5.119158742721025
17801,6.136199779404289
17802,8.047594914365039
17803,5.6292451939383845
17804,1.3701599810133134
17805,6.954142109441928
17806,6.974803677220617
17807,7.164077244280454
17808,5.962164175713256
17809,7.162457961815103
17810,5.161917824564734
17811,3.5239762420081036
17812,5.2805210862119765
17813,7.403188970006096
17814,5.309082067755352
17815,1.6843603798736697
17816,6.316793725180925
17817,5.131144858639512
17818,5.5773260558596505
17819,7.183779593727568
17820,7.20452640337046
17821,3.9695723006590145
17822,7.452336617759306
17823,8.455135371619297
17824,5.796481463867886
17825,3.5499044064644822
17826,7.006616345745149
17827,4.881289503481703
17828,4.584241228526995
17829,6.055845591768877
17830,3.4774581700745864
17831,4.175351595233394
17832,8.003897143920813
17833,7.793295968939928
17834,6.209780987332024
17835,6.169209078807688
17836,6.696458878685431
17837,7.08384882592138
17838,5.250619340894403
17839,6.416957026257604
17840,8.3510335944163
17841,3.9586921099825365
17842,5.227843956662473
17843,7.370792231042045
17844,6.378461637108586
17845,7.341270281709516
17846,4.53318777725956
17847,5.17235399172089
17848,1.314612513322199
17849,6.390614619215071
17850,5.285732374022081
17851,5.221058807822186
17852,5.108973349825973
17853,3.7299897259230375
17854,3.8430878149689383
17855,8.979103983739707
17856,6.605753229194502
17857,8.58276589148909
17858,6.145241187021335
17859,8.207184163266021
17860,6.82192403197584
17861,4.489764153305632
17862,3.551755926394548
17863,6.682104541017621
17864,4.894760830754951
17865,6.929996561397713
17866,6.0537837252959
17867,8.464117913362298
17868,9.044542904460375
17869,4.809328354414399
17870,7.364314451270468
17871,7.594325917793264
17872,8.362103413978272
17873,3.9836277914216005
17874,9.398285935865655
17875,4.8397226054835665
17876,7.399026997160977
17877,7.847499951734511
17878,6.25179475390161
17879,5.394324575879814
17880,6.294772754342915
17881,5.612607217178176
17882,8.23352810207735
17883,6.2138096721963025
17884,1.322715143578201
17885,2.6912510535378162
17886,6.020286878227305
17887,1.5228428637101508
17888,2.810919268631025
17889,8.067852577144116
17890,8.899905930024095
17891,7.292485557056586
17892,3.4410167363688307
17893,7.254796882089682
17894,5.220477845042579
17895,5.335282202782401
17896,4.108746435362289
17897,3.55955026896842
17898,5.886250911767539
17899,5.337011660937813
17900,5.74960254544265
17901,6.028929033663776
17902,7.65452769165824
17903,5.895647879914976
17904,4.754371845512411
17905,6.525786984071543
17906,5.604036363602525
17907,8.588612642358148
17908,4.841115792289594
17909,7.463572386328709
17910,7.325330872825381
17911,5.426224486873167
17912,7.017704046931076
17913,7.743415284845156
17914,6.7727978694362605
17915,6.024482979393154
17916,5.627247984847584
17917,7.779135378985088
17918,4.991039837226209
17919,3.6998369678666307
17920,7.028381470514626
17921,3.7934150787025005
17922,9.045122787276345
17923,6.382172750192113
17924,2.4271550753893845
17925,4.576439441411822
17926,4.632881489396388
17927,4.0613448846355285
17928,8.706505799986406
17929,8.80478014363178
17930,5.6229311920041205
17931,4.306981542017463
17932,1.185428826539791
17933,7.029742260752693
17934,6.409092676742507
17935,6.650158429451257
17936,6.6871642611668145
17937,6.5964826995819035
17938,4.6397952589913185
17939,9.45203446629504
17940,8.802504866717976
17941,4.668400817112651
17942,5.179292850071617
17943,7.082710561147291
17944,5.440571903814943
17945,9.068244852765204
17946,6.572497046111836
17947,9.048413370897869
17948,2.731203362397255
17949,4.14052130964374
17950,5.496563693413764
17951,7.99999335297022
17952,7.206928066067759
17953,8.733008878697849
17954,4.1511956115298965
17955,9.797847427844747
17956,9.660569971629407
17957,7.75782580772853
17958,7.587844159445469
17959,7.0424583919394586
17960,4.290670495787724
17961,5.701313126054979
17962,6.323782948487992
17963,6.312968031491728
17964,4.864549687688359
17965,7.70514599453685
17966,8.97357969274939
17967,6.198895471897073
17968,7.671136386213046
17969,5.944681269285192
17970,7.290700837089625
17971,3.908531905271974
17972,7.516283987699362
17973,5.483847729134024
17974,7.760924953245528
17975,6.232924516840264
17976,7.833188018122923
17977,3.5896622584740676
17978,4.03357153179805
17979,5.381333264573254
17980,6.348074380826359
17981,4.628228123782174
17982,7.092017148854611
17983,5.735140582038948
17984,4.5313788754880555
17985,9.434917672695864
17986,8.343925144589946
17987,7.847218717335766
17988,5.579342801362013
17989,5.675245090525757
17990,4.61391315636412
17991,5.995705759870353
17992,8.482675558369847
17993,5.409990548892154
17994,4.330900296528409
17995,1.9566352816653505
17996,6.542044745755424
17997,6.920095541254326
17998,5.077034798074403
17999,4.960515620935038
18000,3.7320254005253495
18001,4.923934939006569
18002,5.439516865978918
18003,6.867225430534624
18004,4.675279032951913
18005,3.8447193272745834
18006,5.0900872562161235
18007,3.929320506557931
18008,7.572780116663836
18009,1.6759522298849812
18010,5.95003345024937
18011,7.05358686444027
18012,4.078605027387028
18013,9.268712413025753
18014,5.384657240721301
18015,8.772470945072
18016,9.029156984193861
18017,6.69436526689585
18018,7.59780253287375
18019,5.898870347934382
18020,7.479798951530621
18021,8.074393233427532
18022,5.742738407967902
18023,2.8700015692596685
18024,4.097373590174071
18025,8.908097428752736
18026,5.4164047154532025
18027,4.91920640306347
18028,5.305522428507781
18029,8.814391491559217
18030,7.8755816590374135
18031,7.150493588086816
18032,7.790712474657271
18033,8.132155693286588
18034,4.508456313187098
18035,6.600017356926968
18036,4.645541494145698
18037,7.63207590561859
18038,6.745683621177065
18039,7.375343343108998
18040,7.237095623603688
18041,2.8045519955437026
18042,5.879748811288062
18043,6.682459425829481
18044,4.11575701388902
18045,6.431717170986577
18046,3.824749186773189
18047,3.273868560665977
18048,5.573626189334105
18049,7.010221608630786
18050,8.355002162710779
18051,5.31270329381295
18052,5.4410409585644555
18053,8.409330615000687
18054,5.990556913316018
18055,6.3794776341119785
18056,5.7780214164883645
18057,7.251365249618971
18058,6.60220824882396
18059,5.457691956847865
18060,5.578972750913275
18061,7.531430753053831
18062,7.798506489926837
18063,2.4504201594333432
18064,6.14629834729117
18065,7.603957847884688
18066,5.1100078707436865
18067,8.934606513421993
18068,7.043786901596349
18069,7.533822689861639
18070,5.610315810354242
18071,7.165472248052336
18072,8.088971831554053
18073,6.436659351064426
18074,4.506079014853071
18075,5.0517543698277585
18076,7.058998019957627
18077,7.223193916748199
18078,5.954113475351264
18079,8.97831947914652
18080,2.010598191135017
18081,8.225564085905148
18082,9.037289429468292
18083,7.140743329055056
18084,7.342132048267743
18085,0.840036728199859
18086,5.825683047202773
18087,5.087773705591321
18088,5.475915669462122
18089,6.896883899444264
18090,7.604716082232948
18091,6.005429569274197
18092,3.559072547098619
18093,8.200706500602791
18094,6.156220828818843
18095,7.8415457024317075
18096,6.117636448276835
18097,7.372251185527121
18098,4.836214198242782
18099,5.859521607308863
18100,6.927235376351499
18101,4.2261083023483215
18102,9.04190378625288
18103,4.4835497663842725
18104,2.9760118887315503
18105,6.009098552723547
18106,5.667129331652161
18107,3.9144407346110466
18108,7.313882403333681
18109,4.777916576616422
18110,6.852395437556833
18111,4.868358761014566
18112,9.171588440347545
18113,8.692315034082483
18114,6.79342582161509
18115,3.1661941292272426
18116,2.780412542992344
18117,4.766159142001736
18118,7.660222572164779
18119,4.841525564264831
18120,3.2762085880277003
18121,4.847204603090574
18122,5.214349913068361
18123,4.03425448118146
18124,4.762214796383869
18125,9.23994361660464
18126,2.8620896288772046
18127,3.8100219108927513
18128,7.412374792292134
18129,1.8306362889282721
18130,2.2313039455341417
18131,2.8668153259244784
18132,6.574601661178435
18133,7.347387075942299
18134,7.576029141861401
18135,6.521622725721772
18136,8.581980460762178
18137,4.526819947892286
18138,6.199168439993799
18139,6.775991908763201
18140,4.781534934891241
18141,3.4416068785023493
18142,9.10942107729029
18143,5.361395470289452
18144,5.386674381217298
18145,6.003544050595712
18146,5.01461262999725
18147,6.834040208328901
18148,7.99414986322248
18149,8.180542581162479
18150,8.925725098970045
18151,7.682022085154989
18152,5.786713492833256
18153,4.940351911560612
18154,7.722132855252164
18155,7.356914031991673
18156,4.886219744814992
18157,9.859400085412128
18158,6.314167484872324
18159,2.7069072179061697
18160,9.000387496621244
18161,4.274522233394688
18162,5.215530391176487
18163,4.6664432625893895
18164,8.881638029783593
18165,3.3597321193164644
18166,8.85885109652806
18167,2.963162657120206
18168,9.172175091711702
18169,8.152453152764567
18170,5.045450097863794
18171,6.37986734751007
18172,4.969357320929461
18173,5.972637583327488
18174,5.2657764826505975
18175,7.712137142392683
18176,6.754176818022569
18177,7.700785037299799
18178,0.8649475481636837
18179,6.709190378732329
18180,5.56479663208837
18181,9.337984818263418
18182,4.073311934975889
18183,5.482736021546097
18184,6.787684556513565
18185,6.792888103029128
18186,7.208800378482237
18187,4.02479089220951
18188,6.968484682402538
18189,8.326527268232478
18190,8.565587960874398
18191,5.518309098653615
18192,5.996973479628091
18193,5.056613245836617
18194,3.4902780983446577
18195,6.41667249136876
18196,6.9341931102515275
18197,8.26713136492273
18198,8.626466543316564
18199,4.647926464142062
18200,7.965020841667548
18201,6.026469343939105
18202,5.745311400806588
18203,8.948683574347484
18204,6.5149866175894005
18205,6.723107430769071
18206,5.920003529313987
18207,9.45455849696605
18208,7.078956482342048
18209,2.930982238528949
18210,8.404283785622182
18211,8.533875208384348
18212,4.2849593476895755
18213,8.809354700732648
18214,5.890130580730824
18215,7.028550231074329
18216,4.4847184438241445
18217,5.368154780530905
18218,4.255877467492759
18219,5.15186135899876
18220,7.9197847658994345
18221,1.5352580852069835
18222,4.630481386081319
18223,5.040315895278283
18224,5.047343689922391
18225,5.809005825397367
18226,6.794516647057298
18227,4.92042221488105
18228,4.7094745225805745
18229,6.4970497131834755
18230,1.3094880508444846
18231,6.118537428311142
18232,3.1970029976920484
18233,7.230555312007052
18234,7.11591325107748
18235,9.718316308059428
18236,6.145365768355453
18237,9.003913690916923
18238,5.224512244767082
18239,6.3536742980859735
18240,8.088616947913156
18241,8.48609575591133
18242,6.689703860608152
18243,6.813293612440395
18244,5.668721501226947
18245,7.903984594753032
18246,2.9712904910862354
18247,5.238658571009914
18248,4.430651993001943
18249,6.81595019985134
18250,7.366439469090199
18251,6.149748506394012
18252,3.7666857576782347
18253,7.895825112261205
18254,0.754613097535291
18255,7.649365791563191
18256,4.104043018351469
18257,8.303980339003685
18258,5.462942570652361
18259,6.340277914117319
18260,8.956546330944047
18261,3.624711361422381
18262,7.111816748209909
18263,5.045876213879352
18264,7.625600794121151
18265,3.897344251835727
18266,7.86297640030131
18267,5.582083720573641
18268,5.845717138441476
18269,8.78447834341856
18270,6.849776923275559
18271,5.964656044633904
18272,5.716966275319441
18273,5.731655576908546
18274,3.0387322352003237
18275,2.483281317790005
18276,4.1170815233996825
18277,5.639919462445606
18278,3.833808771653829
18279,8.115261608202402
18280,5.975997627274937
18281,7.437637537676718
18282,6.111517716833594
18283,2.707910202387186
18284,3.258929397889771
18285,4.825949666567167
18286,3.997982095943
18287,6.192631379154337
18288,7.281708976261086
18289,4.9146121671420495
18290,6.10894693747961
18291,9.000387079367153
18292,4.512202163179433
18293,7.653610862545646
18294,6.873485393883365
18295,6.586754163553727
18296,8.037841266730473
18297,9.03098304726786
18298,0.42142150965461445
18299,1.9259663819226889
18300,6.166146193470424
18301,5.340137521517523
18302,6.2747211171062265
18303,4.923455326878542
18304,6.738647428075953
18305,5.237218922256481
18306,6.597034407593709
18307,4.142202054569592
18308,5.983913135106846
18309,4.788925427851461
18310,6.897107850726491
18311,4.789266894080015
18312,7.6275259966009825
18313,5.10563526330202
18314,6.441381431888908
18315,4.570377145852438
18316,10.0
18317,5.604990952091471
18318,5.507611587373571
18319,4.060658849172593
18320,4.878039098310568
18321,3.0801098151152493
18322,3.8881293892475215
18323,4.408126737130429
18324,5.071535807999604
18325,7.148962734949315
18326,4.488283795408764
18327,5.357367381219273
18328,4.070832984738462
18329,2.8892403604016943
18330,5.841182585766142
18331,6.982168837755102
18332,5.776631500164849
18333,4.747278912692182
18334,6.188634507921632
18335,6.717382073983328
18336,5.082815363822053
18337,5.74299200371985
18338,7.58920480552584
18339,7.485344486547728
18340,3.8298154282743653
18341,9.558456264574772
18342,3.5574038079347634
18343,3.741567154953915
18344,5.6730833126149935
18345,5.292053479194047
18346,3.7272198565515886
18347,4.1478438836376705
18348,6.997486964204456
18349,5.0012186066253275
18350,5.831208019393916
18351,4.755165906615904
18352,2.098965437689302
18353,5.550609925710531
18354,4.08412701436418
18355,4.107256083266167
18356,4.520457955873821
18357,4.046967885343387
18358,8.181753346496675
18359,5.0611185447186
18360,8.410990210961666
18361,7.258669636719867
18362,7.84125142857294
18363,5.408087219074478
18364,8.056249721532971
18365,6.694133054877498
18366,7.246022278739588
18367,6.851471775426111
18368,7.948977835028499
18369,4.442892474676217
18370,2.9827427505536113
18371,8.186337487036011
18372,6.91754576550648
18373,7.251311738176023
18374,6.1326822394867655
18375,7.632863707842076
18376,3.897207152573074
18377,3.303263440954205
18378,6.2151494375572
18379,5.666167514860975
18380,5.649216383477569
18381,4.083755836640972
18382,7.014605658876252
18383,3.7551142655405596
18384,6.934842329211101
18385,6.124917218234325
18386,6.027636450960756
18387,5.994620219578712
18388,7.6625115392823595
18389,3.085653574031623
18390,7.918481113825949
18391,2.947206508256397
18392,3.941549644315914
18393,8.436293278002532
18394,7.99373237601789
18395,6.984269682329646
18396,6.5877153026011435
18397,2.584928750887605
18398,7.123770563757998
18399,7.836457487909606
18400,6.630810391599094
18401,6.665485958995928
18402,4.495803261678288
18403,4.2816350014177225
18404,3.9536072649027756
18405,6.904034740076199
18406,8.004710554531261
18407,6.092963554164092
18408,6.112494029248782
18409,4.682731321516568
18410,9.612279610507484
18411,4.529433004068146
18412,4.9845252394510835
18413,5.623553560611053
18414,3.4734883101201603
18415,5.259417131947858
18416,6.881642489766322
18417,6.170334523713807
18418,6.566918125326247
18419,6.185452914190023
18420,4.628767291840645
18421,8.06742047597775
18422,5.174234813841871
18423,5.178739038861302
18424,8.03830930320173
18425,3.9106266096444844
18426,6.602503624562123
18427,7.687662981279217
18428,5.63422831055988
18429,7.781425947623466
18430,7.605446643490842
18431,2.3126694261782896
18432,4.917748954080968
18433,6.700533735969543
18434,6.474613872464721
18435,5.096175818266984
18436,4.308365802959808
18437,4.986746485926538
18438,4.141664712512452
18439,9.000524728357195
18440,6.958262233234711
18441,7.556512493319545
18442,0.6554850341298413
18443,4.836834290631225
18444,4.725541436697709
18445,5.109347999509264
18446,7.974558426483618
18447,5.3059613801953835
18448,5.8456927832172365
18449,1.697382918516435
18450,4.327357324139829
18451,4.928714479497442
18452,6.863513818496937
18453,2.3595628144547307
18454,7.9468053360839885
18455,8.015170605333966
18456,4.977888455019583
18457,6.007222943784878
18458,6.889452315171893
18459,3.3954458170959274
18460,4.955343004627888
18461,4.098885411260046
18462,7.370872374184589
18463,4.7259894150336414
18464,6.217571393051569
18465,7.260182629669647
18466,6.093402741508491
18467,4.00952022899238
18468,7.872107637932777
18469,5.5427606683765145
18470,6.867461830653914
18471,7.730902052848377
18472,8.066909024910684
18473,4.391541845315782
18474,2.1148731492583224
18475,4.889319511293277
18476,6.332719894205422
18477,7.058863242971775
18478,8.012560800920607
18479,5.616860379156337
18480,7.109990292670723
18481,2.253518868182035
18482,5.299336232797948
18483,6.1014353778623915
18484,9.151672239231345
18485,4.227138622782375
18486,5.34680083967611
18487,5.290005964520079
18488,6.023128991536561
18489,2.2092168285363845
18490,5.50177106542071
18491,5.168283933062478
18492,4.235092793987939
18493,3.6998380555117274
18494,3.7913324112437516
18495,5.748333335392537
18496,7.448608639825487
18497,6.277090414852266
18498,7.476508164978332
18499,5.390609881184989
18500,4.267786873249773
18501,2.2493332508124717
18502,4.944840232744191
18503,8.18794738896159
18504,2.371016722980115
18505,5.390278915986142
18506,3.0812593817419427
18507,5.460230698457249
18508,2.168487201614754
18509,5.127127539832763
18510,6.360007324275347
18511,5.143102252440152
18512,6.533640760395688
18513,5.564246013792811
18514,3.9544674891872837
18515,4.866152476331383
18516,7.662914754159597
18517,6.189949829029404
18518,4.9706919821875175
18519,6.380832303019343
18520,7.121671887575033
18521,8.503534001783091
18522,6.498050698401562
18523,6.810907165198355
18524,0.0
18525,5.259726136740712
18526,5.504428845421645
18527,4.9432278237831975
18528,8.702665780848061
18529,8.632567477444251
18530,4.594672747708067
18531,2.996653735310028
18532,5.783388225684163
18533,4.860578093132982
18534,8.200506790564567
18535,8.286090820234227
18536,8.232926193944422
18537,3.620554046710388
18538,6.24090838265358
18539,4.614498987269682
18540,8.38885900426737
18541,3.974380164646888
18542,5.41436257217045
18543,9.017066727760557
18544,6.091524810618504
18545,3.768709487329989
18546,4.527502861951331
18547,7.786607878474939
18548,3.8837987434323638
18549,6.496513430911634
18550,1.1083732744567771
18551,7.991189824950689
18552,3.592571307480119
18553,6.207508554226047
18554,4.388427911267915
18555,8.54250821553664
18556,4.76671759966664
18557,7.525634955775674
18558,5.463887950637837
18559,2.016838987360717
18560,4.783562638974162
18561,5.100389507264843
18562,6.956409491848206
18563,7.149706332786971
18564,6.8138156808930574
18565,3.6502941603710246
18566,9.233295680038191
18567,6.684365384935828
18568,2.3241069555162435
18569,9.73165590652646
18570,3.32242002544535
18571,7.568253834331894
18572,5.769931040024058
18573,5.248685371014495
18574,8.496686943903105
18575,5.848608441279226
18576,7.257950559285938
18577,6.519891951942482
18578,6.470884311363134
18579,7.712925887023017
18580,4.435989507684856
18581,6.601218034348699
18582,6.435262502687115
18583,6.511076242310402
18584,5.910796086498334
18585,7.977270020598126
18586,8.155015996397813
18587,4.700913566497934
18588,7.936124818795818
18589,7.502418459848178
18590,7.5986826670319125
18591,3.4819244219310326
18592,7.21221059931847
18593,7.9598427838014105
18594,7.710192100858174
18595,3.565696303609661
18596,5.605450841352501
18597,3.835796133500523
18598,4.297200741915309
18599,4.224880947260276
18600,7.272200964155233
18601,8.21291919886046
18602,4.575343322188334
18603,4.979682495824379
18604,5.118296028077898
18605,6.129275421809261
18606,2.623098880694804
18607,5.210108538561696
18608,8.7209163587522
18609,4.795352039606016
18610,8.084789464849376
18611,6.780769971524955
18612,4.965407227642848
18613,7.055974241757953
18614,4.216894435278933
18615,6.523646090018465
18616,2.267991937958306
18617,3.0701206916433454
18618,7.584225259906749
18619,7.167052291720315
18620,5.830497358543255
18621,4.126169698969072
18622,6.4978893700867015
18623,4.640505949869379
18624,6.6869058415377225
18625,7.4146013727996305
18626,3.8196282048788532
18627,8.145254412501936
18628,7.889707611288215
18629,6.481605570945815
18630,5.244043952362862
18631,6.95188676623348
18632,2.941297554847403
18633,9.385040666750715
18634,2.692334242633189
18635,5.810576677322885
18636,6.764628838360419
18637,5.91463601215863
18638,8.732993289574576
18639,5.722065534217155
18640,7.712378391492282
18641,0.9492331570997472
18642,3.4324348684477153
18643,4.964080845689438
18644,6.878303033418179
18645,7.33608599893769
18646,3.264494857030905
18647,4.25309834714258
18648,5.785061223219772
18649,3.6136995405472194
18650,5.820042099746209
18651,6.316310213948594
18652,4.649456488432692
18653,3.803416858030202
18654,5.2028305980033505
18655,3.175380231098063
18656,9.310825921252622
18657,5.1691163552118935
18658,5.4506626190116165
18659,5.176202452894909
18660,7.95088490722443
18661,7.143605942480892
18662,4.993826549396912
18663,8.268902196881768
18664,4.631036685087752
18665,8.859437198884706
18666,5.458765628386196
18667,8.601739462871146
18668,6.411943681809548
18669,7.043826461476449
18670,6.752232798106264
18671,6.67653829796507
18672,5.835439503622311
18673,7.382780317451795
18674,4.828607874280145
18675,5.152225735131241
18676,6.622640510275627
18677,4.866754921152072
18678,7.726318034467908
18679,6.709515514919186
18680,5.135628280269245
18681,6.58370120868101
18682,7.219269552690598
18683,6.566645961855411
18684,3.3789508803347044
18685,4.536259520194436
18686,4.6488354379626955
18687,5.99930752654542
18688,9.19939449784453
18689,7.301396884136933
18690,3.102859968437203
18691,6.366506647449974
18692,8.943745266028975
18693,7.807647304127007
18694,7.395644907985074
18695,3.1665826875275016
18696,8.84388080421677
18697,3.0134910993328834
18698,3.631775964386393
18699,4.400267812641777
18700,8.015556788873763
18701,7.164548856124314
18702,7.714633116338022
18703,6.72928387341111
18704,4.196808325889521
18705,3.9045617222187334
18706,4.778242924916688
18707,8.247958465916813
18708,8.971537740343809
18709,5.481638854624852
18710,5.412873916930689
18711,7.702089021687416
18712,6.829541272269271
18713,5.418777573666169
18714,7.587663838941226
18715,5.004698426317744
18716,6.8341724939089294
18717,5.5586122075205076
18718,4.125829975882529
18719,5.423027336036096
18720,4.135281307913804
18721,4.997125028589901
18722,6.148823049617554
18723,9.250269906466382
18724,7.785871295574839
18725,5.48629004221596
18726,9.190952175949755
18727,6.78715521913673
18728,5.894461922256909
18729,8.289918532339573
18730,3.7658554288901183
18731,6.717758110498607
18732,8.133680745621614
18733,4.741578634740913
18734,7.2805521245799705
18735,6.166452977838569
18736,6.155596776148272
18737,7.952141817863318
18738,2.4743622815688457
18739,4.164690107430664
18740,6.234334866860362
18741,6.037608878741256
18742,7.372727839698332
18743,5.19064960771958
18744,4.28372102622604
18745,8.024878435658863
18746,3.9183933225543144
18747,7.684785865236721
18748,8.51160209457256
18749,2.4861152764445382
18750,5.1107498302825025
18751,8.183603083257427
18752,5.960084364544342
18753,8.236549262702043
18754,4.3774787096424905
18755,5.021259500570249
18756,4.804843307346723
18757,7.310494257443953
18758,5.1362255651109425
18759,4.206134068253455
18760,6.21865881272946
18761,6.766191607792746
18762,7.254990252430728
18763,4.984278157027801
18764,5.337939053047634
18765,8.242772000316194
18766,7.11848990277128
18767,4.771957584039352
18768,6.2966396414896675
18769,1.2471259269744048
18770,5.208289788572112
18771,1.9792758832444468
18772,4.3028652907645295
18773,8.25971268629001
18774,7.462751799746678
18775,7.05404416162318
18776,7.362859567382531
18777,1.8937872413480212
18778,5.748769783062283
18779,8.488729491704404
18780,5.567865217940518
18781,8.701967278650457
18782,2.1982242978332835
18783,8.28770066145126
18784,6.97059328083661
18785,5.691744409283298
18786,8.641756210732074
18787,7.004018854790718
18788,7.613031709839875
18789,6.243781471009827
18790,10.0
18791,5.756698571537103
18792,8.971666619777562
18793,7.043060145410275
18794,3.934702827110723
18795,8.341308024563233
18796,6.657406635490126
18797,6.026203183425041
18798,5.810364064163863
18799,5.137626546643004
18800,6.049071652103687
18801,5.763244808487794
18802,6.644962599214104
18803,6.3355931037758815
18804,6.817680297353685
18805,8.36753801093486
18806,5.36862611123648
18807,4.885463032792247
18808,5.137425720993795
18809,7.385470272214816
18810,6.287387944521422
18811,5.336677996995604
18812,7.182951313693734
18813,7.443875104584974
18814,5.4503510569641485
18815,5.461560335751205
18816,4.69494770833459
18817,6.341927770816655
18818,4.704230694827098
18819,5.501015445440327
18820,7.423072736666028
18821,5.041749424244706
18822,1.4372229970365558
18823,5.562984912795679
18824,4.634025810908933
18825,2.9990845005036624
18826,5.709025969834739
18827,3.6250371809684245
18828,3.331074006308209
18829,7.484498675672353
18830,4.4038249046403966
18831,9.409505218320406
18832,5.618169927322414
18833,8.303387013724063
18834,8.190986577367756
18835,7.26839649057934
18836,8.27684120710566
18837,5.016275138239339
18838,5.027266198962648
18839,7.750813438248938
18840,6.652533816994403
18841,6.495460441532261
18842,8.512040361585221
18843,8.657379053419964
18844,6.547788558635221
18845,6.526280856628024
18846,6.0012062619396795
18847,7.704419883581429
18848,4.878931568880381
18849,2.6809565376773192
18850,8.746874981512393
18851,5.817076461741074
18852,6.46312353364875
18853,4.966276053121877
18854,5.061144868733695
18855,9.120663265941367
18856,5.542255634056346
18857,5.8096646305658
18858,8.472157069690942
18859,5.091173618799032
18860,5.511524476600034
18861,2.9236851679147478
18862,6.978046549009063
18863,6.399360112578947
18864,7.987885717765721
18865,8.89836060897936
18866,7.960646272481672
18867,6.899180657767499
18868,9.145175581220467
18869,8.496018728767364
18870,4.76434920637978
18871,7.954034016883739
18872,6.0444380680377625
18873,4.125422123772051
18874,5.649459518328866
18875,4.387115694321308
18876,2.0075034792069886
18877,5.998264966426687
18878,4.2040632513381055
18879,7.165062468745658
18880,3.1916392738111266
18881,7.133420455158178
18882,7.78044169788838
18883,9.43039971291379
18884,4.683842542942492
18885,6.474891818039284
18886,7.724132167129939
18887,5.936208954673983
18888,4.533391995233181
18889,5.273340851619501
18890,3.6025940363212037
18891,8.894102901250525
18892,4.462732249311186
18893,9.646182966490596
18894,6.319333917930715
18895,7.880489192935858
18896,8.14804398432834
18897,6.141483468663274
18898,7.377293536841914
18899,4.884594808848564
18900,9.375729679352741
18901,4.398740521748117
18902,6.463747025305935
18903,6.195620907085615
18904,3.3257212756825503
18905,4.275376634664465
18906,6.587686099521619
18907,4.860114975310082
18908,7.155034449724156
18909,4.693126034886485
18910,5.296676326894017
18911,6.041280676563765
18912,5.983898982635013
18913,6.548017685534791
18914,3.6074922145374773
18915,4.148610269800688
18916,8.364712306391324
18917,5.327588957199504
18918,6.8454143840896435
18919,6.048295871526099
18920,7.209439723016031
18921,6.294998522570424
18922,7.3396019843054
18923,6.116505143133963
18924,4.031156774200787
18925,3.9322365309786225
18926,4.703273419731693
18927,6.410700783639697
18928,6.782023578600534
18929,6.247224654863569
18930,2.4679564375971035
18931,7.166032838624452
18932,6.993850474321775
18933,3.5315257815880585
18934,7.582937407654326
18935,1.470868689887395
18936,8.172178987745925
18937,7.721479297657186
18938,6.959467907975753
18939,10.0
18940,4.092138303507826
18941,8.039006030977609
18942,8.243427531341869
18943,8.399081612468638
18944,3.319319084000349
18945,6.131591780535254
18946,7.476454436443281
18947,1.8263280470669092
18948,6.561089961363345
18949,6.213190950392278
18950,5.2827300900714285
18951,7.9888559586286725
18952,8.640510742405937
18953,7.391618870168662
18954,6.4098891402831075
18955,5.144498148237378
18956,6.109725038194801
18957,5.352682198118389
18958,7.172576624502815
18959,4.018791274003185
18960,7.8337859049275735
18961,9.379357903329936
18962,6.757621786034115
18963,7.01645566430328
18964,4.647854397045133
18965,8.3872275062872
18966,5.137574031793324
18967,8.933236003080381
18968,6.311519479062577
18969,3.0825095951062744
18970,4.155299468592149
18971,6.077980183218506
18972,6.632932312386286
18973,5.303430704406926
18974,6.175983335077987
18975,5.2919304533221325
18976,9.840022631470354
18977,7.212166576527384
18978,6.392540967736945
18979,4.806499555730378
18980,6.228621448384687
18981,2.4248392662015235
18982,5.27549368191385
18983,6.728659040268013
18984,2.899247409909674
18985,5.9995613277434625
18986,2.194357496843428
18987,4.09823899873771
18988,5.532086421918693
18989,6.8561884437231155
18990,5.8836493796462515
18991,6.646187927767011
18992,6.518188293744122
18993,8.968933845121121
18994,6.765146533474269
18995,3.798382898028544
18996,7.770536213429705
18997,3.2775240020697103
18998,6.10614092243405
18999,3.8845265646629477
19000,6.834072222857772
19001,3.2855570039049367
19002,4.895203656686537
19003,4.0990590823719435
19004,3.1686626521295658
19005,5.283451545708244
19006,2.5624906245075714
19007,3.864351017247282
19008,3.3293470082289263
19009,4.471287248799941
19010,7.373788865518769
19011,5.62695643653914
19012,9.632123217814332
19013,6.453547675182849
19014,8.326822753441302
19015,2.9429675799395145
19016,2.225104725158787
19017,4.102803528563762
19018,7.596821736163648
19019,7.2912673367689536
19020,6.188223676958361
19021,5.912212444121608
19022,5.848590226034816
19023,3.5027367939369016
19024,8.008827502575434
19025,7.050089080103164
19026,6.420821100905868
19027,5.846467196569801
19028,8.545500546520643
19029,2.2798919306116217
19030,6.21082559020417
19031,5.2526768590792665
19032,3.7488620127769448
19033,6.404956399440453
19034,6.494065786195161
19035,6.66986790107269
19036,7.205558716272433
19037,3.7889308022612913
19038,7.045012579769148
19039,6.637347365168323
19040,4.849867840813017
19041,4.483044013000596
19042,6.956815602798487
19043,5.808755525837695
19044,4.88236992839056
19045,4.938598772162861
19046,5.389357488015461
19047,6.407347246759648
19048,7.283534862994418
19049,7.2159417868730715
19050,4.4723777952070165
19051,4.9003733118038095
19052,5.671404513214412
19053,5.603021541497842
19054,6.7856994538787765
19055,7.214394226967684
19056,8.380449706397727
19057,5.101217315500804
19058,5.933216053745822
19059,7.450736851373652
19060,2.8415996338621925
19061,7.150977971350201
19062,6.724171019084435
19063,7.077141895851481
19064,10.0
19065,0.9769483700802335
19066,3.9394006474509746
19067,8.015275241534363
19068,7.858056400827881
19069,7.030095272218543
19070,5.974948642268551
19071,5.414738858229133
19072,9.348749115164905
19073,6.9667928471286364
19074,7.499781136913427
19075,5.101397134805925
19076,5.770193768918361
19077,5.75065481393623
19078,5.9012231513364775
19079,6.7483021258348845
19080,6.130859029293001
19081,4.17825172149892
19082,4.496842513685818
19083,6.998155524757193
19084,5.924236810377423
19085,3.6424175120740268
19086,8.646686363136295
19087,6.413983636456958
19088,2.5122401342708454
19089,1.9535355935038154
19090,7.251109190433888
19091,8.12870104970394
19092,7.243566258058225
19093,2.373649370175166
19094,1.9596277006345089
19095,7.103729975512351
19096,3.8838803125727273
19097,5.549527776421423
19098,7.359574347394425
19099,3.018782377060587
19100,3.108637388588069
19101,6.805979825652177
19102,5.6383055905090345
19103,5.911142752598161
19104,8.952771399317376
19105,6.100623929743408
19106,3.8645203561446024
19107,6.9472326043246975
19108,6.597482707222753
19109,5.384711316894214
19110,1.690439376634191
19111,7.46621291920818
19112,5.105484642570216
19113,2.920014215317238
19114,6.862151280586362
19115,7.157136690076557
19116,7.208083607969554
19117,8.079455979881606
19118,4.943886646237855
19119,8.814690752315219
19120,7.658612976108421
19121,9.127953767424433
19122,7.071246299713876
19123,4.996807988101041
19124,8.881630963952649
19125,4.870644173413953
19126,5.441683050908703
19127,7.08221201124646
19128,3.534357760280743
19129,5.344872978318227
19130,7.131217954542911
19131,6.974361508241192
19132,5.867996816533127
19133,7.496577876022302
19134,3.5788241159181826
19135,9.25715433586852
19136,3.81629512287257
19137,7.646311346619465
19138,7.985731357510967
19139,6.267876532077919
19140,5.672509284125168
19141,9.51485360474934
19142,4.936528819845442
19143,8.888758309723446
19144,2.8963569354261995
19145,4.954938366959439
19146,2.931679792646839
19147,7.038451220822637
19148,7.715254677075343
19149,4.892891397210325
19150,6.638818331081243
19151,8.830500639107903
19152,6.629203443857007
19153,5.099026587905727
19154,7.5302532310206125
19155,3.818724686026566
19156,5.484458224126421
19157,8.010770944763253
19158,7.077632618179196
19159,3.6295199388886306
19160,8.666189106356978
19161,3.7758071129731325
19162,9.536590496184413
19163,4.963424380188105
19164,5.497808835515202
19165,6.84639914921544
19166,3.9469786506033717
19167,6.318032852253099
19168,8.473715197061871
19169,8.038503026459754
19170,6.704532837834887
19171,6.466125515933028
19172,8.369688715492337
19173,3.9776176314377993
19174,8.077244979722243
19175,9.279461602787551
19176,6.402720564851016
19177,5.338825176040373
19178,4.559129229371532
19179,6.2249979210192325
19180,7.172307320100056
19181,5.073770261924594
19182,8.90087032861619
19183,8.535775821564132
19184,4.816238311335603
19185,2.0383557344653465
19186,7.6495056837167095
19187,7.727437092873412
19188,3.919039946458058
19189,3.4164500321284397
19190,8.153685205453883
19191,6.132996019130145
19192,7.070011110306886
19193,7.949332840573247
19194,1.6743313344102821
19195,3.8252683038265456
19196,5.425638811558309
19197,6.42265914498182
19198,9.19538384128095
19199,4.717397635667971
19200,4.291046723593992
19201,6.534006810615045
19202,3.125892826275326
19203,4.9741785707927395
19204,8.787689791383624
19205,6.859066046410611
19206,6.037178639169047
19207,6.797889392716067
19208,3.603032881712651
19209,6.14044694622671
19210,7.081262754421063
19211,6.041819007084591
19212,4.855851210163353
19213,7.786953838753291
19214,6.358204312825381
19215,3.895804917871347
19216,6.243297812998059
19217,8.11488687586229
19218,4.438571116478916
19219,9.220432275988733
19220,6.70676838922782
19221,2.5594620766622764
19222,8.11657451262056
19223,5.708842202029017
19224,4.965722002728288
19225,7.462492685029323
19226,2.7257484679881276
19227,5.681298171304103
19228,2.9109711815130854
19229,4.1122406068540585
19230,4.109560968815062
19231,7.370401764908815
19232,6.947646219262044
19233,6.867479925264051
19234,9.016637262845244
19235,7.431237843819606
19236,4.829867650518743
19237,3.189528516171378
19238,4.92427255287467
19239,3.762503074844281
19240,6.400920511737392
19241,5.378649495453521
19242,2.7557178558398867
19243,7.4944096411001935
19244,7.976675551288326
19245,5.796805977063389
19246,6.527014536050514
19247,6.707179362587269
19248,7.12220856641607
19249,8.832578380777292
19250,5.600622896986698
19251,6.928654114440141
19252,3.328632465896682
19253,6.09242966912584
19254,6.845601698772873
19255,6.342592807972037
19256,6.2797896647746825
19257,7.913153635934917
19258,3.1027989555293596
19259,4.748679936337529
19260,6.586836732778689
19261,2.3983855587827474
19262,7.327020934317284
19263,8.417530505617833
19264,2.768031363692166
19265,2.202083645112363
19266,7.5974779330427396
19267,8.046034848853548
19268,6.24297794104082
19269,4.466137237952712
19270,4.590169154266572
19271,2.7236748377843045
19272,5.740866013320119
19273,8.164056516963308
19274,2.6792989249067984
19275,6.076864376292802
19276,6.524821163796329
19277,7.6544272540617015
19278,5.534819804471741
19279,5.649695041813295
19280,4.1527823680104365
19281,2.2868957898346034
19282,7.310537241862294
19283,5.252726746573179
19284,2.2225015687785596
19285,3.8332740375935765
19286,4.157384750202035
19287,5.770901569589796
19288,6.809749787256577
19289,2.233025777196526
19290,5.587626036478973
19291,6.785984936454122
19292,5.9229014478802675
19293,5.480048412570699
19294,8.615893942223131
19295,5.108629953139415
19296,5.007154712310168
19297,4.771953037527585
19298,6.427212480799788
19299,6.084150076110309
19300,6.031073575912279
19301,6.947066199354813
19302,5.130277797713038
19303,6.8452381692576125
19304,3.0817086569729524
19305,4.742466654744646
19306,2.1808660001824585
19307,4.889402189090643
19308,7.974593361844354
19309,1.600938486782861
19310,6.648081346946391
19311,5.73009031174273
19312,3.9692136987255378
19313,7.10788551791004
19314,7.030635736476435
19315,2.982450310203504
19316,5.897669235441931
19317,6.060485589955421
19318,2.7081394901299056
19319,4.193686074724242
19320,4.405573221758042
19321,7.795795478982315
19322,3.107817326470844
19323,5.378799219009142
19324,6.499671764953622
19325,6.415865859490118
19326,5.588506504315738
19327,8.0814943713999
19328,5.001687053042338
19329,4.71778480803114
19330,7.461047060169712
19331,4.566967590196557
19332,7.649408819682808
19333,7.606589928491699
19334,7.689668674879071
19335,7.13671290400514
19336,7.8486596997210825
19337,6.7415666665385885
19338,5.341001749465533
19339,8.188713596889365
19340,6.173423173655701
19341,4.073657751333691
19342,3.5653174728172212
19343,5.498410014411468
19344,6.168974655489526
19345,3.022209028445788
19346,5.793540297456973
19347,4.7232668395232835
19348,2.806107432441844
19349,6.639988704205391
19350,5.676593702869539
19351,3.178103869580198
19352,8.980625063444487
19353,2.2397401369135665
19354,6.733293177033083
19355,6.7159816748114745
19356,7.807468267928193
19357,7.913223966558554
19358,6.4693785612370345
19359,6.734345528506063
19360,7.815064963129587
19361,6.577707415149129
19362,3.8227069891435663
19363,5.901397886406011
19364,6.201047553110221
19365,7.2484367707423125
19366,4.623851626239551
19367,7.577142832334445
19368,8.07662014799393
19369,8.64291083764647
19370,4.9544541332564265
19371,6.360659090049888
19372,6.060290814820949
19373,7.192269247902546
19374,8.040600366252722
19375,6.2668430091535114
19376,4.925304248222335
19377,4.305871126785004
19378,6.867000368848125
19379,5.61488659324273
19380,6.345684148834559
19381,8.684348722211322
19382,8.05644607712563
19383,7.20590038738888
19384,5.996492951035446
19385,2.624478239763354
19386,6.410828534964107
19387,9.242522227293911
19388,5.8288804589280225
19389,8.538110801126807
19390,5.109101363215559
19391,6.8368924090359116
19392,3.9797804318638534
19393,4.278094185936056
19394,6.455787530539006
19395,4.789287308043045
19396,1.1631623090174759
19397,3.9536351701288126
19398,7.751927245932405
19399,4.613759575164496
19400,5.620213328109276
19401,5.65444758554286
19402,8.431342721823542
19403,5.1156939716178655
19404,8.17286199100317
19405,4.513150759998471
19406,4.398264474211517
19407,6.359038732259435
19408,2.4926928419620147
19409,7.276095004703379
19410,5.829003906892871
19411,7.478227677643218
19412,6.448724416548636
19413,7.605659215545497
19414,3.498663093792319
19415,7.569672259380447
19416,6.32261361222182
19417,5.13622972458357
19418,1.6180416635922352
19419,7.618013459194001
19420,6.073660631499854
19421,5.428044741268291
19422,4.537207735972023
19423,7.548601565960203
19424,8.320668652045267
19425,6.75815371076331
19426,6.980698191093886
19427,6.246284554192199
19428,6.5340043325111665
19429,6.8819487738019305
19430,5.573650574658354
19431,6.0347983218411425
19432,5.759531314648804
19433,4.633179078330659
19434,8.836380538219391
19435,5.391149008493301
19436,7.935074764747128
19437,5.308170050547046
19438,3.2556919992588313
19439,4.513662890036519
19440,5.6565413277121745
19441,6.226162754170808
19442,8.14632145401676
19443,5.698742568879549
19444,6.869118336491914
19445,5.70594235789969
19446,8.57606697749422
19447,8.248778319251368
19448,6.510621545976347
19449,9.278606074441676
19450,7.739814212438937
19451,7.65974747421355
19452,5.613714074206134
19453,6.2471984372373
19454,4.123200383071579
19455,5.250992704719218
19456,4.536827935715244
19457,4.0019557446622205
19458,4.172837058004641
19459,6.01171159916221
19460,5.537840114549444
19461,4.718076112251017
19462,5.742886494274618
19463,0.6825034528384695
19464,6.550806009440578
19465,7.255319314164781
19466,6.65231248042144
19467,3.9376230728943855
19468,5.504153032693708
19469,1.9894169607861776
19470,4.804958020361484
19471,9.180705278125542
19472,3.768672621351874
19473,7.236277882695404
19474,8.741472399625575
19475,4.580873350686661
19476,5.917971956868669
19477,8.088094214798073
19478,3.550932122518529
19479,6.895629242479046
19480,5.823889879713319
19481,5.844879615711671
19482,6.548850876562987
19483,0.3146735906436025
19484,7.493606548028747
19485,8.169657598625873
19486,6.231262709995091
19487,5.578311094073906
19488,7.909213686402795
19489,6.00052421226608
19490,1.9921937325622165
19491,8.054776754132547
19492,7.7303533937435205
19493,7.756212244139465
19494,6.653560242442914
19495,8.686208597794751
19496,7.094272699268597
19497,5.572225692269752
19498,7.729766269434365
19499,5.968226943500515
19500,3.704864169289443
19501,6.139760560890993
19502,8.848913728440461
19503,7.045019393491689
19504,5.349774295675844
19505,7.145040587077413
19506,6.089365786717603
19507,6.635664311578166
19508,6.024755287435527
19509,4.045881795357856
19510,8.603809566286616
19511,3.768205355371092
19512,7.69125021360635
19513,8.459380153125341
19514,8.584479000670957
19515,5.885018224233795
19516,3.083569831479352
19517,8.416341740067326
19518,2.7767367046885045
19519,7.019416609691206
19520,6.590153182462535
19521,3.6862218916803373
19522,7.843124511642923
19523,3.9714207160268797
19524,6.1270631573922225
19525,5.629167610982353
19526,7.719110328147814
19527,8.402209241805602
19528,8.269064510899646
19529,6.298686238500903
19530,3.4612500492232936
19531,5.125627475476867
19532,7.000701533898033
19533,6.758236626697867
19534,8.940548885861375
19535,7.190067934374559
19536,5.973890359107147
19537,8.005105038732879
19538,7.651209637559997
19539,7.118758770205993
19540,4.9606791092515605
19541,7.104220493231617
19542,4.906715493738576
19543,2.3851648505380467
19544,10.0
19545,8.95597190683743
19546,4.0593269058426795
19547,6.862835581499558
19548,5.515829186278415
19549,5.532177821211862
19550,8.522841553132976
19551,6.803469185355531
19552,6.123728294726725
19553,6.092107060034498
19554,6.0061739651607216
19555,6.042204443243477
19556,5.085453128820376
19557,3.792072409256976
19558,5.49656187738505
19559,9.384039207186875
19560,8.38466731087841
19561,8.086760347353412
19562,8.34877986802362
19563,7.939768276514417
19564,4.298295153924892
19565,7.955716001810881
19566,8.389588653400107
19567,7.863488687115382
19568,8.119952539526746
19569,3.5687699560649877
19570,6.07762342272653
19571,6.247555392033607
19572,6.694362298411525
19573,7.205066022533392
19574,8.135782107155382
19575,4.834251518620819
19576,6.898064193091217
19577,3.5210834497745314
19578,7.981839232900489
19579,8.157221435840167
19580,7.737570338493729
19581,6.373122629296859
19582,3.7025443030524627
19583,5.334758876119898
19584,3.36920308419785
19585,8.588317481439528
19586,4.457793703986085
19587,9.373594096587905
19588,9.654387861599908
19589,1.870423933069292
19590,1.553123585603029
19591,6.374655348166241
19592,3.8888445222974544
19593,4.162470429985074
19594,6.181172818773273
19595,7.63331308483985
19596,5.3945975003452045
19597,4.72828497248479
19598,8.17642916911414
19599,6.315207333942757
19600,4.946157824937888
19601,5.67792944183603
19602,3.797192649577752
19603,1.7846149416944472
19604,7.519890643126754
19605,8.484872594186818
19606,10.0
19607,8.964228157266119
19608,7.7755392288137095
19609,3.5988258973519436
19610,7.243152717980451
19611,6.183800108294861
19612,6.904553253716154
19613,4.093119576154013
19614,3.5331791159916963
19615,6.622602291159756
19616,5.504285521094721
19617,4.594235071945747
19618,5.933776930294068
19619,4.108146663717136
19620,6.843854120334953
19621,6.243647459522909
19622,4.388332169086807
19623,8.083812784762001
19624,5.484967099426216
19625,6.192942567112244
19626,4.928333352543847
19627,4.935022266544577
19628,6.536874777396614
19629,4.998422522854089
19630,6.137350236930624
19631,6.012540964039889
19632,5.4182189195924275
19633,3.889693306662365
19634,6.471940092480477
19635,4.319970438960086
19636,6.514608354977441
19637,5.2670331711740435
19638,4.9448151632925885
19639,6.081440046634277
19640,9.38024925896746
19641,5.446666612282881
19642,6.9071390289422325
19643,4.721821481084369
19644,1.7629567504469958
19645,5.849977620932102
19646,7.479323976896598
19647,2.8656627997604063
19648,6.214584237495936
19649,5.505380048036229
19650,7.277360293816502
19651,4.376786505332866
19652,4.410139280483346
19653,5.518039492247167
19654,5.510780305165994
19655,5.108983330235649
19656,8.753057822239025
19657,8.221632123532432
19658,4.252864819459978
19659,6.847781422537901
19660,2.9882909434305835
19661,5.303594378036142
19662,6.330806148130023
19663,4.950187967482469
19664,7.917393335067582
19665,6.798498628767929
19666,6.483621706330652
19667,5.579541641953109
19668,7.756194068897994
19669,3.625687008782949
19670,3.861295119838871
19671,6.753374813291883
19672,6.312490283167685
19673,4.737040023918976
19674,7.8716408627254175
19675,8.852824811147768
19676,8.044019808658414
19677,9.068746265631184
19678,4.7921005481586185
19679,6.8934403727706135
19680,7.291097924047454
19681,9.2856823441063
19682,5.016263505455079
19683,2.7688642546479696
19684,4.535433587400943
19685,6.67757160628815
19686,5.393079953908605
19687,7.1374991303048585
19688,7.168661666612957
19689,8.752710532263858
19690,2.27486542996613
19691,4.848162764654867
19692,9.37297239939629
19693,8.33739280228207
19694,6.648141729535471
19695,1.58355400850576
19696,6.72886867808209
19697,5.5928289760779375
19698,5.486168063540401
19699,2.8819295267418648
19700,7.627943715802854
19701,8.562214214419038
19702,5.4913413415955965
19703,8.378314150256655
19704,7.880144470543686
19705,6.578386693692094
19706,6.825220568446802
19707,4.626644664425536
19708,4.590220809566183
19709,4.348463489762841
19710,9.564416217511692
19711,5.321650258429244
19712,9.144493012356595
19713,7.681611162710037
19714,4.559836848055998
19715,6.704215856315754
19716,8.341318353713035
19717,6.726030197565509
19718,4.189114100007143
19719,3.8710588352437414
19720,4.7742627940229445
19721,5.3813195339542546
19722,8.019233155054472
19723,7.582720269227074
19724,5.293796584968874
19725,8.011087990509413
19726,4.725247192976211
19727,4.528486642560093
19728,0.7479515190551134
19729,6.022254800823105
19730,7.977398445023683
19731,5.70103382376441
19732,5.292761395133119
19733,4.516478802921117
19734,7.251222409039165
19735,7.9201263225537915
19736,3.7152142722854435
19737,4.604650962696998
19738,3.2666189111937793
19739,5.071675600682372
19740,6.90066826216577
19741,5.495611726670566
19742,4.492743818664739
19743,5.9007694179120325
19744,5.913551897641046
19745,0.7815943379874779
19746,3.040685811995803
19747,8.551853217577698
19748,1.9738786802392019
19749,4.846884567594598
19750,1.7700077289146767
19751,7.884872540239753
19752,4.714016477311461
19753,7.707218774433386
19754,5.634294237096192
19755,5.752161909376708
19756,7.234559839693586
19757,4.036325039614802
19758,4.189935506263856
19759,6.453406675369864
19760,7.273938833389051
19761,6.676678439889031
19762,6.161877592752952
19763,5.983628611856204
19764,4.73991769630147
19765,7.024883728675681
19766,6.986455755475108
19767,7.497217960711668
19768,6.323370163845167
19769,7.231164292916279
19770,5.844575519337759
19771,4.030319429084308
19772,3.2756672876446533
19773,5.4469729296227865
19774,4.155461716465758
19775,3.216367519485095
19776,8.985770010971894
19777,4.850589006085302
19778,5.752543936382313
19779,7.622919436788845
19780,3.917113943200489
19781,5.400356662128337
19782,7.432202744604431
19783,4.304910673950494
19784,7.674574669079027
19785,4.721350782109346
19786,5.642710266948432
19787,6.4974547694271045
19788,6.6536645287316425
19789,6.803233173559647
19790,7.146525904113517
19791,7.861965522975657
19792,6.170716852863724
19793,3.7603827174685067
19794,7.451405666062165
19795,7.291374351038845
19796,2.987341136698009
19797,4.7378828975895155
19798,7.254688515806841
19799,3.408963608206151
19800,4.418936498109788
19801,5.180168932219326
19802,7.99797257777749
19803,7.282297803630902
19804,5.780877937693346
19805,7.083890496954377
19806,9.517850354846356
19807,8.633680983948107
19808,7.738247534905842
19809,5.943217415668092
19810,3.6512113390812013
19811,4.766365272378367
19812,4.859042224777209
19813,6.467744860514175
19814,4.142163837812469
19815,7.8996324052390205
19816,3.5358135702112
19817,7.61333209650993
19818,8.223593377525228
19819,6.138957733247972
19820,5.285092575703592
19821,5.634514399316554
19822,6.495583901163655
19823,7.548454208924138
19824,9.436958249117232
19825,8.179373162448696
19826,8.123009297691803
19827,4.076574633061434
19828,8.341581218622768
19829,2.5618824770976474
19830,2.527546992476908
19831,5.710286087346664
19832,3.939698535069554
19833,5.65408811161144
19834,3.8910117538155715
19835,8.542746758352562
19836,7.004874265639099
19837,3.223087846057733
19838,4.08343533778617
19839,8.944121003096047
19840,6.889785819589926
19841,4.2582097324520385
19842,7.785260916404702
19843,6.153906637561677
19844,5.605985780870176
19845,6.957755017800112
19846,8.190913051290336
19847,9.216585742612185
19848,7.8730718391630425
19849,6.233708232798163
19850,4.2796993484660515
19851,5.998967006766269
19852,4.979627676769983
19853,8.102914358987425
19854,5.883954304884192
19855,8.234659617538558
19856,8.539903205137552
19857,3.1362201588311907
19858,5.606485636806305
19859,3.473069241274377
19860,7.613005355447821
19861,2.696311613396836
19862,5.530692038003055
19863,7.021489871831698
19864,6.365554780778179
19865,9.466295549039444
19866,7.589004169495544
19867,3.487552741321308
19868,4.423255415087036
19869,6.4233104581321605
19870,7.813280514840356
19871,5.763276142345117
19872,5.702675187864319
19873,4.53254769466008
19874,3.5296599415654457
19875,4.9162841088051845
19876,5.09587507039979
19877,8.485373705894224
19878,8.566249177246293
19879,5.137126294592942
19880,7.276475583104732
19881,7.200470729018315
19882,6.978293241464923
19883,6.217476573488977
19884,6.571379630569363
19885,6.057862983903028
19886,5.995917195565796
19887,6.3177015659456
19888,6.337631133819639
19889,4.262067887313217
19890,5.6129808369630005
19891,3.9390437104073275
19892,2.269065567449007
19893,5.574864322458
19894,7.697647001925141
19895,7.411203298780918
19896,5.423133182428776
19897,3.6009017602253492
19898,5.424861186387694
19899,4.923941557443612
19900,6.432173143073041
19901,6.1025015315111695
19902,7.995818958771746
19903,8.348546575302775
19904,4.501595862707028
19905,10.0
19906,7.420427652724971
19907,9.06717375348086
19908,5.163320535032984
19909,6.101794990313993
19910,6.155275196333475
19911,6.005670992964702
19912,6.103580125777929
19913,7.855005729010741
19914,4.545884844951106
19915,6.631119215566454
19916,6.47897913133963
19917,5.638771545891675
19918,4.456718917368577
19919,8.301567482471404
19920,7.319902677944262
19921,7.734276144389604
19922,6.733094595597491
19923,7.294272875126913
19924,7.290364725156504
19925,6.4919311334563865
19926,4.164300599626045
19927,6.988550152372586
19928,7.36911696738977
19929,5.30271828759766
19930,7.849124794622639
19931,4.573332669378164
19932,6.386385288312399
19933,8.613316491245453
19934,7.720383366614137
19935,5.043757995724894
19936,8.382370845866493
19937,8.084716326362587
19938,2.6710755563098054
19939,8.3298229797155
19940,7.81273857458965
19941,8.958896345152962
19942,5.009291214239887
19943,6.793791037851616
19944,5.981812017073892
19945,3.6640827381224472
19946,4.89977240322181
19947,1.7688075553767
19948,3.4819077094365785
19949,5.866418965959918
19950,8.698625105385062
19951,3.9735321197819955
19952,4.363766207395939
19953,5.525423631724118
19954,2.1486838445456025
19955,6.003492245294559
19956,6.728872361333517
19957,8.44491867405171
19958,7.872069733315547
19959,8.618954414454809
19960,5.993166546417136
19961,4.222723980393194
19962,4.765929150404026
19963,6.369136609228256
19964,3.5485106258153563
19965,5.545833297576454
19966,2.4604673611839383
19967,8.695391309572749
19968,4.836732415622992
19969,7.01139246131995
19970,7.425514720985228
19971,5.342575496763898
19972,6.399803266259978
19973,5.585773996337858
19974,5.53309069512162
19975,2.1039770050028785
19976,5.878379912714276
19977,3.229695810971042
19978,3.8704092575906
19979,6.896582433572453
19980,2.9209889232510884
19981,5.759091170317707
19982,7.286511809689606
19983,6.506749274311388
19984,3.983614771565712
19985,4.920331583412698
19986,7.584985518236078
19987,8.687086825321584
19988,5.081175987455101
19989,5.066975099045356
19990,8.76586918074917
19991,4.412010857154029
19992,6.724631556299817
19993,6.077138075738207
19994,6.067851507195131
19995,8.29934660375578
19996,6.942255997623237
19997,3.5519482986920394
19998,3.809800438998651
19999,5.434604937056302
20000,6.942191211567007
20001,8.733679136858285
20002,6.10332250492862
20003,3.5663316245730017
20004,3.333519862645926
20005,6.1696810669984306
20006,4.374468506501675
20007,5.248280969175978
20008,8.389726795242844
20009,5.74793640086645
20010,6.488547447555446
20011,5.692964029622296
20012,2.852604504617627
20013,7.079784246638702
20014,1.688759720244756
20015,7.726967172757993
20016,4.4519509423501935
20017,3.7675824805048026
20018,10.0
20019,3.6612481832456454
20020,5.5591747718524385
20021,5.123523216336827
20022,5.852191900611469
20023,3.6738720333216266
20024,6.411156779430181
20025,3.0516622613979942
20026,4.019149005149087
20027,8.160382254062426
20028,8.305083578597525
20029,7.044399536425442
20030,2.8721246433341654
20031,6.751858921592523
20032,5.220141125587945
20033,8.63443300398206
20034,7.694379019891862
20035,4.642895316832178
20036,7.9647025307914046
20037,6.028603622901116
20038,5.9173163296396005
20039,7.655705317530284
20040,7.135740325612264
20041,9.39845043459998
20042,8.542172080413962
20043,4.991453945481906
20044,6.829287374599714
20045,2.7979308679952126
20046,5.953223453581084
20047,4.309829741708481
20048,7.142997028612498
20049,3.0312095707159123
20050,3.572972234025964
20051,5.629669210135532
20052,6.478970599668974
20053,7.5006674020223425
20054,5.27639871331612
20055,4.277669277777292
20056,6.666999134477582
20057,5.644618168170429
20058,5.706600689732294
20059,6.538738819382452
20060,6.043568723859597
20061,4.782854181355527
20062,5.240870506077625
20063,6.05466276878845
20064,2.1880510410763554
20065,5.47834786962758
20066,5.378347718169328
20067,8.7850831954564
20068,5.358732783890325
20069,4.965296766257613
20070,3.8113360545689234
20071,6.513291236031607
20072,6.35243145127859
20073,7.401642129742456
20074,7.835325219862565
20075,6.617258568815014
20076,3.1444484320398227
20077,3.8193654705168836
20078,9.236204734869766
20079,6.360940108108958
20080,7.157854470421439
20081,8.461262592225621
20082,6.275551082224933
20083,4.394834078197425
20084,5.691205831366993
20085,7.307038851060746
20086,6.911436788845505
20087,6.711911525157532
20088,5.874684057981584
20089,3.6558961334261877
20090,2.9412114799765203
20091,6.859911228820617
20092,8.045361653430072
20093,7.33419800563348
20094,9.418725702067594
20095,7.794805979604272
20096,8.001338085880374
20097,4.841381784005004
20098,7.858546601853163
20099,4.122048658178014
20100,4.922953628292976
20101,4.939434346482086
20102,4.123031796608338
20103,4.172317999772117
20104,5.893211608510281
20105,7.853852778584364
20106,4.03512039253424
20107,5.102809092050254
20108,5.8788217256306705
20109,4.259914742265842
20110,3.6431152292949345
20111,8.176159830039655
20112,3.938526594325957
20113,9.634001086643195
20114,4.123869421150427
20115,4.790640093462933
20116,5.133566481516774
20117,5.266652829171374
20118,3.1425131928280927
20119,5.5589964761672945
20120,7.076898234303454
20121,6.534133171532434
20122,7.00098319081688
20123,3.5932144240349806
20124,2.794345708187768
20125,6.764121776000008
20126,7.5751265788068665
20127,3.403584543569548
20128,6.734449896575083
20129,7.792606165153462
20130,3.735764907557695
20131,6.115023547544942
20132,6.753445138159349
20133,6.354863779187086
20134,5.803163774200769
20135,8.795073110818084
20136,5.485935712942818
20137,5.177357013058615
20138,3.737826493537825
20139,9.334828555089661
20140,2.14423275229949
20141,4.210210541191901
20142,5.815884935168411
20143,9.277783164007122
20144,5.5898353937513985
20145,7.961097608759822
20146,8.48171519180508
20147,4.997228979505811
20148,4.816307971456001
20149,5.867178575857449
20150,6.294650850674258
20151,1.7235824137041167
20152,6.034212081126873
20153,5.377878282730014
20154,7.141749933823303
20155,6.937669408671498
20156,3.110140701129943
20157,2.7908973473253145
20158,5.996866485332681
20159,6.249951883546016
20160,2.4934316048111755
20161,4.6864812713731
20162,6.313987223678382
20163,4.540399812390945
20164,8.353327861416213
20165,9.48461643128202
20166,2.0215634497383284
20167,3.3030043962062807
20168,6.999632551008931
20169,7.796840513262126
20170,5.5921143400717135
20171,4.704902154308032
20172,4.287274875629474
20173,4.648957287471868
20174,3.5481162242338424
20175,5.256270375166129
20176,7.762124641158573
20177,8.74776720178906
20178,1.8817844448396666
20179,7.950079726704978
20180,6.019434082611562
20181,8.453143208737025
20182,5.757522097499949
20183,8.75955110232282
20184,7.110966887088269
20185,6.257049648719401
20186,6.600565915865041
20187,6.4489606051095105
20188,5.839981946690976
20189,2.931015148001975
20190,3.9264170112680583
20191,5.798898613350035
20192,8.51131375908708
20193,7.159767981181169
20194,7.079479739564226
20195,6.86561331111506
20196,5.441183535447127
20197,6.386734658637148
20198,7.486392116859712
20199,8.954145778589169
20200,4.716478157651419
20201,8.576293419793444
20202,2.9067251999886343
20203,6.793327109845402
20204,4.922045609854873
20205,7.345494235216432
20206,5.357135694860823
20207,5.832876037995787
20208,3.0802698005355427
20209,6.793875564709266
20210,8.558566474766044
20211,5.904334295979858
20212,4.298999475706767
20213,8.945290993464537
20214,4.423716067479475
20215,2.591158985172486
20216,7.408509725472522
20217,6.483786614411797
20218,6.996917676063824
20219,6.270186579342916
20220,4.283100214338916
20221,5.762723562052765
20222,6.683536961097033
20223,6.158757388015744
20224,5.741928546635344
20225,5.312799793818731
20226,5.208294336325027
20227,6.569680499092641
20228,7.760471017222434
20229,7.579660344466159
20230,6.184988686412176
20231,8.105630733119007
20232,7.11610861590451
20233,7.001401425005557
20234,8.843722724074855
20235,5.12105350535022
20236,6.729870466409411
20237,3.6400076515965294
20238,6.525799345979538
20239,4.850343146910703
20240,5.102480596771022
20241,2.207410452307247
20242,6.977995218034689
20243,3.8151098818966975
20244,8.037556619021798
20245,6.55045759652199
20246,7.037800323539272
20247,6.298355100225237
20248,6.085507924693941
20249,2.3919050436553775
20250,5.729703758538685
20251,5.291854740815934
20252,6.618231427362526
20253,6.855828189440826
20254,3.01650642674617
20255,2.3870057874025683
20256,5.88769218463343
20257,2.622517731492266
20258,1.6985406410265613
20259,5.164308017734212
20260,7.765936383024725
20261,2.9249775360638006
20262,6.154508297865679
20263,6.419692571071721
20264,6.589230069172547
20265,9.297543982351616
20266,3.2857817794018627
20267,7.414724719329016
20268,2.652038485353428
20269,5.123269046269535
20270,5.856781691588543
20271,6.430619743925146
20272,5.618365554351483
20273,3.9510640524116036
20274,1.4370251872803066
20275,10.0
20276,6.926259853321934
20277,5.932164425161037
20278,4.264158774184734
20279,9.70339616442482
20280,5.247822021084928
20281,6.939602166922075
20282,6.853651168440711
20283,7.449404353936357
20284,4.077963546918713
20285,7.907897308077547
20286,5.633896575992198
20287,6.386696293815428
20288,3.955844956781562
20289,5.215404666931464
20290,6.192066038265244
20291,5.370158052146944
20292,6.520788669919427
20293,7.79312241046084
20294,4.0539841911970536
20295,7.237419614648061
20296,7.1798693019710145
20297,3.115598748500843
20298,6.428622579222657
20299,4.671455867762432
20300,5.915979257883668
20301,5.062122963564239
20302,6.931205255902592
20303,2.1368742848468134
20304,5.608504032246438
20305,8.545977560138263
20306,4.855496352340424
20307,8.554833222316919
20308,4.374171205738401
20309,6.171087330897938
20310,5.8031529813193945
20311,4.429272306180267
20312,7.01099582678055
20313,8.186743323208738
20314,6.151962697736452
20315,6.608450859637898
20316,4.129560425966343
20317,7.339066861857949
20318,4.978797068550616
20319,6.942206900503781
20320,5.744145310770357
20321,6.433938594663305
20322,8.140806692893706
20323,8.011961484072627
20324,4.8128993480955575
20325,4.999655927736656
20326,4.5045151535781
20327,7.512762639534513
20328,4.372833119157549
20329,6.864157921835009
20330,4.1767465708340525
20331,5.798467913452648
20332,7.346039497306567
20333,9.498303196214446
20334,6.730624778375448
20335,6.232466098354928
20336,7.699004760395617
20337,4.102425340611701
20338,3.384266168784344
20339,5.087295042485014
20340,4.871247947781892
20341,7.367787013860058
20342,5.919249048466252
20343,8.098098980535479
20344,5.91376598641652
20345,7.521684386772
20346,7.368706531629803
20347,4.6775801787285545
20348,2.032482470775955
20349,6.356130115720619
20350,7.1266679812050775
20351,7.1016743582414055
20352,8.457804462967125
20353,6.57982183628744
20354,5.284032404966933
20355,8.086281102032677
20356,6.524974524418885
20357,4.550029170180271
20358,6.595135851861976
20359,8.126294945279401
20360,6.453330599087461
20361,4.4479769893559995
20362,3.508522899928904
20363,2.6026259118081105
20364,6.02644197733202
20365,7.7056339927938025
20366,8.283320004107262
20367,5.73596519489802
20368,5.291151717596918
20369,9.069619816245744
20370,4.279582381914385
20371,5.9775239559506685
20372,7.216505877022014
20373,7.158275851010317
20374,1.6485536979543811
20375,5.187154386386766
20376,3.645775323485756
20377,4.822398862352376
20378,7.722059915360495
20379,4.521132329388871
20380,1.5302204809281288
20381,6.591155994850032
20382,7.258492512859674
20383,8.86287586998429
20384,7.609905643919723
20385,5.280604191663253
20386,3.8134161262390056
20387,5.066679795445731
20388,4.126902157924701
20389,4.253313287991288
20390,4.530485341072922
20391,5.593771987384101
20392,7.104020303216551
20393,8.649311511326779
20394,7.9260422053519015
20395,6.6919799825937165
20396,8.242044422171723
20397,3.4959568143657034
20398,3.6446738778671266
20399,7.860376799834485
20400,5.617648203718931
20401,7.330309805129426
20402,7.560353056694559
20403,6.104339064309754
20404,8.849444665192816
20405,3.2778599179771106
20406,6.518967349505944
20407,7.034017676864561
20408,5.987802426766357
20409,5.864537424097488
20410,4.864368463029688
20411,5.533844323147541
20412,6.745884842352824
20413,4.362932999530296
20414,5.084705256602344
20415,6.556496134750635
20416,7.66422837617449
20417,7.222700204778109
20418,4.429461403180483
20419,6.3734628908986055
20420,5.6738781941818175
20421,3.688417295145341
20422,8.188952607269183
20423,8.290053207636591
20424,7.531072629132062
20425,7.862587986527318
20426,5.369843175302492
20427,5.1160371756001535
20428,8.64711668711579
20429,3.771153085262724
20430,4.7727791618387005
20431,6.204068159875755
20432,6.358075855035297
20433,7.184993469699625
20434,4.5858210655880525
20435,4.977484176561086
20436,5.028375023340875
20437,5.019227773687128
20438,8.148831604113646
20439,9.29996675765943
20440,5.295363950542849
20441,6.78922426571311
20442,3.847855658403599
20443,8.127967859106938
20444,6.060593857081646
20445,7.067926602951429
20446,7.522117091494829
20447,4.287603853780217
20448,3.3183670382714485
20449,6.460014870812635
20450,4.716295212576776
20451,6.363957434144995
20452,7.558073482690055
20453,3.2928657409583355
20454,8.689693626221727
20455,4.639628687330714
20456,5.741598086057465
20457,3.1705179578280225
20458,9.103644901794343
20459,8.847809683679966
20460,4.891704001131013
20461,1.4254957004790243
20462,7.075637669148952
20463,6.4287271312877845
20464,3.20618786892324
20465,2.6246734528695503
20466,9.343277179434146
20467,6.188515216415457
20468,5.443573265616266
20469,6.463009555981531
20470,3.8321005679321285
20471,1.163696935483334
20472,5.445940421595861
20473,5.002477474561269
20474,6.9915583454839165
20475,3.496047965586884
20476,6.1145675201439325
20477,6.150053041442143
20478,2.2138563240131024
20479,3.3452667765867616
20480,4.433928926432924
20481,9.03384890846009
20482,6.341714442446499
20483,4.8957069730232465
20484,2.178900530024008
20485,7.386936187587475
20486,7.6492067741781735
20487,4.897772534753448
20488,3.1478041295410764
20489,6.676950656112125
20490,4.258864213046335
20491,4.047862986176904
20492,3.7478461163313774
20493,9.829426596774834
20494,7.506858192154308
20495,3.2995845111603277
20496,3.4495325494669835
20497,7.846378822075539
20498,2.3629681615866476
20499,8.49413085312781
20500,5.904994649288573
20501,8.274469061700714
20502,3.8492472817525356
20503,5.944054914181239
20504,5.718205508480201
20505,5.929728154515617
20506,3.85789104803644
20507,7.595176723161438
20508,8.179405404678793
20509,6.456954104778747
20510,7.841278568506273
20511,7.346210647395759
20512,3.039653457508501
20513,9.305947706474328
20514,1.6715649461316024
20515,4.496550750207671
20516,1.979433898192413
20517,5.174576381046083
20518,3.8451769292418447
20519,5.675721507373302
20520,3.577669751782662
20521,6.924566240456247
20522,5.494705498681469
20523,3.8208068424714003
20524,7.349219825333896
20525,6.250745164927217
20526,5.1610889164594855
20527,5.310788453561513
20528,8.01034232359414
20529,4.95199395315475
20530,7.392583695251426
20531,5.982741283574303
20532,3.100904420903067
20533,5.738601670481558
20534,9.110043182661165
20535,7.2984539506685495
20536,5.914884025209213
20537,9.14258530543374
20538,7.266888528270352
20539,5.444305505656895
20540,5.108761275918804
20541,6.007076180079768
20542,8.049955404671008
20543,6.327798380898354
20544,7.022724131989512
20545,4.845760128955785
20546,5.753611555600349
20547,4.407736301849337
20548,6.036979028980181
20549,7.015186657061591
20550,2.734529089491231
20551,8.27432666345911
20552,8.061927057619979
20553,4.7284482169887525
20554,7.575943630729439
20555,9.38177734962106
20556,8.272165304486958
20557,7.350772909993735
20558,8.556061071298089
20559,7.488833612584475
20560,10.0
20561,2.662609897563555
20562,8.266687918946124
20563,8.465623357517305
20564,4.441500930852804
20565,9.179679707162538
20566,8.041392538272689
20567,5.371651955277139
20568,5.473635460563047
20569,9.069848208948688
20570,2.6834363969869957
20571,5.944566325365065
20572,7.417055339257365
20573,8.034011588954149
20574,4.179818287762059
20575,6.574627557026343
20576,8.789255101556511
20577,9.471477668551032
20578,6.3236899821657975
20579,7.0457512199279115
20580,4.991227019618032
20581,6.333080168588875
20582,9.495797049903658
20583,6.5594085192352125
20584,6.896627959010104
20585,7.90283098163262
20586,4.070785296878397
20587,5.274298692481981
20588,7.420947084707262
20589,4.305937068216794
20590,4.3975734689003305
20591,4.696881894491235
20592,8.684324728750248
20593,5.846355549959053
20594,6.079740559174099
20595,7.72845945177576
20596,5.636228326705728
20597,1.416212322123895
20598,5.913738658747532
20599,6.503285713382222
20600,2.229397441798378
20601,4.079370389753358
20602,2.5025776158870583
20603,5.30048901118599
20604,5.741182167423155
20605,6.992961008842967
20606,5.700620755658437
20607,4.378239920535963
20608,3.6160757544230218
20609,9.148752241616652
20610,6.651975719410171
20611,9.747667383974392
20612,5.557940001407841
20613,3.0988800886641643
20614,8.811246660330971
20615,6.19186378871167
20616,2.089051252040492
20617,5.357062287153887
20618,9.719511343377023
20619,8.991805826460542
20620,6.271704652834284
20621,6.626265831817502
20622,3.6686054997192943
20623,7.520969199856822
20624,7.263407445588699
20625,4.645322429939589
20626,7.216061496804068
20627,9.265344385448241
20628,7.3246015126956845
20629,9.511079294002457
20630,8.290674503861235
20631,4.470622458440555
20632,4.417168767271064
20633,6.990482384198152
20634,6.527146428901418
20635,6.062141573955893
20636,5.8763876255620335
20637,6.8924008976931
20638,5.185763111827024
20639,3.600051641988327
20640,6.1208316207359825
20641,6.743955251015089
20642,7.881872922010045
20643,3.9536173843259403
20644,5.140063154471929
20645,4.117118773759776
20646,6.521753215342439
20647,2.335832096929691
20648,3.897679358805143
20649,5.12020050527329
20650,6.014960690012624
20651,6.667425772845512
20652,7.33039456461718
20653,3.437327213977772
20654,2.6595686847361684
20655,5.845225797652812
20656,7.413132462186768
20657,9.485696022169705
20658,8.427079626894557
20659,3.64616348401633
20660,8.195047322531675
20661,8.067806349503076
20662,2.3735339643080566
20663,9.031085189790055
20664,5.908997219426537
20665,5.749029351175847
20666,5.257321454173412
20667,3.172203568159913
20668,6.7374012953613995
20669,6.442027425176482
20670,8.049577174504584
20671,4.896683328069912
20672,6.743049694081572
20673,6.083968110931759
20674,7.958886035135484
20675,4.517434480171901
20676,7.495824787643641
20677,7.962124791975869
20678,7.891509255902636
20679,2.5904749359568626
20680,8.265683096306427
20681,3.6133155728920743
20682,5.649722510736064
20683,7.049479135425581
20684,4.538268237600311
20685,6.892954186722381
20686,7.543761463577454
20687,5.864912533320229
20688,7.334681719079268
20689,2.031853900830749
20690,7.450092899754653
20691,6.716305080130475
20692,7.327857668469406
20693,6.49432500937006
20694,6.821432341306279
20695,6.138069746755523
20696,4.593978985266139
20697,5.363333946388147
20698,5.123083132276317
20699,9.574813315609838
20700,2.5793121300331636
20701,6.6744465117856695
20702,7.802220521072827
20703,8.02400251275161
20704,7.065144883320036
20705,7.815973873345117
20706,6.327913707203169
20707,1.2679644364177545
20708,3.603475876908787
20709,6.71163933440858
20710,8.313415210480283
20711,4.930617509156489
20712,5.5794191787821665
20713,8.839645880701553
20714,8.299250051920971
20715,7.329171441812601
20716,5.677411353852877
20717,3.8678865971572294
20718,8.740467669766382
20719,5.520883281905209
20720,7.15738112625913
20721,8.837663730386172
20722,3.3239164603413847
20723,8.801570575021113
20724,5.554405112844604
20725,3.3003495900968622
20726,5.565900692715271
20727,3.026506150226856
20728,5.663647753272157
20729,5.6666223426546605
20730,5.399077685817692
20731,2.4892927013735466
20732,3.5579446433769846
20733,8.106390707374945
20734,8.766139096894184
20735,5.231994133258747
20736,4.335628589647534
20737,6.2986392109535965
20738,5.127171383778376
20739,4.6745044518372065
20740,4.483344926707078
20741,6.567905692112853
20742,5.880612109975233
20743,8.354655565092287
20744,5.4650260328733005
20745,7.182750665761486
20746,4.229961497050986
20747,4.363440015898604
20748,7.653168506609041
20749,2.4193687466581677
20750,7.109240544229843
20751,3.694879525297025
20752,4.935671096906583
20753,8.55925531213174
20754,2.4724154988331692
20755,3.204975588193105
20756,6.7605333406913415
20757,8.142855106016077
20758,6.847039886938979
20759,6.875330512338605
20760,5.964208299657833
20761,6.1761509067398634
20762,4.068721751684213
20763,6.188310941078096
20764,4.53483896227235
20765,9.601105564614269
20766,5.366920953589032
20767,5.852728188659503
20768,3.0653305726456885
20769,8.56192883473906
20770,4.554907053229118
20771,5.57996408889232
20772,5.303472039770853
20773,7.914446253231396
20774,7.844258018173812
20775,5.191873624552876
20776,8.734379686700953
20777,4.488319694531192
20778,9.282357828280677
20779,5.0621184350584825
20780,7.783884909183956
20781,8.377716941676749
20782,6.7854877977455175
20783,5.395813401082466
20784,7.577656533628026
20785,5.985505208829274
20786,4.861221921906514
20787,2.609562057046369
20788,6.506817112105069
20789,1.6494527744263339
20790,6.084513286939689
20791,6.669424431641186
20792,7.443709361126654
20793,7.862517804071251
20794,7.530907563396431
20795,5.001250746238894
20796,7.145211391773257
20797,5.840249144579543
20798,4.192059823302384
20799,7.288213765012149
20800,5.417204150420336
20801,6.32880080173153
20802,6.562011508526151
20803,4.237896451985302
20804,5.955778960220975
20805,5.621351118937124
20806,5.619776323229511
20807,4.859973140607476
20808,9.586622228253624
20809,5.260458279253898
20810,7.04775440880193
20811,7.507069907078227
20812,9.008826081979223
20813,3.356841303533816
20814,8.501030799995283
20815,7.051000013556492
20816,7.36237334125545
20817,5.7461341310348475
20818,7.405717961619278
20819,7.238872562274061
20820,6.732807793851682
20821,7.924314415252871
20822,5.873243909203982
20823,4.015634075686429
20824,6.554641722620332
20825,6.837297950029788
20826,7.747946901714812
20827,8.654308355342877
20828,4.695927146901322
20829,7.838311991537189
20830,6.554430757460619
20831,4.452045055283898
20832,3.216449960743051
20833,3.5004835357234962
20834,8.181945243968908
20835,7.456106838783838
20836,8.326916225863725
20837,6.260969713201412
20838,4.246861487554834
20839,4.513256518394696
20840,8.488585268077815
20841,5.770228103015689
20842,8.525797386993894
20843,5.262447493237058
20844,2.3497403990942964
20845,5.563708922129422
20846,7.18403872818179
20847,6.434248036561445
20848,6.900820326955074
20849,5.075346286692466
20850,6.825875349129692
20851,5.289504140479497
20852,8.011742516595257
20853,6.324379245739211
20854,6.029244773974664
20855,1.9824908451015864
20856,5.7044219748262215
20857,5.808355837685216
20858,5.0676590847696446
20859,1.8887279186897172
20860,3.151134255632331
20861,6.747345715230139
20862,6.099608318076086
20863,5.9920231368349555
20864,4.734043864494585
20865,7.34232527656119
20866,8.179618618132485
20867,8.285980121840195
20868,6.197810476087965
20869,6.834956459415056
20870,6.7109563335848215
20871,6.177493409253075
20872,8.999336615659868
20873,6.807307522498418
20874,6.58451866011065
20875,4.3664995072632475
20876,5.348019819081518
20877,8.13889368652201
20878,6.72276871787853
20879,5.799892268386008
20880,10.0
20881,6.4350866170193814
20882,5.8135247900777465
20883,1.613415593970637
20884,5.8144277592773355
20885,4.380974616096422
20886,6.34474560189856
20887,5.892524402467467
20888,3.950700199632587
20889,7.788928760126083
20890,5.014760438053311
20891,8.006455658232454
20892,4.761860612314407
20893,2.750546118764686
20894,8.122344153722507
20895,7.873484318526442
20896,5.710286458454103
20897,4.774366874988139
20898,5.189808713679527
20899,2.8940424984616686
20900,5.4111396383956
20901,6.719228908139035
20902,9.395243687232282
20903,8.120836681537602
20904,5.270398096960303
20905,6.158978950386403
20906,8.62526286099773
20907,2.993103775769427
20908,9.04841888882125
20909,5.2323800481310965
20910,5.575611701381474
20911,4.07226339520496
20912,6.342403422077901
20913,2.9523737085337443
20914,5.7764537682056325
20915,9.106485419295861
20916,3.0086968993003795
20917,2.6483065345487757
20918,6.64969008575045
20919,3.510542494930232
20920,6.93866937959816
20921,6.925694434968747
20922,3.339360314253118
20923,4.109830852430705
20924,7.758240397537863
20925,5.621356206717133
20926,4.8401419719192065
20927,4.239552749784412
20928,5.96172465401562
20929,4.272334720420664
20930,7.014870316488217
20931,6.861787944682791
20932,4.983141054065285
20933,6.039928145066678
20934,4.014180451436717
20935,3.251693413786427
20936,7.095196393464712
20937,8.159957886564433
20938,10.0
20939,9.057057172393986
20940,10.0
20941,8.317657550294665
20942,5.598723811080472
20943,7.009004517105003
20944,1.8414548628013765
20945,6.730490738073181
20946,7.547936294729986
20947,4.254935630010596
20948,7.985292554322326
20949,7.015717230514314
20950,3.1916834628483786
20951,5.348193554415722
20952,8.58577662845008
20953,8.336535489067998
20954,0.9950072139796151
20955,3.712477834041085
20956,5.1179327227467475
20957,6.171234436943891
20958,7.682905597471006
20959,5.664773610853128
20960,5.196141119063753
20961,4.497969757618588
20962,6.163079041658749
20963,7.829614076440231
20964,7.31752986049006
20965,2.6382066789171033
20966,5.258137766391094
20967,3.3034692292882486
20968,2.7066551125556693
20969,5.571021582015173
20970,7.020720612195098
20971,4.308801797115015
20972,6.494686469696175
20973,6.595775043875079
20974,7.515446076471269
20975,7.564174536054454
20976,6.411652209788359
20977,4.390839871205285
20978,4.701748921446861
20979,5.3984935335058815
20980,5.76925974118344
20981,5.409143222916532
20982,6.0279186539254574
20983,7.824114650461125
20984,5.830251458111774
20985,6.7447044252940955
20986,7.664866833039038
20987,5.997324232985212
20988,7.268291649370915
20989,9.466209120590499
20990,8.787138900402663
20991,7.07390395688649
20992,5.198623138323101
20993,3.0697273087048327
20994,4.829095169622606
20995,4.713505641260307
20996,6.815683292139644
20997,6.513565724825472
20998,7.583257600999604
20999,4.794519035755826
21000,3.906675915038826
21001,7.217481393856448
21002,2.090896792619253
21003,6.95088485840009
21004,5.635269630290982
21005,8.598268050677337
21006,5.267818981759732
21007,6.439848801374691
21008,4.792311983251146
21009,6.239984598416584
21010,6.396298579190738
21011,8.103063099762421
21012,6.287579120902057
21013,6.359919904360018
21014,7.672779540846303
21015,5.667737585400755
21016,7.001291796467296
21017,5.310415925281243
21018,5.609114359579964
21019,5.963161074011472
21020,5.780860510107747
21021,2.4593108755711173
21022,6.913524940250413
21023,3.549544857561618
21024,7.528167984849658
21025,5.012954622558759
21026,4.740010901030454
21027,5.351043074293854
21028,6.552848670514021
21029,4.088801925611843
21030,2.462369212871529
21031,3.5798913986814167
21032,8.046180274439438
21033,6.548410601575901
21034,3.59612915206024
21035,3.6510072601954002
21036,7.271607478385153
21037,4.605323932502763
21038,6.1843685724018425
21039,7.414042430650743
21040,8.80125874052181
21041,6.669544641245622
21042,4.835049418589167
21043,4.8548401149542855
21044,6.468986057236167
21045,5.650443684326699
21046,7.726126344769533
21047,4.4055745323703075
21048,4.40809750830741
21049,3.7219071754858195
21050,6.819082549936957
21051,4.867922688364635
21052,5.229959967544266
21053,6.7667946979478995
21054,5.079154865409047
21055,8.213786535232826
21056,4.940204739634512
21057,4.423772433193293
21058,5.771356184175698
21059,5.18422553515059
21060,3.897253828058989
21061,8.987026088683265
21062,3.295710538437422
21063,3.163455352296179
21064,3.069475955355625
21065,6.195664057166205
21066,5.965697167481297
21067,9.009522646928248
21068,2.9558472304492587
21069,6.927917299637983
21070,2.328327315442973
21071,2.489576369996378
21072,4.257042978362366
21073,2.3808930536221937
21074,9.298839521782
21075,6.853652331030803
21076,9.467063057626369
21077,5.8602701153354815
21078,2.2559880339885945
21079,9.086592197091328
21080,2.423065587783213
21081,5.964857934252974
21082,7.6880763815726585
21083,6.6487067132772495
21084,7.366424884096207
21085,8.639936530831633
21086,8.554645123395431
21087,5.575452731901809
21088,4.269734923353756
21089,2.2298244541196883
21090,3.16314619612952
21091,5.540382788224971
21092,4.9090380681761765
21093,6.393400015623319
21094,7.635364233320111
21095,8.001057024454825
21096,4.079175074453623
21097,4.098123930502654
21098,4.5732326105487875
21099,5.288224472732319
21100,5.500225642243434
21101,5.946199074157427
21102,4.957315794366979
21103,4.5194464974654025
21104,4.637296269791584
21105,2.071280462017185
21106,4.340184543674955
21107,5.710830077007011
21108,4.649709192282693
21109,4.607473533282432
21110,7.841335160207752
21111,5.106624203042562
21112,8.127144676448948
21113,6.955619674994707
21114,4.504872451931094
21115,5.535137075071356
21116,3.1289866542521367
21117,9.093926666629462
21118,6.836887851347555
21119,6.422104147374018
21120,3.290328401104106
21121,4.392550190744698
21122,5.835316803856496
21123,4.978287122239081
21124,7.457103467472673
21125,5.872469554165823
21126,2.744758415609464
21127,7.010309391740451
21128,7.824615055228877
21129,7.967739970178291
21130,7.611677707849939
21131,7.353094299160968
21132,6.0534135685517185
21133,6.242191904583816
21134,6.217600212459109
21135,3.5325586289133875
21136,8.177780141636859
21137,7.827608090496173
21138,7.137529378206071
21139,4.691513108767382
21140,8.37290761882925
21141,7.302173502814471
21142,3.249550483998576
21143,3.555297889236087
21144,8.495629560077653
21145,5.614226159119542
21146,7.619923853061513
21147,4.684933256348499
21148,5.019443600475601
21149,6.6351349287852806
21150,6.276143979562024
21151,6.094936532792845
21152,5.346589781685404
21153,7.389754410330341
21154,8.292551406298118
21155,3.0123340995819765
21156,9.152198804185058
21157,6.638375979403721
21158,8.090560552095356
21159,7.997672245638209
21160,7.170258776021127
21161,5.8654466237044
21162,4.193023057017116
21163,5.2021742124268915
21164,7.64121058592
21165,3.5254550908624944
21166,6.871105201356898
21167,7.738237593787273
21168,5.316655014838108
21169,6.817215516967322
21170,5.069351402968123
21171,8.459085545345566
21172,3.77444385452366
21173,5.702831757340396
21174,4.777424514910958
21175,8.055135593922117
21176,5.512661671168438
21177,6.986353292227981
21178,5.8239883081104065
21179,6.304532774114468
21180,6.084539527786596
21181,6.087727464713744
21182,4.372127262019715
21183,6.547357645190071
21184,5.1859802189542386
21185,5.891978549127016
21186,5.918848781489177
21187,3.4723148432211017
21188,7.9628495618026705
21189,2.8239250372094347
21190,7.576550405627254
21191,8.076302103740403
21192,5.759545871167687
21193,7.597927764977177
21194,5.874350474295142
21195,7.2818922100531935
21196,6.980919915769
21197,6.955475425501554
21198,8.610694364619267
21199,2.2860972895695797
21200,6.468093390689528
21201,6.481635993719663
21202,9.120385231597254
21203,7.879393979555623
21204,7.581288160121726
21205,7.75129329124086
21206,7.131618047004477
21207,9.123068739609014
21208,5.850350896216755
21209,6.950503982679468
21210,0.8362712335484668
21211,6.259086246581119
21212,8.870114026705052
21213,4.345159939650382
21214,2.809930331097883
21215,6.940467634279814
21216,4.42809005018127
21217,6.844955594883862
21218,5.7623176289073434
21219,7.002001451144711
21220,7.766844654720406
21221,9.233842740653207
21222,5.950967711820962
21223,6.0834926995863015
21224,3.1601983002444944
21225,8.172691352662973
21226,7.228478691250099
21227,8.974642124776503
21228,8.881932733248298
21229,6.41689433419742
21230,6.159820969850944
21231,5.988238947128316
21232,4.12770174942853
21233,6.244843778306214
21234,4.865181563409044
21235,8.047616813288439
21236,7.230528430423227
21237,3.6463695939839202
21238,5.845758500375155
21239,5.899991544105235
21240,5.244879754279575
21241,4.081108203481159
21242,9.798491819990534
21243,5.818413438947484
21244,2.9599397553501934
21245,6.258918968879009
21246,4.652511794261476
21247,6.029633288798426
21248,6.1914231458549835
21249,4.11004060588148
21250,3.984673669353394
21251,6.82933710099465
21252,5.72184411887411
21253,6.410464254574886
21254,7.6896435422284135
21255,5.661390483715984
21256,8.278769294655794
21257,6.621145890040722
21258,6.200267579303434
21259,7.950738944866936
21260,4.785001185151726
21261,2.008695024137615
21262,5.0950555831094135
21263,7.030999338063215
21264,7.577429076006695
21265,5.591224015000666
21266,5.697981836092604
21267,3.154360241016989
21268,5.46848228335573
21269,8.124796925655959
21270,6.112897663199108
21271,4.022659904653344
21272,4.25408644098502
21273,7.547925990395894
21274,8.153660975932807
21275,6.068592690472074
21276,5.282942902030231
21277,4.541305531395717
21278,1.5158223370248243
21279,8.55121723442718
21280,5.73684430099555
21281,7.8724164298150505
21282,4.3911166225757725
21283,8.022312944401554
21284,4.76533484876553
21285,6.183073001655713
21286,8.409607204986607
21287,4.1883047985751745
21288,6.500609183858085
21289,6.764341961206281
21290,8.97016158741831
21291,4.967847971211568
21292,4.778063093570531
21293,4.7180588594437545
21294,6.841606174605543
21295,8.20399399532818
21296,8.022708157721304
21297,6.87762873857902
21298,1.3522597840754915
21299,5.178801810767652
21300,3.7439803950901007
21301,5.095462988370814
21302,6.0440433082843015
21303,6.383778477563332
21304,3.689546413124343
21305,8.350927127691534
21306,6.233379552147964
21307,4.164973503725059
21308,7.40877753295021
21309,6.493787805658607
21310,6.517247516114057
21311,5.95932676636169
21312,6.5546175416180095
21313,7.158512712608167
21314,6.16614962922846
21315,4.607366278795164
21316,8.548797955176099
21317,3.2684221762188
21318,3.2339939739259598
21319,6.521423152044898
21320,4.022022770375793
21321,6.290196671071474
21322,4.445875016792636
21323,2.530402158247548
21324,7.3236750057251
21325,7.568219030465887
21326,7.954117857064879
21327,6.108697145451487
21328,8.100598557329487
21329,7.514774308699382
21330,6.42119007997571
21331,7.7124528404342065
21332,4.090890811654862
21333,4.1364474621454
21334,9.107590656233487
21335,7.500311873196777
21336,7.352743393469464
21337,7.406839467180711
21338,4.711507652853523
21339,2.887296662672621
21340,2.790081270332509
21341,7.380244310386985
21342,4.425819665420393
21343,2.4927217445354475
21344,4.040653759342261
21345,4.514964477975553
21346,4.638929379630935
21347,4.256918408660041
21348,5.271623989443635
21349,5.308660170091483
21350,6.662959012080156
21351,6.339954693603538
21352,7.862394476812396
21353,6.168707903421472
21354,5.561068479712185
21355,4.3579481272659795
21356,6.721411095672956
21357,9.331973293586934
21358,6.659194022813901
21359,7.6039593784965955
21360,8.579951982376256
21361,6.20871442793661
21362,3.008244711042907
21363,6.215320160444554
21364,0.5094509553575458
21365,7.015682197624846
21366,9.662300717839202
21367,6.445197100494728
21368,5.867010403545631
21369,7.083607652596314
21370,5.2035095005400205
21371,7.365133300459307
21372,4.994608358979757
21373,5.053641547252774
21374,3.5815680136786883
21375,4.3520343761531635
21376,6.411028180885974
21377,4.604099632188775
21378,7.216179573687539
21379,7.864354735590875
21380,6.1745522738433944
21381,6.973872298000121
21382,5.511159406975022
21383,5.265160956928161
21384,5.440185945339156
21385,7.195756669254074
21386,2.5661372077427638
21387,3.1760873406823302
21388,5.133035527466069
21389,6.52457839900236
21390,6.095657200222733
21391,6.699834073648923
21392,4.558304259995964
21393,3.692955915483397
21394,6.1924563737303995
21395,8.042733027132954
21396,4.801015619934872
21397,7.7391158670706695
21398,5.524477592098624
21399,6.855221975896079
21400,3.4036311838755626
21401,7.046538586400736
21402,6.0662719274640455
21403,9.1387102789021
21404,2.8744163090066936
21405,7.727184290284251
21406,5.659903138400545
21407,6.143217890103195
21408,4.753719139365591
21409,1.8117376741759519
21410,5.745089171395489
21411,8.915112007225511
21412,6.235830774315774
21413,9.031832420072247
21414,6.6953500564576505
21415,5.41707939899301
21416,2.689754242070882
21417,8.296028186057034
21418,7.2853289630368545
21419,9.320392252500323
21420,4.448736890545274
21421,4.186583091323804
21422,3.9114241621755594
21423,3.523621079822908
21424,6.823205369508507
21425,3.7217610873594156
21426,6.934601713021456
21427,5.547393340347773
21428,5.940976639852526
21429,4.121872566758675
21430,7.399829211131878
21431,2.2127734865618427
21432,8.140699524884484
21433,7.725154704876271
21434,8.765131439098429
21435,6.08411704501194
21436,8.33544793107182
21437,9.41227120531046
21438,6.623973115807255
21439,6.657962756251436
21440,8.51661927222629
21441,6.140354597312598
21442,4.072390363837044
21443,4.124312351432639
21444,6.280584718641505
21445,5.847908808754026
21446,6.003418741467227
21447,4.7280122882430256
21448,7.131985403188842
21449,4.8725450486299975
21450,5.1991026464306245
21451,6.193013671717406
21452,8.422284383374082
21453,8.720204692032137
21454,5.2372508130968844
21455,6.569085647850008
21456,5.188374122491724
21457,9.360635637835852
21458,5.8806530114182465
21459,3.8958683370847087
21460,3.7767802214859567
21461,7.065003776678271
21462,3.960083370947661
21463,8.541636377156024
21464,6.755105825141804
21465,7.9900044906037415
21466,4.419199812158814
21467,8.720124943827425
21468,5.608647976212551
21469,3.7048149197264277
21470,6.330277034140991
21471,4.498270601560783
21472,6.711305214076572
21473,5.923410405025078
21474,3.8558920096069307
21475,3.4961410064537786
21476,4.581236521685735
21477,4.132804055966197
21478,5.424795249620486
21479,6.78983912297678
21480,7.1369433677282395
21481,4.392291326856766
21482,7.756752519696657
21483,7.785125431656047
21484,7.1416107791966414
21485,6.073215154464134
21486,3.9698500648590436
21487,7.758802403920831
21488,2.6788364268397205
21489,5.88542300274179
21490,7.146276629338466
21491,8.376170773743848
21492,4.668674645076122
21493,5.944173468549758
21494,7.811616070470422
21495,6.820547368252025
21496,4.646031985992895
21497,5.588732168563938
21498,7.766933064660013
21499,5.238166401483973
21500,6.025497039199031
21501,5.6026405614297605
21502,5.872797625118548
21503,5.162216188380472
21504,7.037436220173485
21505,5.056368333088412
21506,6.027007429766211
21507,4.8351784475238375
21508,8.835284656856102
21509,6.623542481829512
21510,7.536666366631012
21511,6.139522037613263
21512,6.466539243704672
21513,6.133030305494243
21514,9.012950538857076
21515,4.319939275088917
21516,7.086473053334759
21517,5.021013503515616
21518,9.28617344086182
21519,5.9460254398802626
21520,5.301496141129246
21521,3.9566301920429856
21522,7.105420398624812
21523,9.84133217016918
21524,6.958065352097577
21525,6.654146984583356
21526,4.539149590687857
21527,5.73011855705753
21528,7.783668876230331
21529,4.993222204095606
21530,6.40424416785894
21531,4.825488222762893
21532,9.815996279924171
21533,5.086468368173618
21534,4.089397092912442
21535,4.141786571134606
21536,6.346841398692208
21537,8.712030144422751
21538,1.8144726956939994
21539,4.032261461221221
21540,3.5754350286529144
21541,6.1697544715476305
21542,6.33997388986406
21543,6.3907357054386065
21544,8.60878568911821
21545,4.9451582014524975
21546,1.9964590830683164
21547,7.069902879449683
21548,7.727255529288989
21549,5.038439491909976
21550,9.109882963314806
21551,6.683853160039839
21552,1.9009623803503424
21553,6.5464271972753005
21554,3.194215843140946
21555,5.630219175567725
21556,7.094275050666782
21557,6.791144531834257
21558,4.001762295677035
21559,3.084210669612845
21560,8.723410185863832
21561,7.849876305876205
21562,8.212733380616115
21563,4.640693415959085
21564,3.6336647968089206
21565,6.0885450185984755
21566,2.7662134335557145
21567,8.996468504384016
21568,8.121890179107506
21569,8.256397605184901
21570,5.964777939885636
21571,5.253551155737194
21572,8.614949088629166
21573,8.983400494877902
21574,4.161747655093663
21575,2.9783102042230416
21576,8.114961584397754
21577,9.099893467297345
21578,6.974526275595
21579,7.140295246642836
21580,5.892861367391408
21581,4.440276735478577
21582,4.973298290067826
21583,6.257429196668132
21584,6.010276761265297
21585,6.229463148308202
21586,7.009181412534481
21587,5.590741627337524
21588,3.678836127734786
21589,6.247995778994394
21590,4.5549961871841305
21591,5.89466931079943
21592,8.325089371163413
21593,8.450328916425256
21594,2.9355336841425115
21595,7.105847823683714
21596,5.648753478256516
21597,5.187314417213672
21598,4.666789231154608
21599,4.089668017413163
21600,7.763826769922652
21601,1.9430294201234992
21602,2.812722839963505
21603,9.259548178614835
21604,5.1899546836649675
21605,7.698368905418568
21606,3.4951169466811436
21607,4.818991391388902
21608,7.586865693583848
21609,4.173200232315625
21610,5.758297436605624
21611,5.617848073221843
21612,3.936187366842508
21613,8.405411663819114
21614,6.302219605254642
21615,4.573617352531772
21616,6.134394837487027
21617,5.450854014091458
21618,8.995297143098561
21619,9.267644740740193
21620,3.998418433486283
21621,8.685390239299618
21622,5.800663262175524
21623,7.901417478222633
21624,8.965111254668564
21625,6.769165429724348
21626,5.139202976597117
21627,6.255231222797169
21628,9.897623153349624
21629,7.345202598967335
21630,9.20977999459748
21631,3.5274207533638586
21632,5.458229952146697
21633,5.918059052282825
21634,2.651835377749949
21635,5.844733381324961
21636,5.320147270502785
21637,5.254042440627795
21638,6.50798169008965
21639,7.849816662469989
21640,9.417403207394337
21641,5.030754460312993
21642,7.865688929599877
21643,9.24648498567177
21644,4.486565465558505
21645,7.615591514977091
21646,4.53794598897761
21647,6.402396539418149
21648,5.669787725695131
21649,7.927945508814297
21650,2.8545017999881575
21651,4.202358695115488
21652,4.114794246113153
21653,4.601900232073911
21654,2.7692388172558315
21655,5.224980170989806
21656,7.710095536382138
21657,7.556074442121817
21658,7.393810386286177
21659,4.034608159240053
21660,7.337104824998692
21661,2.472552420245087
21662,4.439010187293281
21663,8.108746574485016
21664,3.4990117542030568
21665,4.8286974646927945
21666,2.27185347570696
21667,6.5750374695115195
21668,5.800804761274931
21669,9.105325960446137
21670,1.6908155502108602
21671,6.777152509111326
21672,5.206217615801931
21673,5.764014074341461
21674,3.8905258710385544
21675,4.92346046682603
21676,8.085130116496137
21677,3.8904749013711317
21678,6.39499561284391
21679,6.435340495128919
21680,5.026901217376331
21681,1.62666209079249
21682,7.36400611584613
21683,6.442648617269951
21684,6.085126189714326
21685,8.030781716091328
21686,5.487450361045639
21687,5.872623770854847
21688,6.930430772088221
21689,5.859597752978601
21690,8.71182115421318
21691,3.55749342800949
21692,6.3360105278971695
21693,4.175786764536469
21694,7.654159860587093
21695,5.475277173691006
21696,9.814338273960967
21697,5.012573938252812
21698,2.2811701424194317
21699,8.235413929180735
21700,5.754840015191077
21701,7.926183436613902
21702,3.5157472928323434
21703,6.267505110752094
21704,4.384853014870081
21705,8.741328842868569
21706,3.462182948719261
21707,8.630803245819699
21708,5.836976210392262
21709,5.437562224460402
21710,9.271281929571488
21711,5.124086651356979
21712,4.01143926179553
21713,5.514084730965884
21714,4.784019189424209
21715,4.622478589754142
21716,7.328270166991949
21717,6.715366791926215
21718,2.3831833554711297
21719,7.928125104067943
21720,5.206903385072846
21721,7.2007590627186335
21722,9.39544769512143
21723,6.389332715397051
21724,7.77669165794875
21725,5.726325041230481
21726,9.105451903031133
21727,7.052874367223292
21728,5.264343122101127
21729,5.6481448150375755
21730,6.161494407738134
21731,6.683003530667142
21732,2.1362232880124896
21733,4.430390730202946
21734,3.6548559126687525
21735,7.20949908239421
21736,5.891931735278876
21737,7.438474851180768
21738,1.9422740087146302
21739,8.373867185877403
21740,8.965534006999777
21741,7.18673304604032
21742,4.05179730955356
21743,5.732526305557153
21744,4.422430218899416
21745,5.5992300255476035
21746,6.204016687960479
21747,2.995402936642141
21748,9.946504024134668
21749,6.838472651359448
21750,6.575826999526948
21751,7.023700716330435
21752,7.482866397883038
21753,8.62606336309361
21754,7.552504058247067
21755,6.785822377376872
21756,4.35706656469048
21757,4.360432315145458
21758,6.2629653159731475
21759,4.8527864550964095
21760,7.894984400018616
21761,5.06957590242974
21762,6.430511936388289
21763,6.160231552588215
21764,6.315094553383126
21765,6.1160090205620214
21766,6.9293028484038235
21767,2.9419073228180705
21768,6.87472134394607
21769,5.063719682659144
21770,4.294766123862893
21771,2.9671626532752047
21772,5.9070801344526265
21773,1.7901251197415888
21774,2.5615590044529686
21775,6.035481254348811
21776,5.350364804533475
21777,5.558051738729315
21778,6.042702702326788
21779,4.222333555127802
21780,8.249875467290144
21781,3.295249659553512
21782,6.402040492076029
21783,3.6519750831992104
21784,7.347520354295491
21785,6.7617910150462635
21786,5.573940887644938
21787,4.769869956247762
21788,9.391359391014234
21789,3.5373913063738387
21790,5.400834731797234
21791,5.380859622493701
21792,7.266067959284493
21793,6.450023586043566
21794,6.844296795868832
21795,9.669632438889451
21796,6.3366255339519455
21797,5.430588943029001
21798,0.7647904452768061
21799,5.290042485512572
21800,7.075490525979134
21801,3.0584285549860875
21802,4.471962696816947
21803,2.2283287348079197
21804,8.089102931995608
21805,5.318038431536799
21806,6.353791121249685
21807,8.346406131943208
21808,3.1273180845914754
21809,5.2380735359857145
21810,3.4188912060444627
21811,6.939927447114767
21812,8.029082169958574
21813,9.634633500016612
21814,7.430605376328147
21815,9.001532217773612
21816,6.407939247566992
21817,8.732578602184159
21818,6.162091568241333
21819,7.400105984428636
21820,5.563575620659007
21821,6.90630703279275
21822,8.051479842540065
21823,7.431801412997873
21824,7.69618994902533
21825,5.742992022429728
21826,6.548866035741656
21827,8.19653200253295
21828,6.293414696810013
21829,4.248869323775438
21830,4.396732656794502
21831,3.5232208760678363
21832,2.4413535803463535
21833,5.1391400443196815
21834,5.393487715316968
21835,6.021960709936163
21836,6.005466492811516
21837,5.037536767651199
21838,8.754565937374052
21839,3.2559023946632886
21840,8.145354761882752
21841,7.215832941628939
21842,1.0088416993800307
21843,9.581546931298464
21844,8.169532719003731
21845,7.318196256767385
21846,6.840964458859668
21847,5.992727899069091
21848,3.2146954982028166
21849,5.507550109679785
21850,3.561010041379846
21851,4.027982131010302
21852,6.304932660420129
21853,7.143721671112845
21854,5.038998542680291
21855,6.053141015442037
21856,5.380963414678639
21857,8.097576408659242
21858,4.584326153405339
21859,7.729231023324689
21860,7.082036530190581
21861,1.887281863177956
21862,7.990382714919774
21863,3.76111241017465
21864,8.845319509821989
21865,7.071549500210827
21866,9.99847159053989
21867,4.124687999827638
21868,5.658020709251311
21869,7.645662463897587
21870,5.458199081902595
21871,6.3063386371120815
21872,5.164806452095367
21873,6.976451379762232
21874,6.9146085483629705
21875,9.069739830499465
21876,5.467798520700583
21877,5.6589133618412735
21878,5.283368311787878
21879,6.285303285087863
21880,7.8094886434349
21881,5.214800201347845
21882,4.842021303191467
21883,5.4058441284793854
21884,6.77876436126952
21885,9.067013686834759
21886,3.501030128406839
21887,3.9890660260570714
21888,7.6579421048102905
21889,5.570309691895315
21890,6.264513853931413
21891,5.733576531068401
21892,5.568336821465458
21893,5.862355779843392
21894,6.451473445234427
21895,8.457014378482127
21896,6.108549846092059
21897,4.938594738424319
21898,5.907757682756568
21899,6.739128038590822
21900,3.866855786585914
21901,4.631637477534786
21902,4.92114331783446
21903,7.981181591384746
21904,3.98530802817945
21905,7.680695618621867
21906,6.268647329826656
21907,4.757534364811882
21908,8.251731267279608
21909,5.755993159381912
21910,4.217672666039002
21911,4.3728354768682784
21912,4.950271246763732
21913,7.9196158403585475
21914,9.593834983487888
21915,5.801233083192624
21916,6.6718502410018665
21917,4.909998907591227
21918,5.723080613638038
21919,8.608296862141238
21920,9.74699647555861
21921,7.810338451668775
21922,7.559199115152948
21923,6.628684876700753
21924,6.854492774888012
21925,7.116627780503119
21926,6.312309699117508
21927,5.666911569756808
21928,7.271018109062018
21929,8.551406291882403
21930,6.0918771495199335
21931,9.162173213508204
21932,4.882039879526072
21933,5.440549558565083
21934,3.088967715559769
21935,5.896983305616155
21936,7.394656022944607
21937,7.42070855505973
21938,8.811953801580783
21939,7.615541446501801
21940,4.592409226040123
21941,5.720836056632008
21942,8.948024987738751
21943,3.945813332339406
21944,6.064270957074646
21945,5.918842277086066
21946,5.991776229366364
21947,8.445189588119751
21948,4.700278512871641
21949,8.528604540993111
21950,6.174740257319531
21951,7.972531580733003
21952,4.074719616718426
21953,6.3146692118375185
21954,2.7568903883113975
21955,7.885588306845738
21956,5.237640987417879
21957,9.11577057942784
21958,7.735846186218492
21959,5.2496195509937715
21960,4.996104645461513
21961,5.090079640387803
21962,7.3890718469555114
21963,8.790876519367947
21964,8.515925273835881
21965,9.781838495092
21966,4.9301611731385435
21967,3.689003800120277
21968,7.998266648876172
21969,8.91967322573273
21970,5.896977687140429
21971,3.4747626491949823
21972,4.758856496576825
21973,5.853389320942263
21974,8.066975472589549
21975,3.249635289778463
21976,7.331123117897958
21977,5.153458873857196
21978,8.815738498851431
21979,5.33975435183422
21980,6.509911242862714
21981,5.0079890107581715
21982,5.778553208405858
21983,3.115983203590743
21984,5.6334318795736955
21985,6.985849931138299
21986,9.01915059502348
21987,4.198116663614145
21988,7.0311325211170095
21989,8.592369111662881
21990,7.946151451069915
21991,6.628572334151648
21992,5.342779132061699
21993,6.0850734541694305
21994,2.9774980684632766
21995,3.4566925374886672
21996,5.70860961653368
21997,3.068991137147867
21998,5.792761086423408
21999,5.132884614298476
22000,5.364999255302405
22001,5.087271134249294
22002,4.782158835772603
22003,1.8272841569377087
22004,5.427000701100376
22005,7.155059776769864
22006,4.830903982456144
22007,9.455388816051704
22008,5.5110885055687575
22009,6.773246603571736
22010,2.7839665457071527
22011,6.403264992596004
22012,6.537902857050247
22013,4.811605031846147
22014,6.756075062404834
22015,5.773161418320136
22016,5.612589738578053
22017,4.896643375698643
22018,3.9036937136183303
22019,3.614928809557695
22020,4.295473511589599
22021,7.634765502895467
22022,7.385011592589427
22023,4.084900899717024
22024,3.674116266242028
22025,5.561461351474135
22026,3.431972613070073
22027,8.846083091361525
22028,8.47205178497315
22029,7.503670758602889
22030,7.669584620859681
22031,7.535357351174332
22032,4.2276636574921795
22033,8.040040712096346
22034,5.18226630610837
22035,8.777861628300009
22036,5.392876446676985
22037,4.96765776242161
22038,5.580152767361481
22039,4.466965589279118
22040,8.044012894387308
22041,6.031423632693912
22042,2.7661107678682484
22043,6.630101195927696
22044,8.853780322461866
22045,5.33473443997643
22046,7.740462041383984
22047,5.410926396641105
22048,8.024544953785352
22049,3.4351319258779576
22050,5.359695620426786
22051,3.403869780635349
22052,6.811338900644207
22053,8.870485082053095
22054,6.4529896339965855
22055,8.046620171419086
22056,6.4455743805309575
22057,7.9778253515885815
22058,4.257647019042509
22059,5.6186226208511805
22060,8.150345967231011
22061,6.075696523773212
22062,3.575997082363923
22063,6.107962268985297
22064,7.607475642849009
22065,5.185445086950443
22066,3.923988037274394
22067,6.955165306390061
22068,6.48773860491634
22069,7.071735060571479
22070,5.151662228848624
22071,6.491151539229908
22072,5.741183150206548
22073,8.239975249492066
22074,4.837596959673711
22075,5.725338080665315
22076,5.758148444513145
22077,9.32752947681415
22078,7.1603503675435425
22079,8.566284191414143
22080,5.239999827621633
22081,8.65652687475424
22082,3.1413406542722866
22083,9.14509384636954
22084,2.18806753874779
22085,3.7998311961283164
22086,6.34783059652062
22087,2.436286593964423
22088,6.00045186090977
22089,4.64714929193809
22090,5.814370833942973
22091,6.9894459187764335
22092,8.778878823313237
22093,7.219095300795378
22094,6.7563811856383165
22095,4.946662712966894
22096,7.25164379854068
22097,5.875485023260534
22098,5.903884861195959
22099,8.298373758309841
22100,3.398247363385834
22101,5.400898781887138
22102,8.345725070604782
22103,8.518158565975142
22104,1.5835484752475066
22105,5.442117541587353
22106,5.117256087750903
22107,7.180236485984315
22108,5.757510814273226
22109,3.693190233861139
22110,5.547196556220374
22111,4.229797560645444
22112,6.03460883724451
22113,6.0834809507282745
22114,7.83612425385657
22115,6.526909228754024
22116,4.181190901571444
22117,4.965050896496006
22118,7.584729390936733
22119,4.961918357265917
22120,4.527864168917004
22121,7.445995100810336
22122,5.960889117823664
22123,4.575703116380987
22124,7.081484100679078
22125,6.075777221603227
22126,6.1747969086973455
22127,7.506904923390808
22128,4.028099602902839
22129,7.579251617458587
22130,6.912599474733749
22131,5.29501729716287
22132,4.982607331940588
22133,3.582454504972292
22134,5.329534994662739
22135,6.72954244589456
22136,4.905653727257702
22137,4.461368297027304
22138,3.9302872596914096
22139,6.144662066718818
22140,7.406568813742112
22141,7.823732978059866
22142,5.360127024452533
22143,7.288106601407474
22144,8.105036421144195
22145,4.893984652383388
22146,3.2062694298745096
22147,3.9608936119365703
22148,0.9769511925241792
22149,6.3540206462375615
22150,4.61489866167021
22151,2.725353417629771
22152,7.7142855370108485
22153,4.220887764217511
22154,4.239556035702483
22155,5.804025346999536
22156,3.224906554411977
22157,5.775935712207797
22158,8.70992226985064
22159,6.607614172385009
22160,9.107325958032426
22161,6.101282705456288
22162,5.3998370545431005
22163,4.473794923146832
22164,4.613675877300445
22165,6.772427338670885
22166,5.446865180505933
22167,7.987178097872301
22168,7.70633781991585
22169,3.7518324452170533
22170,4.4861206960372755
22171,5.2597223272242335
22172,3.4412482739109738
22173,5.011008292811242
22174,5.39200916115832
22175,5.6901037414274365
22176,3.9025002597259304
22177,1.98471958143045
22178,8.270915182390008
22179,6.818810190956844
22180,8.485279002443962
22181,5.17016378267116
22182,4.524478790724318
22183,6.777180502195045
22184,6.37709177771118
22185,6.541494526624408
22186,5.880591698989512
22187,7.575722481176232
22188,6.980472897532538
22189,2.572341125051752
22190,5.677478768963498
22191,4.593446290904341
22192,5.797199369954161
22193,7.257712581842459
22194,3.8300712246724036
22195,4.603870152769279
22196,4.740884667223026
22197,6.279877185184756
22198,6.767025137897148
22199,5.239697557428825
22200,5.035865631287085
22201,5.414722241442088
22202,3.8819256399199293
22203,8.970673803784672
22204,5.002856605147645
22205,5.518735992506526
22206,7.969749135541747
22207,1.987519205215432
22208,3.4910399413450808
22209,7.1959633095589215
22210,7.963764231092636
22211,9.195817996309076
22212,4.402672488952571
22213,6.131455087274373
22214,5.278574600693582
22215,6.959761482283074
22216,7.418389237018787
22217,5.119604668202104
22218,5.604495794667468
22219,7.886334440888083
22220,1.349401732897959
22221,7.40811364735554
22222,4.759963963305154
22223,6.907587498276445
22224,3.420948490747473
22225,4.544404456328502
22226,5.201750783321382
22227,3.0601611052195685
22228,7.384053555762902
22229,5.609087617190145
22230,5.495447958697108
22231,7.704484133259781
22232,6.3657806466766225
22233,8.757557138781099
22234,4.847324871392878
22235,7.236404594410629
22236,0.7203529563135939
22237,2.1162857609033243
22238,7.141245642673123
22239,3.920320412379404
22240,5.805134489268982
22241,7.347900853721564
22242,5.737862862384598
22243,5.217589109515263
22244,5.577531131678137
22245,7.417171591656762
22246,8.067932223016385
22247,6.197554678295781
22248,8.705445519483725
22249,4.883432420614705
22250,6.310227257602498
22251,3.2442869882818277
22252,4.36141563479877
22253,8.687208049662079
22254,8.92217845803011
22255,6.88689084529485
22256,6.432176948799457
22257,9.22256307059048
22258,7.0748545205090565
22259,1.6877896183340648
22260,1.9747738178558119
22261,4.853851044425982
22262,4.566808925319561
22263,7.017772113540525
22264,4.391618497981929
22265,6.869213971646865
22266,4.829226755094443
22267,3.7049066888918105
22268,3.434057092950055
22269,3.9159869444005952
22270,5.824762894743175
22271,3.8518306278779253
22272,7.070207525188466
22273,2.3661365743015157
22274,5.407050995610343
22275,6.790618380200818
22276,7.2914576988089905
22277,8.736092949197205
22278,6.872710194564268
22279,2.348780803175168
22280,8.500948282075402
22281,4.584543762419131
22282,4.1773054320923535
22283,5.70649979744732
22284,8.700560764201532
22285,6.170440966803084
22286,4.979882249677368
22287,6.214189499273463
22288,7.719132795443161
22289,9.015448970467435
22290,4.0732662681905225
22291,4.427082363607468
22292,9.499032333154446
22293,6.138170096913471
22294,8.246243537823194
22295,10.0
22296,3.017326546043032
22297,4.197756181830258
22298,5.689388804711337
22299,6.108731910747999
22300,3.479683851350717
22301,8.712646669055928
22302,6.143098333610236
22303,5.750676653693123
22304,5.4641600805567485
22305,6.764970565669475
22306,7.77691822049936
22307,6.562598550164697
22308,9.359300908308875
22309,6.3760889388227255
22310,9.469941203778475
22311,4.589869808995503
22312,5.809387859760786
22313,3.2124081073989195
22314,6.390220764600264
22315,5.734839958004986
22316,4.345173683854442
22317,9.140640692767342
22318,2.5569191673516656
22319,5.083917572234297
22320,6.040853415270021
22321,4.539676270036065
22322,5.3815074937819105
22323,6.250539973782452
22324,7.160661507510847
22325,2.7479517853563946
22326,3.5407865498926605
22327,4.144831539260199
22328,5.691638457669304
22329,6.395390623639878
22330,7.128104199897859
22331,5.082455061367087
22332,4.073238987261063
22333,8.164653061689705
22334,9.219278697209294
22335,6.148913070923641
22336,6.244209156531003
22337,6.200610587666883
22338,4.650346671830363
22339,7.550805140771134
22340,9.251198185542432
22341,3.442212745383277
22342,4.6217111959119785
22343,6.7953009209179545
22344,5.095068914457116
22345,7.75479489372782
22346,3.5082301265936193
22347,7.758467424798999
22348,5.4932084420545895
22349,6.607406824753703
22350,5.910686273610198
22351,3.285968175833589
22352,6.520733354197968
22353,6.761185492110364
22354,5.560729774461963
22355,5.331506312589282
22356,7.100468558649802
22357,6.4236416307218605
22358,5.2191850315683554
22359,6.0802678879778025
22360,5.983581419983162
22361,2.756200668543638
22362,7.675412393972993
22363,3.9190591849438947
22364,8.66686864592393
22365,7.927031631378205
22366,7.5766046696835545
22367,4.994818962135228
22368,4.85383743224735
22369,8.850636625852704
22370,3.132697417382726
22371,7.164859955334299
22372,8.254053226059398
22373,3.2090285840145696
22374,7.4339911577745506
22375,4.605688979086725
22376,9.026999349957105
22377,4.745771654984457
22378,3.47938376272135
22379,8.241202967927128
22380,7.359979336325935
22381,3.227580880080561
22382,7.462122144672053
22383,9.237765832724648
22384,6.43013369315225
22385,4.526883988065512
22386,7.765766237950009
22387,4.217419344676703
22388,1.2629980091340693
22389,7.361252959723238
22390,3.1001612006703922
22391,4.844857571525894
22392,7.18686433012127
22393,6.836186755121897
22394,9.443335859345027
22395,6.428867807539319
22396,8.506526664662257
22397,8.492060323463177
22398,7.097545339964259
22399,1.7104086124154434
22400,5.248658473588119
22401,6.71921037760189
22402,8.876155104472153
22403,7.027268218581909
22404,6.829345276234609
22405,6.746369872430693
22406,9.021881244966298
22407,3.566218113576665
22408,7.7334466429488975
22409,3.8364524013550394
22410,4.914061100002124
22411,2.6691705022400436
22412,8.18825060104118
22413,8.171937908523322
22414,6.903007957243771
22415,2.426741563043848
22416,4.987828974031887
22417,8.837744409860624
22418,6.435737827883328
22419,8.239194646163586
22420,6.00618596062307
22421,5.744127036444942
22422,4.387667635437701
22423,5.081330927162551
22424,8.25784277891543
22425,3.902389982115176
22426,6.782592043129607
22427,8.136820125286441
22428,8.35012400487414
22429,3.9770511166931444
22430,7.428045207613622
22431,4.71311076197834
22432,4.652967281607995
22433,3.3093603029288405
22434,5.999406803666931
22435,4.796430358150852
22436,7.160461322390395
22437,8.833918581622727
22438,5.375689432464096
22439,1.47317705454432
22440,5.935462952999501
22441,6.791959618977899
22442,8.915192979313883
22443,8.458109163699444
22444,7.543817246876383
22445,6.195490515955539
22446,4.256489468416424
22447,2.7041926972379353
22448,8.309749732754101
22449,5.745457287153285
22450,4.476940365659964
22451,7.1587190139321635
22452,7.159341960667012
22453,5.221964034575184
22454,4.3829351620309716
22455,2.887813507679166
22456,6.609026712785422
22457,6.451358878266739
22458,4.912940287862509
22459,3.7125499625663005
22460,7.336747284260266
22461,7.193945288696769
22462,2.9974712844748037
22463,6.759273963533278
22464,6.7130373237110526
22465,4.942866714414045
22466,8.444730600095285
22467,4.4505358542243085
22468,5.29697610181136
22469,7.738534621823701
22470,6.318096245318093
22471,8.294249547030741
22472,4.793007021916762
22473,5.0550732488566155
22474,7.214501846276736
22475,2.0606143971388837
22476,8.731693522475297
22477,7.2461107270869825
22478,7.9554489197316975
22479,6.875981184281365
22480,4.32256012703572
22481,8.507763391458841
22482,4.510559747056163
22483,6.404109350718747
22484,5.723562777165928
22485,2.601545830151114
22486,3.1131029714824785
22487,7.379538652423582
22488,3.7508634919532238
22489,5.105433988040559
22490,6.288052018510637
22491,6.792571087285589
22492,8.190363109921432
22493,6.703547551911379
22494,5.791536217471533
22495,7.753285896573592
22496,4.081433908716257
22497,8.37051124358263
22498,6.02136249567076
22499,8.44954178746032
22500,6.406283045271323
22501,4.316725369907301
22502,3.1274887767077093
22503,8.63977827781658
22504,3.476002891570734
22505,4.935573992221609
22506,8.24378883249641
22507,2.8065084238301514
22508,2.565979404451819
22509,5.702155227656247
22510,6.3635144177942
22511,2.505117649809036
22512,6.879737686543183
22513,4.385879326216294
22514,5.912951172299011
22515,8.865290398992384
22516,6.2185452500586775
22517,4.7920580045184025
22518,6.5625431957760165
22519,7.779324552583912
22520,7.07608923865026
22521,5.017812528731719
22522,5.711478949502885
22523,9.402408208177858
22524,4.437943547536357
22525,3.432624640316466
22526,8.16518766548415
22527,5.463606746865787
22528,2.2319608207478447
22529,7.363891406835487
22530,4.881869167043892
22531,7.37169697113584
22532,4.647795306558869
22533,5.172277489396483
22534,7.208068258874711
22535,4.4139702810058825
22536,5.148504700406125
22537,2.4493547894607453
22538,2.586762133879204
22539,5.023191427157576
22540,7.710396670279704
22541,8.186442017096292
22542,5.414597902569085
22543,6.4690381826199905
22544,6.987296393983462
22545,6.738040824434087
22546,7.227584895385749
22547,5.890169940084169
22548,5.352836299113725
22549,5.832914647770241
22550,6.214232131601044
22551,7.039265763485442
22552,7.389253784588478
22553,4.320294266349697
22554,7.338641115023684
22555,3.953362509058218
22556,4.843286918689239
22557,6.209879557692876
22558,7.935155732674877
22559,7.624248041473308
22560,6.279915448094307
22561,2.4661919476767906
22562,6.55643410630528
22563,3.9735811291080183
22564,7.474447664850965
22565,7.1248911660859235
22566,4.277564094842312
22567,5.0706432184279775
22568,7.758634626069798
22569,8.976597257220824
22570,2.660799084526499
22571,7.12453759462688
22572,4.562553894830956
22573,4.5493455686055855
22574,5.955832298814517
22575,7.86634845979878
22576,5.422121989163392
22577,3.6158652021765967
22578,6.305041014437409
22579,5.590023804015873
22580,3.8332861737896744
22581,5.938396447915771
22582,6.168149187362589
22583,2.6527164510474117
22584,2.8654187917570324
22585,4.776805238440877
22586,3.9444047950369816
22587,3.675026819636273
22588,3.3974377118679273
22589,5.3395139289847
22590,6.021549702954362
22591,9.249820398314949
22592,3.4116604021993813
22593,5.6285695054702085
22594,8.066884997545765
22595,7.339837694957106
22596,6.562083621003477
22597,2.5237829781734025
22598,7.108262374637889
22599,8.117093316745825
22600,4.756653923581245
22601,2.751073480690625
22602,5.172085699566425
22603,6.752287398668907
22604,8.196124617620557
22605,6.285139640914327
22606,4.689729915932507
22607,6.544039219193159
22608,2.6588199889566586
22609,3.790440060853217
22610,6.209620896019677
22611,8.633653038536622
22612,5.289581875869893
22613,4.453981085237588
22614,2.5137344983838346
22615,4.680963212973387
22616,7.54516617793727
22617,4.707817606157493
22618,5.749272540346519
22619,7.9423170175347675
22620,4.5804081347574
22621,7.076548139454119
22622,7.905028156131321
22623,5.273089958475225
22624,4.503507583770385
22625,6.228817580590642
22626,7.0406065390658625
22627,5.992983285113562
22628,8.441584039453769
22629,7.724418074749902
22630,7.1101258475083196
22631,6.446814919951013
22632,3.08681678485467
22633,8.244428463191033
22634,9.191330454515786
22635,7.938944801542556
22636,8.121195129522548
22637,8.597635117100568
22638,6.493621030528162
22639,6.226187067875189
22640,3.8776222724331553
22641,6.983985171374224
22642,7.1454616438402
22643,0.7917169213956268
22644,7.976682838359968
22645,5.012342542936553
22646,6.751985713436156
22647,2.647487207241147
22648,5.564667716813823
22649,8.067389893388523
22650,8.197632123781943
22651,2.0228186886075785
22652,6.772828056114653
22653,5.027621105639439
22654,3.9694207647582784
22655,6.328498239214181
22656,7.768873997843723
22657,3.4285978116202713
22658,5.128258012049911
22659,5.47467681011106
22660,3.69985112889081
22661,7.047220941456396
22662,6.063241844308854
22663,8.117342527044844
22664,8.156789551526105
22665,7.469639875919622
22666,5.29159095734896
22667,4.7686568105540195
22668,8.040538718667566
22669,4.915159180110148
22670,6.141189291640488
22671,7.503894640340448
22672,4.747317320670161
22673,6.33166900797074
22674,7.922486808116773
22675,4.345233585770849
22676,7.411146017716601
22677,4.208286990189446
22678,5.335028677051724
22679,4.952382359654154
22680,7.1127160961222895
22681,2.9023806999056267
22682,4.533209802041197
22683,9.220775242005253
22684,7.503920529836908
22685,6.031340696739386
22686,3.406258720208492
22687,4.8835528542246385
22688,4.12144273550458
22689,5.91551834260663
22690,7.236279941264205
22691,5.075950135496051
22692,4.527358163163401
22693,5.034255317168649
22694,7.39202693574621
22695,3.0335322202706814
22696,5.198356875236618
22697,4.288702170595545
22698,2.509098060348355
22699,4.3666506313578415
22700,7.7368840797426195
22701,5.358051188974205
22702,6.312618895005613
22703,6.186686270943264
22704,7.178916914517156
22705,4.600456997177422
22706,5.562250630847489
22707,4.691834526454872
22708,4.795473458380843
22709,8.197426307872012
22710,7.926337234970046
22711,4.8143225026977206
22712,6.039563456588866
22713,6.968018272797582
22714,4.802437959234865
22715,5.899022084441392
22716,8.011995774832373
22717,2.9238678075316704
22718,7.6749766923991665
22719,3.536162842559903
22720,7.978031138860972
22721,5.58104233117924
22722,6.893912571483321
22723,4.587677001137205
22724,9.258028065147226
22725,7.034237187878965
22726,6.025621691994008
22727,6.706074939800059
22728,8.507706223511875
22729,1.467574113177986
22730,6.0602788076702225
22731,5.221482288292037
22732,3.7032232515899377
22733,8.458944472223003
22734,8.264092940308586
22735,8.965893649825938
22736,7.263733883902992
22737,6.045312440433455
22738,6.989541436751475
22739,3.993208946731266
22740,5.0665488810174795
22741,5.821649283982794
22742,4.923411115577444
22743,7.422430766175978
22744,3.6176858435474397
22745,7.371476414408578
22746,2.358490872379613
22747,6.7520724365708
22748,9.037080192260085
22749,6.269379708741334
22750,3.0358272448037
22751,5.996239300819703
22752,4.126354860946156
22753,5.0106906365203905
22754,4.796009056507299
22755,5.720126074688537
22756,4.207905323682138
22757,6.425353227917247
22758,5.257482539429638
22759,4.031290187384696
22760,7.918733991972609
22761,8.305967871766754
22762,8.366339852533988
22763,8.158341610177372
22764,8.025858660594302
22765,6.226874255864235
22766,5.87060387022487
22767,6.0598710798381115
22768,6.388962431217973
22769,5.291639579466964
22770,6.847660180927301
22771,4.2463366558375455
22772,7.295642258760889
22773,5.419535795919499
22774,5.130987149810755
22775,6.875941198106322
22776,6.467261229195932
22777,5.2219107428125575
22778,7.778251354005079
22779,9.415705330112303
22780,4.970404122317982
22781,5.427496037791547
22782,7.011244207341193
22783,7.317986499168219
22784,4.304269026092749
22785,3.343416068043907
22786,7.078812723001548
22787,9.593587685580108
22788,4.615989662306816
22789,4.907351159168441
22790,7.017947944129441
22791,9.102448612810155
22792,4.629981488775554
22793,4.7212088886682295
22794,6.132360345045698
22795,9.661562231740868
22796,7.148349683834773
22797,4.273079410217903
22798,5.806594638494502
22799,6.838189149069791
22800,6.094928918923497
22801,7.605736118442409
22802,6.477937817791661
22803,8.388437206126246
22804,5.86058254293394
22805,9.346715669645356
22806,6.146883358000581
22807,6.962839004587771
22808,5.11150222996036
22809,6.04189836186398
22810,5.123500200154256
22811,4.899880713739261
22812,5.457829870167092
22813,7.172957789271135
22814,7.048530092743763
22815,7.401289534776431
22816,8.46069722266289
22817,3.0741319805549265
22818,2.6029610424625367
22819,4.283307714808074
22820,6.100646724342058
22821,7.029067620379226
22822,5.54343597785967
22823,7.563680815464916
22824,7.541760593397761
22825,6.100473523563264
22826,8.690127046311634
22827,7.720079654408735
22828,3.2802361907235325
22829,5.768716494271028
22830,4.197656097551433
22831,4.160583505488673
22832,5.911366132286834
22833,4.289568187394071
22834,7.973537873325759
22835,6.325352441099428
22836,7.622070483773215
22837,5.340656841382675
22838,6.391069175220462
22839,6.367971751154753
22840,2.654331275262913
22841,2.3461555851650067
22842,8.056714604771777
22843,8.6151323450517
22844,4.943947318031553
22845,7.205102771754889
22846,7.537855128668898
22847,7.1284731172248375
22848,2.654522025723568
22849,8.897959372467366
22850,3.144996644905805
22851,6.7850815071612836
22852,3.811232940469189
22853,6.065039473208017
22854,4.632816767515987
22855,5.5793068936353
22856,6.06415273798412
22857,5.101801320320788
22858,5.1363294359215175
22859,5.013716045129329
22860,9.400954583785325
22861,4.112479803561325
22862,6.449556009320904
22863,4.237893049259582
22864,6.061552022186182
22865,8.618785251216691
22866,8.194099781857624
22867,5.452166799784129
22868,8.099966441000628
22869,4.013976581525833
22870,8.159190710651734
22871,5.659120090412386
22872,5.56089730725796
22873,6.99321918510483
22874,6.63251355071488
22875,4.840236103084871
22876,3.671542167371837
22877,7.945803450595264
22878,4.346484395213034
22879,5.82461111864113
22880,3.8649090723440604
22881,4.197755594622
22882,3.7561154751447217
22883,4.291992681296118
22884,5.068153702269903
22885,8.356766944455057
22886,8.976399595817385
22887,4.222223788712446
22888,4.48361360143797
22889,5.995766237335065
22890,6.715612719281339
22891,4.969244436329473
22892,3.8198634859545346
22893,4.738647394689735
22894,5.809210998159955
22895,7.084459986853621
22896,9.324809835887418
22897,6.030197088057392
22898,3.8902842687318833
22899,2.86912258832096
22900,5.290902090712993
22901,2.539879294337326
22902,8.218505068332671
22903,2.5732258853491627
22904,4.011960897267222
22905,7.4975972624256375
22906,8.745060717169565
22907,6.572130507735528
22908,7.252457118632246
22909,6.901396907519987
22910,8.56304485429337
22911,7.219796109732787
22912,9.522957544669598
22913,3.3326497265382704
22914,2.2264346375802777
22915,5.512097058247505
22916,3.5986519924916163
22917,6.1978395795537695
22918,4.625720728286412
22919,3.02500371271711
22920,8.979571061175529
22921,6.648415871115765
22922,3.196773051911686
22923,6.95912743146741
22924,7.0975605392547205
22925,5.680697305026724
22926,3.0440225996181254
22927,5.347830948139806
22928,7.962123982043337
22929,6.923027232391627
22930,7.133725243915978
22931,2.923284994406486
22932,5.2992742956550805
22933,7.103991705161892
22934,7.032261023093284
22935,8.247743877415152
22936,2.3608165786744975
22937,5.499265212799207
22938,5.407997651687813
22939,7.901253053691244
22940,5.190183995789318
22941,4.504093784993119
22942,8.378290227081393
22943,3.2456702338342165
22944,7.162269889629106
22945,5.018249753536409
22946,4.450700510351741
22947,6.096172457440775
22948,5.443822460009457
22949,5.097105807677497
22950,6.049305434890384
22951,6.845316578445228
22952,4.677471983244182
22953,5.447376231641687
22954,6.3732004675228495
22955,5.147738926159257
22956,2.630225946849905
22957,2.9926164618653672
22958,6.4567059596377145
22959,5.936586904925047
22960,6.742901976366196
22961,6.333034207635484
22962,7.576542272865362
22963,3.3404285128746576
22964,4.13474946238473
22965,5.252301658977968
22966,4.161979894420861
22967,4.228251123548654
22968,4.314251921340118
22969,2.603144679098568
22970,3.0869643504687363
22971,9.698157166953987
22972,6.054569893952818
22973,4.979603216083952
22974,7.958174138704507
22975,5.195546407218816
22976,2.6341186347701298
22977,3.892145248687529
22978,6.216277877558543
22979,4.530773284443403
22980,7.714388158639683
22981,7.206484741976048
22982,7.034236544881488
22983,6.129588740887199
22984,6.801521375554737
22985,5.561539317750573
22986,6.375506703307657
22987,8.516906447123468
22988,9.528526472070117
22989,6.176223291248021
22990,5.471002640835671
22991,7.4257205311015895
22992,3.672033709132733
22993,7.970819422904084
22994,3.3487979858955366
22995,4.697599941238829
22996,3.492377501635744
22997,7.32194679668071
22998,2.742238351616197
22999,6.358806284809516
23000,1.9372863263204287
23001,6.816864402853273
23002,7.710253465070977
23003,6.3384744589732644
23004,9.384262767945302
23005,6.500020261919365
23006,2.7261142798925944
23007,8.484881327477574
23008,5.088030795936187
23009,8.250747738319044
23010,5.840409242905272
23011,5.561049581930829
23012,5.078239223384634
23013,6.042801763983679
23014,7.607498049020862
23015,3.2076156577792037
23016,6.889679049366167
23017,4.804101518238342
23018,3.5638436782938454
23019,8.46633585456292
23020,6.296952176637478
23021,5.742537309107841
23022,4.687731996926045
23023,5.885091036470143
23024,4.93526085718042
23025,3.6998292161128568
23026,4.537571979496624
23027,4.225418986689947
23028,6.418465419303823
23029,5.223220415621571
23030,6.764699946348566
23031,5.754963309053501
23032,5.487033059724646
23033,4.365601645963482
23034,8.45117096265437
23035,5.463751663441245
23036,5.589757992497204
23037,5.178750049001907
23038,7.698577164296397
23039,4.889378527526722
23040,5.907066565577301
23041,2.9085103356495656
23042,6.326518262518392
23043,5.277066658904872
23044,5.85151975445423
23045,2.6033102682342015
23046,6.53979435569785
23047,7.9112215193883575
23048,3.2425472140576703
23049,4.889206136465538
23050,6.421347426913004
23051,9.81650748266155
23052,4.061593190928646
23053,4.989651756438855
23054,6.677821110526896
23055,5.8900449223205555
23056,8.047562511278434
23057,5.959139497242555
23058,8.74463911973585
23059,7.153142937004219
23060,8.19778843161827
23061,5.318086938330086
23062,6.718560876063472
23063,4.263535742799402
23064,6.570210934384384
23065,6.791364912453043
23066,3.816397399560407
23067,6.028726003691947
23068,3.824479049335837
23069,6.844083806860143
23070,3.4925229147375827
23071,5.711584789107858
23072,8.275546096465947
23073,5.5100705311621185
23074,7.45863155333416
23075,5.497667433574067
23076,5.725455771063761
23077,7.920745020317058
23078,7.05922519155675
23079,3.5700848358471786
23080,8.653755837896451
23081,7.699898543367183
23082,6.69223962033145
23083,6.764852293318192
23084,7.0594783005923585
23085,5.848513580164557
23086,5.723362550818399
23087,8.70655287028611
23088,7.253280383154179
23089,7.116809986873195
23090,4.9824192938890866
23091,6.398106418961419
23092,4.768053221173871
23093,6.429393350520936
23094,7.23930934221402
23095,5.962507784428263
23096,8.521587808963547
23097,5.49392326220589
23098,5.261969457447645
23099,8.56193894672979
23100,6.730756040784944
23101,7.411008194494617
23102,1.149824319582263
23103,7.980510582597258
23104,5.344685405976829
23105,5.40348991754589
23106,5.223697895675642
23107,4.828900770320626
23108,8.678514156025063
23109,5.333575248777523
23110,2.9183169345369793
23111,4.084802783689637
23112,7.196725355872941
23113,4.335439544777421
23114,7.300318053162554
23115,8.22727923976722
23116,0.6244654594677352
23117,6.8972390430571835
23118,6.775806490596658
23119,7.521137728609105
23120,8.782622260004075
23121,6.97923156868014
23122,8.210294432006613
23123,7.746980660851499
23124,4.935202851311647
23125,7.146520118967972
23126,7.792966261716996
23127,4.995842421288304
23128,7.6262469106248885
23129,6.100171678110964
23130,3.475115905777997
23131,5.4942065982101695
23132,7.619232288083213
23133,5.334615970582649
23134,6.323547172158042
23135,5.499452652305796
23136,8.045087533636643
23137,5.161025898181373
23138,3.8068896400196484
23139,8.563653116785138
23140,6.527257408776978
23141,5.662597950759171
23142,4.601979911697658
23143,4.084951302801044
23144,5.203291981560627
23145,5.4211971905673835
23146,7.415970530936377
23147,6.686489431420723
23148,3.93632886056669
23149,7.146741129522718
23150,7.387465712433809
23151,7.180787959869133
23152,5.767120313563041
23153,4.449023728711786
23154,5.004739908109485
23155,3.705291217846056
23156,0.6271563090642325
23157,5.783749210952573
23158,5.7568119885403055
23159,4.377321172087418
23160,6.859851827821451
23161,6.032889894543606
23162,2.450015064825463
23163,7.52068194838003
23164,3.955000469560666
23165,6.093641613202528
23166,8.565680942386818
23167,8.569798385386061
23168,7.45510236310769
23169,7.05919423856682
23170,6.596162641988255
23171,3.025355016517465
23172,8.068321745096119
23173,7.004954611956917
23174,1.084018166432587
23175,5.640995195564582
23176,5.9845880775703595
23177,7.631528098697855
23178,8.920251228044082
23179,6.771074387626718
23180,9.231614049196995
23181,5.902521587058734
23182,4.470352414074369
23183,5.257975185815949
23184,8.334204344282101
23185,7.459365867757182
23186,6.906264786786396
23187,7.352964245303416
23188,3.248518650563962
23189,5.582994274596374
23190,7.20013803094849
23191,7.99117954257658
23192,5.572792993918106
23193,8.383624358318214
23194,5.912793713743281
23195,6.169805868379389
23196,4.127366641910305
23197,4.107965066087708
23198,6.84557987769203
23199,6.7576122285028095
23200,5.365962411942164
23201,7.3118547048188836
23202,4.341216553134424
23203,5.940861778715478
23204,7.49092555993097
23205,5.8369190569681155
23206,5.354715308258464
23207,5.694385089357716
23208,2.215520787072571
23209,5.016061264436099
23210,1.558068847662342
23211,4.190671212626231
23212,6.7684912089996185
23213,3.375666265560417
23214,7.519517164865141
23215,5.419208473610139
23216,6.850046302257082
23217,3.0927124301259257
23218,6.757838977476251
23219,6.5137377163720185
23220,4.752939956641491
23221,4.768137097913834
23222,4.109701097647306
23223,4.174591189927286
23224,5.14969804591558
23225,7.295288294521818
23226,7.330402204876901
23227,6.409911753362826
23228,7.578286366569962
23229,7.066372699481539
23230,5.850237023517037
23231,6.609646549126303
23232,6.985622176257511
23233,6.43496392409585
23234,4.697334179471307
23235,3.9674366016686236
23236,6.436800831417626
23237,4.8308656102697185
23238,6.884386646140012
23239,7.047406423347724
23240,2.430767255800796
23241,5.565265947401001
23242,4.919353899904824
23243,4.412869760601861
23244,5.88354894613487
23245,6.201348496462158
23246,5.99688948717521
23247,5.840754643650126
23248,7.134907742966351
23249,4.13605795162171
23250,4.6874120460690625
23251,6.689611775760799
23252,5.950899659700382
23253,5.332811838923831
23254,1.4812043025748398
23255,8.617117857729585
23256,8.049474521593789
23257,4.392050185743373
23258,3.24726111278832
23259,9.063352311130128
23260,8.629957605978873
23261,6.152249899734402
23262,1.3075738958137961
23263,8.165775855454681
23264,7.374354404460433
23265,5.284879647160583
23266,7.062124865909043
23267,5.7386549853922055
23268,6.042047000786082
23269,8.952134126839386
23270,6.981681143254734
23271,5.567010004248555
23272,5.88200848322833
23273,7.8947234874598955
23274,6.840524570686628
23275,8.127507603805626
23276,7.367600440129981
23277,3.4865595521891883
23278,3.598912803880892
23279,5.08612405285194
23280,6.108584653426112
23281,4.705015589228461
23282,6.344092832731771
23283,5.006406466348445
23284,4.59513588426736
23285,6.037032716516405
23286,4.964703214837517
23287,5.495168297101497
23288,4.597632943699169
23289,7.301937542680488
23290,7.422634000598178
23291,6.806953082517941
23292,5.653406592629143
23293,5.851411659773685
23294,7.781827633600328
23295,6.562883174124405
23296,9.721009578475538
23297,7.117869935485789
23298,7.6645614588261335
23299,7.156208992235349
23300,5.3621171784501644
23301,4.837992332177041
23302,7.794227866066622
23303,8.308309072798778
23304,5.583508011143973
23305,4.920122996908196
23306,6.45110366234357
23307,8.208288421042216
23308,8.727933697782209
23309,5.578972441038392
23310,6.295967579570876
23311,5.159012060614336
23312,7.746652536858738
23313,3.9156542142019064
23314,6.15573964264764
23315,5.342616829985715
23316,8.859231255052617
23317,5.092256462488825
23318,8.848738083997608
23319,6.51999831919964
23320,2.589391368727579
23321,4.10705756793406
23322,8.067917653555
23323,6.717405160653879
23324,7.587462006713066
23325,7.496348261947358
23326,6.797855110260247
23327,4.066891737813537
23328,5.883024825428766
23329,4.909263999754546
23330,9.756953600481651
23331,5.655263360642213
23332,7.179246948326531
23333,5.056260425990179
23334,5.161486396321505
23335,3.9916085538768864
23336,3.2152314223655156
23337,5.323104016063292
23338,5.874612794697726
23339,7.959116870148254
23340,7.39434279075302
23341,8.91411634959341
23342,4.9996390300431095
23343,5.885834165430346
23344,6.105082272757573
23345,7.9328119880515215
23346,6.833633323120007
23347,2.9791099620238133
23348,3.8311672318203365
23349,2.008926875137216
23350,5.308925350021916
23351,5.950304814349458
23352,6.9509744189858225
23353,4.776080855720389
23354,4.149433697882233
23355,8.949365143772507
23356,6.270195278886923
23357,7.019913787337681
23358,9.564990538725398
23359,5.59795640833085
23360,5.305744275143544
23361,7.473915384354421
23362,7.887968748994346
23363,3.078259230540085
23364,4.4535278305948305
23365,4.390790610771261
23366,7.17482890828969
23367,5.421417010596111
23368,6.287682012335774
23369,4.987111745409026
23370,4.120148404657551
23371,3.7499391978996117
23372,6.217795530730481
23373,9.190159621282039
23374,4.395494486251876
23375,4.663091288132194
23376,8.955580859327547
23377,4.375506461306157
23378,3.3657575349960593
23379,6.500141504962098
23380,4.125760622733118
23381,6.6438995858493834
23382,4.51697579401327
23383,5.5437410365571065
23384,7.4532481199561955
23385,3.891536649260532
23386,3.6436921474344484
23387,4.2690853200512215
23388,3.4906049509493413
23389,2.1693198817263455
23390,4.794713322878829
23391,7.159628781345367
23392,2.1115742293585136
23393,7.72158030398967
23394,6.677878685946478
23395,4.146676214754034
23396,6.146528671486017
23397,5.95764535335589
23398,1.3127470134135293
23399,6.224773218135493
23400,9.030605647260412
23401,1.5439268248060478
23402,6.296832525518006
23403,5.152630108370622
23404,5.859622337422355
23405,4.665437839514068
23406,9.050215005577847
23407,8.604453065628718
23408,4.712801496224064
23409,2.907532936558074
23410,8.813592087041034
23411,6.237365370688477
23412,4.842252230071649
23413,7.995680763214895
23414,2.078579505061458
23415,7.442662290020994
23416,5.947174383647793
23417,6.05596123557255
23418,6.420631336474986
23419,3.7658211159295556
23420,6.97906977675159
23421,3.89734207391579
23422,7.289099467569777
23423,7.538241625168651
23424,7.824651858076713
23425,6.677963753704146
23426,7.869446366964471
23427,9.215280546455297
23428,2.39288347904197
23429,3.3851385159196035
23430,7.142703622965986
23431,5.1854112720589285
23432,7.74033887712024
23433,3.2933613403179605
23434,5.3311742394600765
23435,6.283247983773549
23436,8.094683756481173
23437,8.586619861412133
23438,4.15107756971866
23439,2.8034039625246256
23440,2.4551042636820526
23441,4.39129096774262
23442,3.897769819771707
23443,5.710852325831123
23444,5.303635399565364
23445,7.783566847876667
23446,7.13929168743303
23447,6.752700807588622
23448,3.970860947727293
23449,6.310390679717349
23450,7.462749217449357
23451,4.268594579470736
23452,7.435250552296159
23453,4.49275040685133
23454,8.090117395853609
23455,4.010619612654402
23456,6.461743676990947
23457,6.769672039200087
23458,4.257146745253008
23459,2.219019175121203
23460,3.882794017983496
23461,9.012377583704371
23462,7.623485367779877
23463,6.2427492587496145
23464,7.501864058299626
23465,5.780453844256892
23466,7.907292432801895
23467,9.422044861499598
23468,5.636542860317572
23469,4.847859363424966
23470,8.102872855782891
23471,5.122172935661859
23472,5.445876639626989
23473,8.64131716859394
23474,5.66168762827151
23475,4.198780317425375
23476,2.1346043850642316
23477,6.735665779563001
23478,6.615807687562203
23479,3.7557083807365905
23480,6.226563945871894
23481,3.910212958188673
23482,9.298854650324975
23483,5.65304506348755
23484,7.623183269790266
23485,7.546106456989271
23486,7.540210954155631
23487,6.707715466890637
23488,8.809038399806045
23489,4.665675319727665
23490,3.8413578943058777
23491,4.209206979125165
23492,4.8388513521195815
23493,8.23818478904089
23494,3.6327212791270833
23495,4.943528738837536
23496,6.874610933366201
23497,3.548524660574852
23498,3.748864070612325
23499,5.270621268184753
23500,2.6828729950921404
23501,7.106383191369486
23502,10.0
23503,7.158481668414762
23504,6.4983078250898085
23505,8.302178423107044
23506,6.601461998706441
23507,6.2704499272610335
23508,7.772101661570766
23509,10.0
23510,4.218197727783941
23511,6.703239232204666
23512,4.4615810132302745
23513,4.47622318432502
23514,6.609708290489192
23515,2.6163075107821157
23516,8.474785452504353
23517,6.482863371918608
23518,5.033209287824063
23519,4.813345779478057
23520,6.655823083467492
23521,8.205109063549992
23522,7.325490122557127
23523,6.135400730651339
23524,5.919621605211386
23525,3.9060267979381966
23526,7.561920040172302
23527,1.72226557655927
23528,3.429455286953133
23529,8.28909022199885
23530,9.091424673740304
23531,3.8210790823649354
23532,4.879394182346381
23533,6.893964888103862
23534,6.419006868820583
23535,5.675486371033912
23536,6.747356536054761
23537,1.8899702456656116
23538,7.288159703608734
23539,2.1229578090669587
23540,4.701060906720684
23541,4.420066014587071
23542,2.834283781242023
23543,5.145758264478776
23544,4.417857112381324
23545,6.101600462579873
23546,3.137344362737217
23547,8.87988005769855
23548,6.331974016065038
23549,6.4707691205719
23550,6.580928330608466
23551,5.546932951784823
23552,5.865338272766218
23553,5.249243402244951
23554,3.2288071260656386
23555,5.566740119622294
23556,6.884528460870001
23557,7.243582950295568
23558,4.357455505971288
23559,8.866995822528015
23560,6.69616147428413
23561,8.770647736990865
23562,5.526645688900381
23563,7.622980792973532
23564,4.494707642935483
23565,5.445643822999955
23566,5.862343602725733
23567,4.922800171212707
23568,5.540805561556223
23569,2.8985723465527187
23570,7.091448979197748
23571,5.595700176368405
23572,4.817298772543879
23573,4.195132532936638
23574,4.585532434420507
23575,4.82150737867532
23576,6.626828185747781
23577,6.837660508080432
23578,2.73178436124362
23579,7.072392013080084
23580,4.761770995870678
23581,4.50642186487147
23582,6.265777963043643
23583,5.722279585462496
23584,6.457967976546893
23585,4.707425291975355
23586,3.1486434350401327
23587,5.506030787801172
23588,3.763310289644421
23589,4.887962966404961
23590,9.2395394136509
23591,6.041068076173026
23592,4.490246219205917
23593,4.925121575931978
23594,3.5993359377799585
23595,7.136187212675983
23596,3.1939741100112693
23597,2.209026504393057
23598,7.611619933128869
23599,3.1822966413823393
23600,2.9908659116748835
23601,7.519307906669924
23602,6.5482246291555075
23603,5.683843521176934
23604,2.108664994590807
23605,10.0
23606,4.337846384652107
23607,4.951907048869872
23608,7.337646811662175
23609,8.687476836446052
23610,1.7325970887686375
23611,2.5412727175305037
23612,3.671343329720595
23613,7.62445111276943
23614,6.398116966599986
23615,2.883928145891399
23616,6.676515700146453
23617,6.821104818916395
23618,6.210745977188175
23619,2.3764604537582734
23620,5.3616237048024304
23621,5.321748378517977
23622,6.698066372323799
23623,7.026215606732569
23624,5.294306511096204
23625,9.054870369058978
23626,6.694277178310764
23627,6.9720729755520185
23628,1.0333301432297006
23629,9.212478641591066
23630,5.837470574100715
23631,7.172415808821482
23632,4.688827005081632
23633,7.441982918930376
23634,5.922599844589755
23635,4.516590581729846
23636,5.258487442009217
23637,5.585874973361754
23638,7.2924321092943165
23639,9.316260474212541
23640,4.669803392685688
23641,8.571735014319584
23642,4.993374089941076
23643,4.850326900645431
23644,7.8903740386736665
23645,7.2526909621488755
23646,2.0309063481103378
23647,5.816874511836364
23648,6.205040254629396
23649,5.396748183270643
23650,6.818090511201003
23651,7.423096559051688
23652,7.235720725542788
23653,6.151626087248525
23654,4.82323353657206
23655,6.889632534527836
23656,6.625857780647818
23657,5.107752719247676
23658,6.062208427976572
23659,5.174186131612678
23660,6.407605141666669
23661,6.676960465802453
23662,6.904050312528485
23663,5.2227078860332625
23664,3.2518144582019635
23665,7.424752917924257
23666,6.533952278444206
23667,8.445098113747152
23668,7.051349445050778
23669,6.869477531864981
23670,4.7352469606630905
23671,5.820102644032533
23672,9.367584945535835
23673,7.016985320987752
23674,6.56334390020486
23675,4.819495405229173
23676,6.23472885446796
23677,7.937738960811567
23678,6.2040911336201
23679,10.0
23680,3.8809348340351937
23681,6.056470221923132
23682,6.949669274388381
23683,5.969659997550189
23684,4.610063871870277
23685,4.76563941765478
23686,8.243895543248792
23687,4.760578841554675
23688,6.523818822996932
23689,6.651165329906483
23690,2.3593398376005164
23691,5.870960619641631
23692,3.968793202249689
23693,9.395254549034757
23694,6.062916329179899
23695,2.405692093971128
23696,3.9345699900735895
23697,8.239003132016789
23698,7.362702686413094
23699,3.5712673493573606
23700,6.586798312691537
23701,4.935971761632226
23702,4.843843432325828
23703,7.937491969298572
23704,6.529874546728439
23705,7.501176202607739
23706,5.745519857583955
23707,7.159684791976469
23708,6.175500926274678
23709,6.705218237567299
23710,5.5036215532786645
23711,1.6848053156383103
23712,6.95574737231113
23713,5.592180764673952
23714,8.046082739571647
23715,2.7361355897192974
23716,3.640904001802279
23717,8.69973657676436
23718,5.056338460906845
23719,7.57490530731436
23720,5.478044719416671
23721,3.273985784356186
23722,1.2017209614971263
23723,5.373754492089535
23724,4.6830615104375415
23725,4.682763890072588
23726,5.773919859631167
23727,5.440001851393495
23728,7.103684367834351
23729,9.072209661173297
23730,1.4440491752362576
23731,4.069481351988766
23732,5.903659984886438
23733,6.325904131900981
23734,8.626297440243883
23735,6.28096478924834
23736,3.3353118329467892
23737,7.446582792051337
23738,4.890120535350578
23739,8.877488942711668
23740,8.868897745009253
23741,2.489590083320381
23742,4.329643849099987
23743,5.089538110383192
23744,7.701181841244116
23745,7.870472146236255
23746,2.3123174479036455
23747,8.126172101501611
23748,7.678507329094907
23749,7.735234282177579
23750,5.077280490820195
23751,4.4885420787171615
23752,5.890193411168601
23753,7.778454550367012
23754,6.636122377081341
23755,7.562989718540375
23756,3.743153455297633
23757,4.1829063140549545
23758,4.787271842701529
23759,5.435418454752529
23760,7.766898709890695
23761,3.2364379196923467
23762,5.176734294018045
23763,4.678547974177748
23764,7.759663717076267
23765,4.887911694794113
23766,1.641854802438218
23767,6.395096955566951
23768,4.4154849223729205
23769,5.073103925871149
23770,2.9079289390680967
23771,6.417598757686788
23772,4.103832774551672
23773,9.877274146343943
23774,7.564803223315088
23775,7.628447246216593
23776,5.9731452728059615
23777,8.1620636356304
23778,5.816881059954709
23779,3.558423543522604
23780,2.9700480754848
23781,2.810149032259467
23782,3.2617305317582064
23783,6.602711066421074
23784,5.184947259959904
23785,6.919049469311263
23786,7.351600060645135
23787,7.9042590293181165
23788,6.86738855863066
23789,6.596429018086322
23790,3.30696177795759
23791,3.1174427804498013
23792,7.1555716514940695
23793,6.2378517366167525
23794,6.888620483819802
23795,3.4306413077162263
23796,5.540432034110114
23797,7.1780075969332415
23798,5.896383390976348
23799,7.5000636702529135
23800,2.770581945311713
23801,7.051735518593754
23802,6.846152612501639
23803,4.854367009508406
23804,5.060382752913643
23805,6.415320865102055
23806,6.213077863554538
23807,7.427069351946235
23808,3.1499035035366205
23809,0.8561826226161627
23810,3.763352912121614
23811,4.898915807024926
23812,2.62737689276896
23813,2.260507783241446
23814,6.505883926576305
23815,5.716924184906267
23816,3.594602437821067
23817,4.093086485781799
23818,5.905471189607188
23819,8.656421490134804
23820,9.143189178831996
23821,8.236453603607597
23822,5.913407086419987
23823,7.092017381958324
23824,7.842924179619466
23825,6.441758814407629
23826,6.317248079544271
23827,4.178200893149521
23828,7.5085963845731865
23829,4.568234536138219
23830,6.784372002259967
23831,0.15298347595953096
23832,3.798636228118448
23833,1.5317159036337515
23834,8.3258623021076
23835,2.5333754025893978
23836,5.809938981829142
23837,5.540103276739886
23838,3.2841868294534526
23839,5.161718278873883
23840,2.347187761524808
23841,5.022508235100252
23842,6.329052934839002
23843,7.237362077762795
23844,2.018642338941743
23845,4.128224462135092
23846,4.128071668720699
23847,8.800584356383245
23848,3.712510981532711
23849,7.726051816193508
23850,7.436121870912942
23851,5.071486450832751
23852,7.323207307850504
23853,8.695110337306854
23854,3.8845818082763253
23855,6.943251722861474
23856,7.0985194057022145
23857,6.063059644167984
23858,2.979855648531123
23859,9.071213045902674
23860,4.801602379078071
23861,8.343235229504128
23862,7.7158810071727295
23863,7.876738948324029
23864,2.2476633629014957
23865,7.252037489952025
23866,4.064420888896851
23867,4.067462571792919
23868,4.01199889728425
23869,5.449643116547588
23870,4.58102424214773
23871,10.0
23872,6.032870471402054
23873,4.719399582512929
23874,3.9372982266425725
23875,6.752817342555028
23876,9.358379166291105
23877,6.760940393419465
23878,7.482779163453314
23879,5.208395482050705
23880,6.569507887950271
23881,1.1651205050021507
23882,7.755692910691092
23883,2.3428575856970024
23884,5.030789162883195
23885,3.9929277130692755
23886,7.209927080924878
23887,6.111403788733355
23888,5.756275256824244
23889,4.836038866088391
23890,8.74315516194699
23891,6.995699782323115
23892,5.7066799700987545
23893,6.025030776729064
23894,4.037255142283537
23895,4.373214373326853
23896,3.467111830539971
23897,6.574944496452577
23898,7.434093753817132
23899,2.791274263427449
23900,2.5754092771219286
23901,6.855704484067081
23902,5.47264812097016
23903,6.72248064136846
23904,6.543745628429699
23905,8.248574030855679
23906,7.433162262583329
23907,7.149501258998333
23908,3.5213928540051382
23909,7.16820976470596
23910,7.345752391367393
23911,6.180003211921677
23912,7.2908213209031505
23913,6.0104426590822495
23914,5.840492073158114
23915,8.51524978609754
23916,5.366825581012364
23917,2.8831493592283968
23918,5.174811891507246
23919,4.437191974548592
23920,8.70117423928096
23921,7.345368580937919
23922,1.2398408979273463
23923,5.4995564258728376
23924,6.664875130095162
23925,4.069921356995943
23926,6.930635779026318
23927,8.143811633809452
23928,1.1528909827700105
23929,4.976082722055684
23930,4.0749698176039475
23931,3.372476916358724
23932,4.958483799210072
23933,6.109830152191133
23934,6.044524125113813
23935,5.631511550841719
23936,3.751927827305873
23937,5.494683509607514
23938,4.837039800168217
23939,2.474794713454634
23940,5.959358617205236
23941,5.499446155101919
23942,4.029799246976375
23943,8.4324082265186
23944,6.979894519107714
23945,5.595372858235624
23946,8.756728460933385
23947,5.1168200573804326
23948,4.396001093281956
23949,4.6476253773117975
23950,6.598364541522502
23951,5.601411950943193
23952,6.875801504590116
23953,5.688289061194371
23954,7.913893088314055
23955,2.0430099913167212
23956,2.644596577041471
23957,4.148039346000328
23958,8.18603005024023
23959,9.982854661057994
23960,5.089476781738776
23961,6.276510779884042
23962,4.783844806790384
23963,4.218292726547384
23964,6.162522787377071
23965,4.5372294175075805
23966,1.8626619548976593
23967,6.1669583499969995
23968,6.8300199647658895
23969,5.729866317995585
23970,4.844243674181758
23971,6.936195139988885
23972,2.657200038004419
23973,7.478539353600901
23974,7.0536506717259355
23975,8.308125080757176
23976,5.2475329268202415
23977,8.36386395887221
23978,7.423653035102442
23979,8.262409133455094
23980,3.8140348762802656
23981,8.503158072470827
23982,6.974986601255225
23983,5.184208087029861
23984,5.1607448734860135
23985,8.000197630990796
23986,6.184609882499165
23987,7.046858688163031
23988,6.160701505958503
23989,4.921416873680098
23990,3.813600114434043
23991,6.479628007406744
23992,4.16390509973915
23993,8.685832967403828
23994,5.463063198537867
23995,6.498205495196059
23996,3.495740447853997
23997,3.6846455051228677
23998,5.382278332711819
23999,5.205103141656959
24000,3.3428137834943787
